page_no,series,standard,thread_form,size,size_system,pitch_or_tpi,grade,edp_code,price_per_piece,moq_flag,source_note
12,TOTEM Silver Cut,,metric,M2,metric,0.4,SA1 (BRIGHT),FAB0208213,1112,,
12,TOTEM Silver Cut,,metric,M2,metric,0.4,SA3 (TIN),FAB0205713,1181,,
12,TOTEM Silver Cut,,metric,M2,metric,0.4,SA4 (TIALN),FAB0208215,1220,,
12,TOTEM Silver Cut,,metric,M2,metric,0.4,SAF3 (TIN),FAB0208217,1181,,
12,TOTEM Silver Cut,,metric,M2,metric,0.4,SAF5 (TICN),FAB0208219,1220,,
12,TOTEM Silver Cut,,metric,M2.5,metric,0.45,SA1 (BRIGHT),FAB0208214,1112,,
12,TOTEM Silver Cut,,metric,M2.5,metric,0.45,SA3 (TIN),FAB0207639,1181,,
12,TOTEM Silver Cut,,metric,M2.5,metric,0.45,SA4 (TIALN),FAB0208216,1220,,
12,TOTEM Silver Cut,,metric,M2.5,metric,0.45,SAF3 (TIN),FAB0208218,1181,,
12,TOTEM Silver Cut,,metric,M2.5,metric,0.45,SAF5 (TICN),FAB0208220,1220,,
12,TOTEM Silver Cut,,metric,M3,metric,0.5,SA1 (BRIGHT),FAB0203112,693,,
12,TOTEM Silver Cut,,metric,M3,metric,0.5,SA3 (TIN),FAB0203123,776,,
12,TOTEM Silver Cut,,metric,M3,metric,0.5,SA4 (TIALN),FAB0204205,921,,
12,TOTEM Silver Cut,,metric,M3,metric,0.5,SAF3 (TIN),FAB0204217,776,,
12,TOTEM Silver Cut,,metric,M3,metric,0.5,SAF5 (TICN),FAB0204229,921,,
12,TOTEM Silver Cut,,metric,M3.5,metric,0.6,SA1 (BRIGHT),FAB0203113,693,,
12,TOTEM Silver Cut,,metric,M3.5,metric,0.6,SA3 (TIN),FAB0203124,776,,
12,TOTEM Silver Cut,,metric,M3.5,metric,0.6,SA4 (TIALN),FAB0204206,921,,
12,TOTEM Silver Cut,,metric,M3.5,metric,0.6,SAF3 (TIN),FAB0204218,776,,
12,TOTEM Silver Cut,,metric,M3.5,metric,0.6,SAF5 (TICN),FAB0204230,921,,
12,TOTEM Silver Cut,,metric,M4,metric,0.7,SA1 (BRIGHT),FAB0203114,693,,
12,TOTEM Silver Cut,,metric,M4,metric,0.7,SA3 (TIN),FAB0203125,776,,
12,TOTEM Silver Cut,,metric,M4,metric,0.7,SA4 (TIALN),FAB0204207,921,,
12,TOTEM Silver Cut,,metric,M4,metric,0.7,SAF3 (TIN),FAB0204219,776,,
12,TOTEM Silver Cut,,metric,M4,metric,0.7,SAF5 (TICN),FAB0204231,921,,
12,TOTEM Silver Cut,DIN 371,metric,M5,metric,0.8,SA1 (BRIGHT),FAB0203115,725,,
12,TOTEM Silver Cut,DIN 371,metric,M5,metric,0.8,SA3 (TIN),FAB0203126,813,,
12,TOTEM Silver Cut,DIN 371,metric,M5,metric,0.8,SA4 (TIALN),FAB0204208,963,,
12,TOTEM Silver Cut,DIN 371,metric,M5,metric,0.8,SAF3 (TIN),FAB0204220,813,,
12,TOTEM Silver Cut,DIN 371,metric,M5,metric,0.8,SAF5 (TICN),FAB0204232,963,,
12,TOTEM Silver Cut,DIN 371,metric,M6,metric,1,SA1 (BRIGHT),FAB0203116,725,,
12,TOTEM Silver Cut,DIN 371,metric,M6,metric,1,SA3 (TIN),FAB0203127,813,,
12,TOTEM Silver Cut,DIN 371,metric,M6,metric,1,SA4 (TIALN),FAB0204209,963,,
12,TOTEM Silver Cut,DIN 371,metric,M6,metric,1,SAF3 (TIN),FAB0204221,813,,
12,TOTEM Silver Cut,DIN 371,metric,M6,metric,1,SAF5 (TICN),FAB0204233,963,,
12,TOTEM Silver Cut,DIN 371,metric,M7,metric,1,SA1 (BRIGHT),FAB0203117,814,,
12,TOTEM Silver Cut,DIN 371,metric,M7,metric,1,SA3 (TIN),FAB0203128,912,,
12,TOTEM Silver Cut,DIN 371,metric,M7,metric,1,SA4 (TIALN),FAB0208221,1074,,
12,TOTEM Silver Cut,DIN 371,metric,M7,metric,1,SAF3 (TIN),FAB0208222,912,,
12,TOTEM Silver Cut,DIN 371,metric,M7,metric,1,SAF5 (TICN),FAB0208223,1074,,
12,TOTEM Silver Cut,DIN 371,metric,M8,metric,1.25,SA1 (BRIGHT),FAB0203118,814,,
12,TOTEM Silver Cut,DIN 371,metric,M8,metric,1.25,SA3 (TIN),FAB0203129,912,,
12,TOTEM Silver Cut,DIN 371,metric,M8,metric,1.25,SA4 (TIALN),FAB0204210,1074,,
12,TOTEM Silver Cut,DIN 371,metric,M8,metric,1.25,SAF3 (TIN),FAB0204222,912,,
12,TOTEM Silver Cut,DIN 371,metric,M8,metric,1.25,SAF5 (TICN),FAB0204234,1074,,
12,TOTEM Silver Cut,DIN 371,metric,M10,metric,1.5,SA1 (BRIGHT),FAB0203119,1007,,
12,TOTEM Silver Cut,DIN 371,metric,M10,metric,1.5,SA3 (TIN),FAB0203130,1126,,
12,TOTEM Silver Cut,DIN 371,metric,M10,metric,1.5,SA4 (TIALN),FAB0204211,1330,,
12,TOTEM Silver Cut,DIN 371,metric,M10,metric,1.5,SAF3 (TIN),FAB0204223,1126,,
12,TOTEM Silver Cut,DIN 371,metric,M10,metric,1.5,SAF5 (TICN),FAB0204235,1330,,
12,TOTEM Silver Cut,DIN 371,metric,M12,metric,1.75,SA1 (BRIGHT),FAB0203120,1892,,
12,TOTEM Silver Cut,DIN 371,metric,M12,metric,1.75,SA3 (TIN),FAB0203131,2156,,
12,TOTEM Silver Cut,DIN 371,metric,M12,metric,1.75,SA4 (TIALN),FAB0204212,2812,,
12,TOTEM Silver Cut,DIN 371,metric,M12,metric,1.75,SAF3 (TIN),FAB0204224,2156,,
12,TOTEM Silver Cut,DIN 371,metric,M12,metric,1.75,SAF5 (TICN),FAB0204236,2812,,
12,TOTEM Silver Cut,DIN 371,metric,M14,metric,2,SA1 (BRIGHT),FAB0203121,2748,,
12,TOTEM Silver Cut,DIN 371,metric,M14,metric,2,SA3 (TIN),FAB0203132,3077,,
12,TOTEM Silver Cut,DIN 371,metric,M14,metric,2,SA4 (TIALN),FAB0204213,3623,,
12,TOTEM Silver Cut,DIN 371,metric,M14,metric,2,SAF3 (TIN),FAB0204225,3077,,
12,TOTEM Silver Cut,DIN 371,metric,M14,metric,2,SAF5 (TICN),FAB0204237,3623,,
12,TOTEM Silver Cut,DIN 371,metric,M16,metric,2,SA1 (BRIGHT),FAB0203122,2748,,
12,TOTEM Silver Cut,DIN 371,metric,M16,metric,2,SA3 (TIN),FAB0203133,3077,,
12,TOTEM Silver Cut,DIN 371,metric,M16,metric,2,SA4 (TIALN),FAB0204214,3623,,
12,TOTEM Silver Cut,DIN 371,metric,M16,metric,2,SAF3 (TIN),FAB0204226,3077,,
12,TOTEM Silver Cut,DIN 371,metric,M16,metric,2,SAF5 (TICN),FAB0204238,3623,,
12,TOTEM Silver Cut,DIN 371,metric,M18,metric,2.5,SA1 (BRIGHT),FAB0204201,4347,,
12,TOTEM Silver Cut,DIN 371,metric,M18,metric,2.5,SA3 (TIN),FAB0204203,4775,,
12,TOTEM Silver Cut,DIN 371,metric,M18,metric,2.5,SA4 (TIALN),FAB0204215,4990,,
12,TOTEM Silver Cut,DIN 371,metric,M18,metric,2.5,SAF3 (TIN),FAB0204227,4775,,
12,TOTEM Silver Cut,DIN 371,metric,M18,metric,2.5,SAF5 (TICN),FAB0204239,4990,,
12,TOTEM Silver Cut,DIN 376,metric,M20,metric,2.5,SA1 (BRIGHT),FAB0204202,5346,,
12,TOTEM Silver Cut,DIN 376,metric,M20,metric,2.5,SA3 (TIN),FAB0204204,5774,,
12,TOTEM Silver Cut,DIN 376,metric,M20,metric,2.5,SA4 (TIALN),FAB0204216,5987,,
12,TOTEM Silver Cut,DIN 376,metric,M20,metric,2.5,SAF3 (TIN),FAB0204228,5774,,
12,TOTEM Silver Cut,DIN 376,metric,M20,metric,2.5,SAF5 (TICN),FAB0204240,5987,,
12,TOTEM Silver Cut,DIN 376,metric,M22,metric,2.5,SA1 (BRIGHT),FAB0204820,5247,,
12,TOTEM Silver Cut,DIN 376,metric,M22,metric,2.5,SA3 (TIN),FAB0207633,5746,,
12,TOTEM Silver Cut,DIN 376,metric,M22,metric,2.5,SA4 (TIALN),FAB0204865,5913,,
12,TOTEM Silver Cut,DIN 376,metric,M22,metric,2.5,SAF3 (TIN),FAB0204901,5746,,
12,TOTEM Silver Cut,DIN 376,metric,M22,metric,2.5,SAF5 (TICN),FAB0204927,5913,,
12,TOTEM Silver Cut,DIN 376,metric,M24,metric,3,SA1 (BRIGHT),FAB0204821,5963,,
12,TOTEM Silver Cut,DIN 376,metric,M24,metric,3,SA3 (TIN),FAB0204185,6461,,
12,TOTEM Silver Cut,DIN 376,metric,M24,metric,3,SA4 (TIALN),FAB0204866,6628,,
12,TOTEM Silver Cut,DIN 376,metric,M24,metric,3,SAF3 (TIN),FAB0207242,6461,,
12,TOTEM Silver Cut,DIN 376,metric,M24,metric,3,SAF5 (TICN),FAB0204928,6628,,
12,TOTEM Silver Cut,DIN 376,metric,M27,metric,3,SA1 (BRIGHT),FAB0208224,8868,,
12,TOTEM Silver Cut,DIN 376,metric,M27,metric,3,SA3 (TIN),FAB0208225,9368,,
12,TOTEM Silver Cut,DIN 376,metric,M27,metric,3,SA4 (TIALN),FAB0208226,9534,,
12,TOTEM Silver Cut,DIN 376,metric,M27,metric,3,SAF3 (TIN),FAB0208227,9368,,
12,TOTEM Silver Cut,DIN 376,metric,M27,metric,3,SAF5 (TICN),FAB0208228,9534,,
12,TOTEM Silver Cut,DIN 376,metric,MF8,metric,1,SA1 (BRIGHT),FAB0204242,1029,,
12,TOTEM Silver Cut,DIN 376,metric,MF8,metric,1,SA3 (TIN),FAB0204253,1174,,
12,TOTEM Silver Cut,DIN 376,metric,MF8,metric,1,SA4 (TIALN),FAB0204264,1720,,
12,TOTEM Silver Cut,DIN 376,metric,MF8,metric,1,SAF3 (TIN),FAB0204544,1174,,
12,TOTEM Silver Cut,DIN 376,metric,MF8,metric,1,SAF5 (TICN),FAB0204550,1720,,
12,TOTEM Silver Cut,DIN 376,metric,MF10,metric,1.25,SA1 (BRIGHT),FAB0204243,1364,,
12,TOTEM Silver Cut,DIN 376,metric,MF10,metric,1.25,SA3 (TIN),FAB0204254,1554,,
12,TOTEM Silver Cut,DIN 376,metric,MF10,metric,1.25,SA4 (TIALN),FAB0204265,2151,,
12,TOTEM Silver Cut,DIN 376,metric,MF10,metric,1.25,SAF3 (TIN),FAB0204545,1554,,
12,TOTEM Silver Cut,DIN 376,metric,MF10,metric,1.25,SAF5 (TICN),FAB0204551,2151,,
12,TOTEM Silver Cut,DIN 376,metric,MF10,metric,1,SA1 (BRIGHT),FAB0204244,1364,,
12,TOTEM Silver Cut,DIN 376,metric,MF10,metric,1,SA3 (TIN),FAB0204255,1554,,
12,TOTEM Silver Cut,DIN 376,metric,MF10,metric,1,SA4 (TIALN),FAB0204266,2151,,
12,TOTEM Silver Cut,DIN 376,metric,MF10,metric,1,SAF3 (TIN),FAB0204903,1554,,
12,TOTEM Silver Cut,DIN 376,metric,MF10,metric,1,SAF5 (TICN),FAB0204929,2151,,
12,TOTEM Silver Cut,DIN 376,metric,MF12,metric,1.25,SA1 (BRIGHT),FAB0204246,2178,,
12,TOTEM Silver Cut,DIN 376,metric,MF12,metric,1.25,SA3 (TIN),FAB0204257,2483,,
12,TOTEM Silver Cut,DIN 376,metric,MF12,metric,1.25,SA4 (TIALN),FAB0204268,3237,,
12,TOTEM Silver Cut,DIN 376,metric,MF12,metric,1.25,SAF3 (TIN),FAB0204546,2483,,
12,TOTEM Silver Cut,DIN 376,metric,MF12,metric,1.25,SAF5 (TICN),FAB0204552,3237,,
12,TOTEM Silver Cut,DIN 376,metric,MF12,metric,1.5,SA1 (BRIGHT),FAB0204245,2178,,
12,TOTEM Silver Cut,DIN 376,metric,MF12,metric,1.5,SA3 (TIN),FAB0204256,2483,,
12,TOTEM Silver Cut,DIN 376,metric,MF12,metric,1.5,SA4 (TIALN),FAB0204267,3237,,
12,TOTEM Silver Cut,DIN 376,metric,MF12,metric,1.5,SAF3 (TIN),FAB0204547,2483,,
12,TOTEM Silver Cut,DIN 376,metric,MF12,metric,1.5,SAF5 (TICN),FAB0204553,3237,,
12,TOTEM Silver Cut,DIN 376,metric,MF14,metric,1.5,SA1 (BRIGHT),FAB0204247,2595,,
12,TOTEM Silver Cut,DIN 376,metric,MF14,metric,1.5,SA3 (TIN),FAB0204258,2958,,
12,TOTEM Silver Cut,DIN 376,metric,MF14,metric,1.5,SA4 (TIALN),FAB0204269,3795,,
12,TOTEM Silver Cut,DIN 376,metric,MF14,metric,1.5,SAF3 (TIN),FAB0204548,2958,,
12,TOTEM Silver Cut,DIN 376,metric,MF14,metric,1.5,SAF5 (TICN),FAB0203818,3795,,
12,TOTEM Silver Cut,DIN 376,metric,MF16,metric,1.5,SA1 (BRIGHT),FAB0204249,2595,,
12,TOTEM Silver Cut,DIN 376,metric,MF16,metric,1.5,SA3 (TIN),FAB0204260,2958,,
12,TOTEM Silver Cut,DIN 376,metric,MF16,metric,1.5,SA4 (TIALN),FAB0204271,3977,,
12,TOTEM Silver Cut,DIN 376,metric,MF16,metric,1.5,SAF3 (TIN),FAB0204549,2958,,
12,TOTEM Silver Cut,DIN 376,metric,MF16,metric,1.5,SAF5 (TICN),FAB0204555,3977,,
12,TOTEM Silver Cut,DIN 374,metric,M18,metric,1.5,SA1 (BRIGHT),FAB0204250,3436,,
12,TOTEM Silver Cut,DIN 374,metric,M18,metric,1.5,SA3 (TIN),FAB0204261,3864,,
12,TOTEM Silver Cut,DIN 374,metric,M18,metric,1.5,SA4 (TIALN),FAB0204272,4079,,
12,TOTEM Silver Cut,DIN 374,metric,M18,metric,1.5,SAF3 (TIN),FAB0204904,3864,,
12,TOTEM Silver Cut,DIN 374,metric,M18,metric,1.5,SAF5 (TICN),FAB0204930,4079,,
12,TOTEM Silver Cut,DIN 374,metric,M20,metric,1.5,SA1 (BRIGHT),FAB0204251,5442,,
12,TOTEM Silver Cut,DIN 374,metric,M20,metric,1.5,SA3 (TIN),FAB0204262,5870,,
12,TOTEM Silver Cut,DIN 374,metric,M20,metric,1.5,SA4 (TIALN),FAB0204273,6084,,
12,TOTEM Silver Cut,DIN 374,metric,M20,metric,1.5,SAF3 (TIN),FAB0204905,5870,,
12,TOTEM Silver Cut,DIN 374,metric,M20,metric,1.5,SAF5 (TICN),FAB0204931,6084,,
12,TOTEM Silver Cut,DIN 374,metric,M22,metric,1.5,SA1 (BRIGHT),FAB0204822,5514,,
12,TOTEM Silver Cut,DIN 374,metric,M22,metric,1.5,SA3 (TIN),FAB0204848,6014,,
12,TOTEM Silver Cut,DIN 374,metric,M22,metric,1.5,SA4 (TIALN),FAB0204867,6180,,
12,TOTEM Silver Cut,DIN 374,metric,M22,metric,1.5,SAF3 (TIN),FAB0204906,6014,,
12,TOTEM Silver Cut,DIN 374,metric,M22,metric,1.5,SAF5 (TICN),FAB0204932,6180,,
12,TOTEM Silver Cut,DIN 374,metric,M24,metric,1.5,SA1 (BRIGHT),FAB0204823,6145,,
12,TOTEM Silver Cut,DIN 374,metric,M24,metric,1.5,SA3 (TIN),FAB0204849,6643,,
12,TOTEM Silver Cut,DIN 374,metric,M24,metric,1.5,SA4 (TIALN),FAB0204868,6810,,
12,TOTEM Silver Cut,DIN 374,metric,M24,metric,1.5,SAF3 (TIN),FAB0204907,6643,,
12,TOTEM Silver Cut,DIN 374,metric,M24,metric,1.5,SAF5 (TICN),FAB0204933,6810,,
12,TOTEM Silver Cut,DIN 374,metric,M27,metric,1.5,SA1 (BRIGHT),FAB0208229,9686,,
12,TOTEM Silver Cut,DIN 374,metric,M27,metric,1.5,SA3 (TIN),FAB0208230,10185,,
12,TOTEM Silver Cut,DIN 374,metric,M27,metric,1.5,SA4 (TIALN),FAB0208231,10351,,
12,TOTEM Silver Cut,DIN 374,metric,M27,metric,1.5,SAF3 (TIN),FAB0208232,10185,,
12,TOTEM Silver Cut,DIN 374,metric,M27,metric,1.5,SAF5 (TICN),FAB0208233,10351,,
12,TOTEM Silver Cut,DIN 374,metric,M30,metric,1.5,SA1 (BRIGHT),FAB0208234,11094,,
12,TOTEM Silver Cut,DIN 374,metric,M30,metric,1.5,SA3 (TIN),FAB0208235,11593,,
12,TOTEM Silver Cut,DIN 374,metric,M30,metric,1.5,SA4 (TIALN),FAB0208236,11759,,
12,TOTEM Silver Cut,DIN 374,metric,M30,metric,1.5,SAF3 (TIN),FAB0208237,11593,,
12,TOTEM Silver Cut,DIN 374,metric,M30,metric,1.5,SAF5 (TICN),FAB0208238,11759,,
12,TOTEM Silver Cut,DIN 374,metric,M33,metric,1.5,SA1 (BRIGHT),FAB0208239,13540,,
12,TOTEM Silver Cut,DIN 374,metric,M33,metric,1.5,SA3 (TIN),FAB0208240,14268,,
12,TOTEM Silver Cut,DIN 374,metric,M33,metric,1.5,SA4 (TIALN),FAB0208241,14705,,
12,TOTEM Silver Cut,DIN 374,metric,M33,metric,1.5,SAF3 (TIN),FAB0208242,14268,,
12,TOTEM Silver Cut,DIN 374,metric,M33,metric,1.5,SAF5 (TICN),FAB0208243,14705,,
13,TOTEM Silver Cut,IS 6175,metric,IS,inch,6175,SA1 (BRIGHT),FAB0208244,1065,,
13,TOTEM Silver Cut,IS 6175,metric,IS,inch,6175,SA3 (TIN),FAB0205713,1130,,
13,TOTEM Silver Cut,IS 6175,metric,IS,inch,6175,SA4 (TIALN),FAB0208246,1173,,
13,TOTEM Silver Cut,IS 6175,metric,IS,inch,6175,SAF3 (TIN),FAB0208248,1130,,
13,TOTEM Silver Cut,IS 6175,metric,IS,inch,6175,SAF5 (TICN),FAB0208250,1173,,
13,TOTEM Silver Cut,IS 6175,metric,Part,inch,I,SA1 (BRIGHT),FAB0208245,1065,,
13,TOTEM Silver Cut,IS 6175,metric,Part,inch,I,SA3 (TIN),FAB0206402,1130,,
13,TOTEM Silver Cut,IS 6175,metric,Part,inch,I,SA4 (TIALN),FAB0208247,1173,,
13,TOTEM Silver Cut,IS 6175,metric,Part,inch,I,SAF3 (TIN),FAB0208249,1130,,
13,TOTEM Silver Cut,IS 6175,metric,Part,inch,I,SAF5 (TICN),FAB0208251,1173,,
13,TOTEM Silver Cut,IS 6175,metric,M3,metric,0.5,SA1 (BRIGHT),FAB0200647,681,,
13,TOTEM Silver Cut,IS 6175,metric,M3,metric,0.5,SA3 (TIN),FAB0200648,774,,
13,TOTEM Silver Cut,IS 6175,metric,M3,metric,0.5,SA4 (TIALN),FAB0203044,802,,
13,TOTEM Silver Cut,IS 6175,metric,M3,metric,0.5,SAF3 (TIN),FAB0203060,774,,
13,TOTEM Silver Cut,IS 6175,metric,M3,metric,0.5,SAF5 (TICN),FAB0203077,802,,
13,TOTEM Silver Cut,IS 6175,metric,M3.5,metric,0.6,SA1 (BRIGHT),FAB0200653,681,,
13,TOTEM Silver Cut,IS 6175,metric,M3.5,metric,0.6,SA3 (TIN),FAB0200654,774,,
13,TOTEM Silver Cut,IS 6175,metric,M3.5,metric,0.6,SA4 (TIALN),FAB0203045,802,,
13,TOTEM Silver Cut,IS 6175,metric,M3.5,metric,0.6,SAF3 (TIN),FAB0205116,774,,
13,TOTEM Silver Cut,IS 6175,metric,M3.5,metric,0.6,SAF5 (TICN),FAB0205120,802,,
13,TOTEM Silver Cut,IS 6175,metric,M4,metric,0.7,SA1 (BRIGHT),FAB0200659,681,,
13,TOTEM Silver Cut,IS 6175,metric,M4,metric,0.7,SA3 (TIN),FAB0200661,774,,
13,TOTEM Silver Cut,IS 6175,metric,M4,metric,0.7,SA4 (TIALN),FAB0200662,802,,
13,TOTEM Silver Cut,IS 6175,metric,M4,metric,0.7,SAF3 (TIN),FAB0203061,774,,
13,TOTEM Silver Cut,IS 6175,metric,M4,metric,0.7,SAF5 (TICN),FAB0203078,802,,
13,TOTEM Silver Cut,IS 6175,metric,IS,inch,6175,SA1 (BRIGHT),FAB0200671,703,,
13,TOTEM Silver Cut,IS 6175,metric,IS,inch,6175,SA3 (TIN),FAB0200673,806,,
13,TOTEM Silver Cut,IS 6175,metric,IS,inch,6175,SA4 (TIALN),FAB0203046,837,,
13,TOTEM Silver Cut,IS 6175,metric,IS,inch,6175,SAF3 (TIN),FAB0203062,806,,
13,TOTEM Silver Cut,IS 6175,metric,IS,inch,6175,SAF5 (TICN),FAB0203079,837,,
13,TOTEM Silver Cut,IS 6175,metric,Part,inch,II,SA1 (BRIGHT),FAB0200682,703,,
13,TOTEM Silver Cut,IS 6175,metric,Part,inch,II,SA3 (TIN),FAB0200684,806,,
13,TOTEM Silver Cut,IS 6175,metric,Part,inch,II,SA4 (TIALN),FAB0200685,837,,
13,TOTEM Silver Cut,IS 6175,metric,Part,inch,II,SAF3 (TIN),FAB0203063,806,,
13,TOTEM Silver Cut,IS 6175,metric,Part,inch,II,SAF5 (TICN),FAB0203080,837,,
13,TOTEM Silver Cut,IS 6175,metric,M8,metric,1.25,SA1 (BRIGHT),FAB0200694,801,,
13,TOTEM Silver Cut,IS 6175,metric,M8,metric,1.25,SA3 (TIN),FAB0200696,903,,
13,TOTEM Silver Cut,IS 6175,metric,M8,metric,1.25,SA4 (TIALN),FAB0200697,941,,
13,TOTEM Silver Cut,IS 6175,metric,M8,metric,1.25,SAF3 (TIN),FAB0203065,903,,
13,TOTEM Silver Cut,IS 6175,metric,M8,metric,1.25,SAF5 (TICN),FAB0203082,941,,
13,TOTEM Silver Cut,IS 6175,metric,M7,metric,1,SA1 (BRIGHT),FAB0203033,977,,
13,TOTEM Silver Cut,IS 6175,metric,M7,metric,1,SA3 (TIN),FAB0203040,1124,,
13,TOTEM Silver Cut,IS 6175,metric,M7,metric,1,SA4 (TIALN),FAB0203047,1162,,
13,TOTEM Silver Cut,IS 6175,metric,M7,metric,1,SAF3 (TIN),FAB0205117,1124,,
13,TOTEM Silver Cut,IS 6175,metric,M7,metric,1,SAF5 (TICN),FAB0205121,941,,
13,TOTEM Silver Cut,IS 6175,metric,M10,metric,1.5,SA1 (BRIGHT),FAB0200718,982,,
13,TOTEM Silver Cut,IS 6175,metric,M10,metric,1.5,SA3 (TIN),FAB0200720,1131,,
13,TOTEM Silver Cut,IS 6175,metric,M10,metric,1.5,SA4 (TIALN),FAB0200721,1162,,
13,TOTEM Silver Cut,IS 6175,metric,M10,metric,1.5,SAF3 (TIN),FAB0203068,1131,,
13,TOTEM Silver Cut,IS 6175,metric,M10,metric,1.5,SAF5 (TICN),FAB0203085,1162,,
13,TOTEM Silver Cut,IS 6175,metric,M12,metric,1.75,SA1 (BRIGHT),FAB0200749,1518,,
13,TOTEM Silver Cut,IS 6175,metric,M12,metric,1.75,SA3 (TIN),FAB0200751,1734,,
13,TOTEM Silver Cut,IS 6175,metric,M12,metric,1.75,SA4 (TIALN),FAB0203052,1794,,
13,TOTEM Silver Cut,IS 6175,metric,M12,metric,1.75,SAF3 (TIN),FAB0203070,1734,,
13,TOTEM Silver Cut,IS 6175,metric,M12,metric,1.75,SAF5 (TICN),FAB0203087,1794,,
13,TOTEM Silver Cut,IS 6175,metric,M14,metric,2,SA1 (BRIGHT),FAB0200778,2034,,
13,TOTEM Silver Cut,IS 6175,metric,M14,metric,2,SA3 (TIN),FAB0200780,2342,,
13,TOTEM Silver Cut,IS 6175,metric,M14,metric,2,SA4 (TIALN),FAB0203054,2421,,
13,TOTEM Silver Cut,IS 6175,metric,M14,metric,2,SAF3 (TIN),FAB0203072,2342,,
13,TOTEM Silver Cut,IS 6175,metric,M14,metric,2,SAF5 (TICN),FAB0203089,2421,,
13,TOTEM Silver Cut,IS 6175,metric,M16,metric,2,SA1 (BRIGHT),FAB0200799,2034,,
13,TOTEM Silver Cut,IS 6175,metric,M16,metric,2,SA3 (TIN),FAB0200801,2342,,
13,TOTEM Silver Cut,IS 6175,metric,M16,metric,2,SA4 (TIALN),FAB0203055,2421,,
13,TOTEM Silver Cut,IS 6175,metric,M16,metric,2,SAF3 (TIN),FAB0203074,2342,,
13,TOTEM Silver Cut,IS 6175,metric,M16,metric,2,SAF5 (TICN),FAB0203091,2421,,
13,TOTEM Silver Cut,IS 6175,metric,M18,metric,2.5,SA1 (BRIGHT),FAB0203037,3365,,
13,TOTEM Silver Cut,IS 6175,metric,M18,metric,2.5,SA3 (TIN),FAB0203043,3792,,
13,TOTEM Silver Cut,IS 6175,metric,M18,metric,2.5,SA4 (TIALN),FAB0203057,4007,,
13,TOTEM Silver Cut,IS 6175,metric,M18,metric,2.5,SAF3 (TIN),FAB0205118,3792,,
13,TOTEM Silver Cut,IS 6175,metric,M18,metric,2.5,SAF5 (TICN),FAB0205122,4007,,
13,TOTEM Silver Cut,IS 6175,metric,M20,metric,2.5,SA1 (BRIGHT),FAB0203039,4287,,
13,TOTEM Silver Cut,IS 6175,metric,M20,metric,2.5,SA3 (TIN),FAB0200810,4714,,
13,TOTEM Silver Cut,IS 6175,metric,M20,metric,2.5,SA4 (TIALN),FAB0203059,4928,,
13,TOTEM Silver Cut,IS 6175,metric,M20,metric,2.5,SAF3 (TIN),FAB0205119,4714,,
13,TOTEM Silver Cut,IS 6175,metric,M20,metric,2.5,SAF5 (TICN),FAB0205123,4928,,
13,TOTEM Silver Cut,IS 6175,metric,M22,metric,2.5,SA1 (BRIGHT),FAB0208252,4770,,
13,TOTEM Silver Cut,IS 6175,metric,M22,metric,2.5,SA3 (TIN),FAB0204184,5269,,
13,TOTEM Silver Cut,IS 6175,metric,M22,metric,2.5,SA4 (TIALN),FAB0208253,5435,,
13,TOTEM Silver Cut,IS 6175,metric,M22,metric,2.5,SAF3 (TIN),FAB0208254,5269,,
13,TOTEM Silver Cut,IS 6175,metric,M22,metric,2.5,SAF5 (TICN),FAB0208255,5435,,
13,TOTEM Silver Cut,IS 6175,metric,M24,metric,3,SA1 (BRIGHT),FAB0208256,5323,,
13,TOTEM Silver Cut,IS 6175,metric,M24,metric,3,SA3 (TIN),FAB0204185,5822,,
13,TOTEM Silver Cut,IS 6175,metric,M24,metric,3,SA4 (TIALN),FAB0208257,5988,,
13,TOTEM Silver Cut,IS 6175,metric,M24,metric,3,SAF3 (TIN),FAB0208258,5822,,
13,TOTEM Silver Cut,IS 6175,metric,M24,metric,3,SAF5 (TICN),FAB0208259,5988,,
13,TOTEM Silver Cut,IS 6175,metric,M27,metric,3,SA1 (BRIGHT),FAB0208260,8062,,
13,TOTEM Silver Cut,IS 6175,metric,M27,metric,3,SA3 (TIN),FAB0208261,8560,,
13,TOTEM Silver Cut,IS 6175,metric,M27,metric,3,SA4 (TIALN),FAB0208262,8727,,
13,TOTEM Silver Cut,IS 6175,metric,M27,metric,3,SAF3 (TIN),FAB0208263,8560,,
13,TOTEM Silver Cut,IS 6175,metric,M27,metric,3,SAF5 (TICN),FAB0208264,8727,,
13,TOTEM Silver Cut,IS 6175,metric,M30,metric,3.5,SA1 (BRIGHT),FAB0208265,9026,,
13,TOTEM Silver Cut,IS 6175,metric,M30,metric,3.5,SA3 (TIN),FAB0206782,9524,,
13,TOTEM Silver Cut,IS 6175,metric,M30,metric,3.5,SA4 (TIALN),FAB0208266,9691,,
13,TOTEM Silver Cut,IS 6175,metric,M30,metric,3.5,SAF3 (TIN),FAB0208267,9524,,
13,TOTEM Silver Cut,IS 6175,metric,M30,metric,3.5,SAF5 (TICN),FAB0208268,9691,,
13,TOTEM Silver Cut,IS 6175,metric,M33,metric,3.5,SA1 (BRIGHT),FAB0208269,10979,,
13,TOTEM Silver Cut,IS 6175,metric,M33,metric,3.5,SA3 (TIN),FAB0208270,11707,,
13,TOTEM Silver Cut,IS 6175,metric,M33,metric,3.5,SA4 (TIALN),FAB0208271,12145,,
13,TOTEM Silver Cut,IS 6175,metric,M33,metric,3.5,SAF3 (TIN),FAB0208272,11707,,
13,TOTEM Silver Cut,IS 6175,metric,M33,metric,3.5,SAF5 (TICN),FAB0208273,12145,,
13,TOTEM Silver Cut,IS 6175,metric,M36,metric,4,SA1 (BRIGHT),FAB0208477,15281,,
13,TOTEM Silver Cut,IS 6175,metric,M36,metric,4,SA3 (TIN),FAB0206783,16009,,
13,TOTEM Silver Cut,IS 6175,metric,M36,metric,4,SA4 (TIALN),FAB0208478,16447,,
13,TOTEM Silver Cut,IS 6175,metric,M36,metric,4,SAF3 (TIN),FAB0208479,16009,,
13,TOTEM Silver Cut,IS 6175,metric,M36,metric,4,SAF5 (TICN),FAB0208480,16447,,
13,TOTEM Silver Cut,IS 6175,metric,MF8,metric,1,SA1 (BRIGHT),FAB0203034,859,,
13,TOTEM Silver Cut,IS 6175,metric,MF8,metric,1,SA3 (TIN),FAB0203041,978,,
13,TOTEM Silver Cut,IS 6175,metric,MF8,metric,1,SA4 (TIALN),FAB0203048,1022,,
13,TOTEM Silver Cut,IS 6175,metric,MF8,metric,1,SAF3 (TIN),FAB0203064,978,,
13,TOTEM Silver Cut,IS 6175,metric,MF8,metric,1,SAF5 (TICN),FAB0203081,1022,,
13,TOTEM Silver Cut,IS 6175,metric,MF10,metric,1,SA1 (BRIGHT),FAB0203035,859,,
13,TOTEM Silver Cut,IS 6175,metric,MF10,metric,1,SA3 (TIN),FAB0200702,978,,
13,TOTEM Silver Cut,IS 6175,metric,MF10,metric,1,SA4 (TIALN),FAB0203049,1022,,
13,TOTEM Silver Cut,IS 6175,metric,MF10,metric,1,SAF3 (TIN),FAB0203066,978,,
13,TOTEM Silver Cut,IS 6175,metric,MF10,metric,1,SAF5 (TICN),FAB0203083,1022,,
13,TOTEM Silver Cut,IS 6175,metric,MF10,metric,1.25,SA1 (BRIGHT),FAB0200708,1137,,
13,TOTEM Silver Cut,IS 6175,metric,MF10,metric,1.25,SA3 (TIN),FAB0200710,1309,,
13,TOTEM Silver Cut,IS 6175,metric,MF10,metric,1.25,SA4 (TIALN),FAB0203050,1351,,
13,TOTEM Silver Cut,IS 6175,metric,MF10,metric,1.25,SAF3 (TIN),FAB0203067,1309,,
13,TOTEM Silver Cut,IS 6175,metric,MF10,metric,1.25,SAF5 (TICN),FAB0203084,1351,,
13,TOTEM Silver Cut,IS 6175,metric,MF12,metric,1.25,SA1 (BRIGHT),FAB0200729,1758,,
13,TOTEM Silver Cut,IS 6175,metric,MF12,metric,1.25,SA3 (TIN),FAB0200730,2019,,
13,TOTEM Silver Cut,IS 6175,metric,MF12,metric,1.25,SA4 (TIALN),FAB0200731,2092,,
13,TOTEM Silver Cut,IS 6175,metric,MF12,metric,1.25,SAF3 (TIN),FAB0204634,2019,,
13,TOTEM Silver Cut,IS 6175,metric,MF12,metric,1.25,SAF5 (TICN),FAB0204635,2092,,
13,TOTEM Silver Cut,IS 6175,metric,MF12,metric,1.5,SA1 (BRIGHT),FAB0200738,1758,,
13,TOTEM Silver Cut,IS 6175,metric,MF12,metric,1.5,SA3 (TIN),FAB0200740,2019,,
13,TOTEM Silver Cut,IS 6175,metric,MF12,metric,1.5,SA4 (TIALN),FAB0203051,2092,,
13,TOTEM Silver Cut,IS 6175,metric,MF12,metric,1.5,SAF3 (TIN),FAB0203069,2019,,
13,TOTEM Silver Cut,IS 6175,metric,MF12,metric,1.5,SAF5 (TICN),FAB0203086,2092,,
13,TOTEM Silver Cut,IS 6175,metric,MF14,metric,1.5,SA1 (BRIGHT),FAB0200769,2044,,
13,TOTEM Silver Cut,IS 6175,metric,MF14,metric,1.5,SA3 (TIN),FAB0200771,2346,,
13,TOTEM Silver Cut,IS 6175,metric,MF14,metric,1.5,SA4 (TIALN),FAB0203053,2431,,
13,TOTEM Silver Cut,IS 6175,metric,MF14,metric,1.5,SAF3 (TIN),FAB0203071,2346,,
13,TOTEM Silver Cut,IS 6175,metric,MF14,metric,1.5,SAF5 (TICN),FAB0203088,2431,,
13,TOTEM Silver Cut,IS 6175,metric,MF16,metric,1.5,SA1 (BRIGHT),FAB0200787,2044,,
13,TOTEM Silver Cut,IS 6175,metric,MF16,metric,1.5,SA3 (TIN),FAB0200789,2346,,
13,TOTEM Silver Cut,IS 6175,metric,MF16,metric,1.5,SA4 (TIALN),FAB0200790,2431,,
13,TOTEM Silver Cut,IS 6175,metric,MF16,metric,1.5,SAF3 (TIN),FAB0203073,2346,,
13,TOTEM Silver Cut,IS 6175,metric,MF16,metric,1.5,SAF5 (TICN),FAB0203090,2431,,
13,TOTEM Silver Cut,IS 6175,metric,M18,metric,1.5,SA1 (BRIGHT),FAB0203036,3571,,
13,TOTEM Silver Cut,IS 6175,metric,M18,metric,1.5,SA3 (TIN),FAB0203042,3997,,
13,TOTEM Silver Cut,IS 6175,metric,M18,metric,1.5,SA4 (TIALN),FAB0203056,4214,,
13,TOTEM Silver Cut,IS 6175,metric,M18,metric,1.5,SAF3 (TIN),FAB0203075,3997,,
13,TOTEM Silver Cut,IS 6175,metric,M18,metric,1.5,SAF5 (TICN),FAB0203092,4214,,
13,TOTEM Silver Cut,IS 6175,metric,IS,inch,6175,SA1 (BRIGHT),FAB0203038,4505,,
13,TOTEM Silver Cut,IS 6175,metric,IS,inch,6175,SA3 (TIN),FAB0200807,4934,,
13,TOTEM Silver Cut,IS 6175,metric,IS,inch,6175,SA4 (TIALN),FAB0203058,5148,,
13,TOTEM Silver Cut,IS 6175,metric,IS,inch,6175,SAF3 (TIN),FAB0203076,4934,,
13,TOTEM Silver Cut,IS 6175,metric,IS,inch,6175,SAF5 (TICN),FAB0203093,5148,,
13,TOTEM Silver Cut,IS 6175,metric,Part,inch,III,SA1 (BRIGHT),FAB0208274,5106,,
13,TOTEM Silver Cut,IS 6175,metric,Part,inch,III,SA3 (TIN),FAB0205709,5605,,
13,TOTEM Silver Cut,IS 6175,metric,Part,inch,III,SA4 (TIALN),FAB0208275,5772,,
13,TOTEM Silver Cut,IS 6175,metric,Part,inch,III,SAF3 (TIN),FAB0208276,5605,,
13,TOTEM Silver Cut,IS 6175,metric,Part,inch,III,SAF5 (TICN),FAB0204172,5772,,
13,TOTEM Silver Cut,IS 6175,metric,M24,metric,1.5,SA1 (BRIGHT),FAB0208277,5586,,
13,TOTEM Silver Cut,IS 6175,metric,M24,metric,1.5,SA3 (TIN),FAB0208278,6085,,
13,TOTEM Silver Cut,IS 6175,metric,M24,metric,1.5,SA4 (TIALN),FAB0208279,6251,,
13,TOTEM Silver Cut,IS 6175,metric,M24,metric,1.5,SAF3 (TIN),FAB0208280,6085,,
13,TOTEM Silver Cut,IS 6175,metric,M24,metric,1.5,SAF5 (TICN),FAB0208281,6251,,
13,TOTEM Silver Cut,IS 6175,metric,M27,metric,1.5,SA1 (BRIGHT),FAB0208282,8968,,
13,TOTEM Silver Cut,IS 6175,metric,M27,metric,1.5,SA3 (TIN),FAB0208283,9468,,
13,TOTEM Silver Cut,IS 6175,metric,M27,metric,1.5,SA4 (TIALN),FAB0208284,9634,,
13,TOTEM Silver Cut,IS 6175,metric,M27,metric,1.5,SAF3 (TIN),FAB0208285,9468,,
13,TOTEM Silver Cut,IS 6175,metric,M27,metric,1.5,SAF5 (TICN),FAB0208286,9634,,
13,TOTEM Silver Cut,IS 6175,metric,M30,metric,1.5,SA1 (BRIGHT),FAB0208287,10085,,
13,TOTEM Silver Cut,IS 6175,metric,M30,metric,1.5,SA3 (TIN),FAB0206720,10584,,
13,TOTEM Silver Cut,IS 6175,metric,M30,metric,1.5,SA4 (TIALN),FAB0208288,10750,,
13,TOTEM Silver Cut,IS 6175,metric,M30,metric,1.5,SAF3 (TIN),FAB0208289,10584,,
13,TOTEM Silver Cut,IS 6175,metric,M30,metric,1.5,SAF5 (TICN),FAB0208290,10750,,
13,TOTEM Silver Cut,IS 6175,metric,M33,metric,1.5,SA1 (BRIGHT),FAB0208291,12309,,
13,TOTEM Silver Cut,IS 6175,metric,M33,metric,1.5,SA3 (TIN),FAB0208292,13037,,
13,TOTEM Silver Cut,IS 6175,metric,M33,metric,1.5,SA4 (TIALN),FAB0208293,13474,,
13,TOTEM Silver Cut,IS 6175,metric,M33,metric,1.5,SAF3 (TIN),FAB0208294,13037,,
13,TOTEM Silver Cut,IS 6175,metric,M33,metric,1.5,SAF5 (TICN),FAB0208295,13474,,
13,TOTEM Silver Cut,IS 6175,metric,M36,metric,1.5,SA1 (BRIGHT),FAB0208296,17078,,
13,TOTEM Silver Cut,IS 6175,metric,M36,metric,1.5,SA3 (TIN),FAB0208297,17806,,
13,TOTEM Silver Cut,IS 6175,metric,M36,metric,1.5,SA4 (TIALN),FAB0208298,18242,,
13,TOTEM Silver Cut,IS 6175,metric,M36,metric,1.5,SAF3 (TIN),FAB0208299,17806,,
13,TOTEM Silver Cut,IS 6175,metric,M36,metric,1.5,SAF5 (TICN),FAB0208300,18242,,
14,TOTEM Silver Cut,,mixed,M3,metric,20,SAF5 PM (TICN),FAB0205284,1018,,PDF defect: Pitch column on p14 table 1 duplicates the UNC TPI values; pitch not trustworthy
14,TOTEM Silver Cut,,mixed,M3,metric,20,SAH4 PM (TIALN),FAB0208988,1089,,PDF defect: Pitch column on p14 table 1 duplicates the UNC TPI values; pitch not trustworthy
14,TOTEM Silver Cut,,mixed,M4,metric,18,SAF5 PM (TICN),FAB0205285,1091,,PDF defect: Pitch column on p14 table 1 duplicates the UNC TPI values; pitch not trustworthy
14,TOTEM Silver Cut,,mixed,M4,metric,18,SAH4 PM (TIALN),FAB0208989,1167,,PDF defect: Pitch column on p14 table 1 duplicates the UNC TPI values; pitch not trustworthy
14,TOTEM Silver Cut,,mixed,M5,metric,16,SAF5 PM (TICN),FAB0205286,1241,,PDF defect: Pitch column on p14 table 1 duplicates the UNC TPI values; pitch not trustworthy
14,TOTEM Silver Cut,,mixed,M5,metric,16,SAH4 PM (TIALN),FAB0208990,1328,,PDF defect: Pitch column on p14 table 1 duplicates the UNC TPI values; pitch not trustworthy
14,TOTEM Silver Cut,,mixed,M6,metric,14,SAF5 PM (TICN),FAB0205287,1241,,PDF defect: Pitch column on p14 table 1 duplicates the UNC TPI values; pitch not trustworthy
14,TOTEM Silver Cut,,mixed,M6,metric,14,SAH4 PM (TIALN),FAB0208991,1328,,PDF defect: Pitch column on p14 table 1 duplicates the UNC TPI values; pitch not trustworthy
14,TOTEM Silver Cut,,mixed,M8,metric,13,SAF5 PM (TICN),FAB0205288,1606,,PDF defect: Pitch column on p14 table 1 duplicates the UNC TPI values; pitch not trustworthy
14,TOTEM Silver Cut,,mixed,M8,metric,13,SAH4 PM (TIALN),FAB0208992,1718,,PDF defect: Pitch column on p14 table 1 duplicates the UNC TPI values; pitch not trustworthy
14,TOTEM Silver Cut,,mixed,M10,metric,11,SAF5 PM (TICN),FAB0205289,2273,,PDF defect: Pitch column on p14 table 1 duplicates the UNC TPI values; pitch not trustworthy
14,TOTEM Silver Cut,,mixed,M10,metric,11,SAH4 PM (TIALN),FAB0208993,2432,,PDF defect: Pitch column on p14 table 1 duplicates the UNC TPI values; pitch not trustworthy
14,TOTEM Silver Cut,DIN 376,mixed,M12,metric,10,SAF5 PM (TICN),FAB0205290,4225,,PDF defect: Pitch column on p14 table 1 duplicates the UNC TPI values; pitch not trustworthy
14,TOTEM Silver Cut,DIN 376,mixed,M12,metric,10,SAH4 PM (TIALN),FAB0208994,4521,,PDF defect: Pitch column on p14 table 1 duplicates the UNC TPI values; pitch not trustworthy
14,TOTEM Silver Cut,DIN 376,mixed,M14,metric,9,SAF5 PM (TICN),FAB0205291,5533,,PDF defect: Pitch column on p14 table 1 duplicates the UNC TPI values; pitch not trustworthy
14,TOTEM Silver Cut,DIN 376,mixed,M14,metric,9,SAH4 PM (TIALN),FAB0208995,5920,,PDF defect: Pitch column on p14 table 1 duplicates the UNC TPI values; pitch not trustworthy
14,TOTEM Silver Cut,DIN 376,mixed,M16,metric,8,SAF5 PM (TICN),FAB0205292,6040,,PDF defect: Pitch column on p14 table 1 duplicates the UNC TPI values; pitch not trustworthy
14,TOTEM Silver Cut,DIN 376,mixed,M16,metric,8,SAH4 PM (TIALN),FAB0208996,6463,,PDF defect: Pitch column on p14 table 1 duplicates the UNC TPI values; pitch not trustworthy
14,TOTEM Silver Cut,DIN 376,mixed,M3,metric,0.5,SAF5 PM (TICN),FAB0205146,899,,
14,TOTEM Silver Cut,DIN 376,mixed,M3,metric,0.5,SAH4 PM (TIALN),FAB0208997,962,,
14,TOTEM Silver Cut,ISO Part 2,mixed,ISO,inch,Part,SAF5 PM (TICN),FAB0205147,972,,
14,TOTEM Silver Cut,ISO Part 2,mixed,ISO,inch,Part,SAH4 PM (TIALN),FAB0208998,1040,,
14,TOTEM Silver Cut,ISO Part 2,mixed,M5,metric,0.8,SAF5 PM (TICN),FAB0205148,1115,,
14,TOTEM Silver Cut,ISO Part 2,mixed,M5,metric,0.8,SAH4 PM (TIALN),FAB0208999,1193,,
14,TOTEM Silver Cut,ISO Part 2,mixed,M6,metric,1,SAF5 PM (TICN),FAB0205149,1115,,
14,TOTEM Silver Cut,ISO Part 2,mixed,M6,metric,1,SAH4 PM (TIALN),FAB0209000,1193,,
14,TOTEM Silver Cut,ISO Part 2,mixed,M8,metric,1.25,SAF5 PM (TICN),FAB0205150,1694,,
14,TOTEM Silver Cut,ISO Part 2,mixed,M8,metric,1.25,SAH4 PM (TIALN),FAB0209001,1813,,
14,TOTEM Silver Cut,ISO Part 2,mixed,M10,metric,1.5,SAF5 PM (TICN),FAB0205151,2105,,
14,TOTEM Silver Cut,ISO Part 2,mixed,M10,metric,1.5,SAH4 PM (TIALN),FAB0209002,2252,,
14,TOTEM Silver Cut,ISO Part 3,mixed,M12,metric,1.75,SAF5 PM (TICN),FAB0205152,3207,,
14,TOTEM Silver Cut,ISO Part 3,mixed,M12,metric,1.75,SAH4 PM (TIALN),FAB0209003,3431,,
14,TOTEM Silver Cut,ISO Part 3,mixed,M14,metric,2,SAF5 PM (TICN),FAB0205153,4331,,
14,TOTEM Silver Cut,ISO Part 3,mixed,M14,metric,2,SAH4 PM (TIALN),FAB0209004,4634,,
14,TOTEM Silver Cut,ISO Part 3,mixed,M16,metric,2,SAF5 PM (TICN),FAB0205154,4838,,
14,TOTEM Silver Cut,ISO Part 3,mixed,M16,metric,2,SAH4 PM (TIALN),FAB0209005,5177,,
14,TOTEM Silver Cut,ISO Part 3,mixed,"1/4""",inch,20,SA1 (BRIGHT),FAB0204274,716,,
14,TOTEM Silver Cut,ISO Part 3,mixed,"1/4""",inch,20,SA3 (TIN),FAB0204283,911,,
14,TOTEM Silver Cut,ISO Part 3,mixed,"1/4""",inch,20,SA4 (TIALN),FAB0204292,991,,
14,TOTEM Silver Cut,DIN 371,mixed,"5/16""",inch,18,SA1 (BRIGHT),FAB0204275,909,,
14,TOTEM Silver Cut,DIN 371,mixed,"5/16""",inch,18,SA3 (TIN),FAB0204284,1043,,
14,TOTEM Silver Cut,DIN 371,mixed,"5/16""",inch,18,SA4 (TIALN),FAB0204293,1133,,
14,TOTEM Silver Cut,DIN 371,mixed,"3/8""",inch,16,SA1 (BRIGHT),FAB0204276,1103,,
14,TOTEM Silver Cut,DIN 371,mixed,"3/8""",inch,16,SA3 (TIN),FAB0204285,1266,,
14,TOTEM Silver Cut,DIN 371,mixed,"3/8""",inch,16,SA4 (TIALN),FAB0204294,1378,,
14,TOTEM Silver Cut,DIN 371,mixed,"7/16""",inch,14,SA1 (BRIGHT),FAB0204277,1472,,
14,TOTEM Silver Cut,DIN 371,mixed,"7/16""",inch,14,SA3 (TIN),FAB0204286,1693,,
14,TOTEM Silver Cut,DIN 371,mixed,"7/16""",inch,14,SA4 (TIALN),FAB0204295,1838,,
14,TOTEM Silver Cut,DIN 371,mixed,"1/2""",inch,13,SA1 (BRIGHT),FAB0204278,1822,,
14,TOTEM Silver Cut,DIN 371,mixed,"1/2""",inch,13,SA3 (TIN),FAB0204287,2091,,
14,TOTEM Silver Cut,DIN 371,mixed,"1/2""",inch,13,SA4 (TIALN),FAB0204296,2272,,
14,TOTEM Silver Cut,DIN 371,mixed,"5/8""",inch,11,SA1 (BRIGHT),FAB0204279,2465,,
14,TOTEM Silver Cut,DIN 371,mixed,"5/8""",inch,11,SA3 (TIN),FAB0204288,2836,,
14,TOTEM Silver Cut,DIN 371,mixed,"5/8""",inch,11,SA4 (TIALN),FAB0204297,3082,,
14,TOTEM Silver Cut,DIN 376,mixed,"3/4""",inch,10,SA1 (BRIGHT),FAB0204280,3561,,
14,TOTEM Silver Cut,DIN 376,mixed,"3/4""",inch,10,SA3 (TIN),FAB0204289,4095,,
14,TOTEM Silver Cut,DIN 376,mixed,"3/4""",inch,10,SA4 (TIALN),FAB0204298,4454,,
14,TOTEM Silver Cut,DIN 376,mixed,"7/8""",inch,9,SA1 (BRIGHT),FAB0204281,5037,,
14,TOTEM Silver Cut,DIN 376,mixed,"7/8""",inch,9,SA3 (TIN),FAB0204290,5465,,
14,TOTEM Silver Cut,DIN 376,mixed,"7/8""",inch,9,SA4 (TIALN),FAB0204299,5678,,
14,TOTEM Silver Cut,DIN 376,mixed,"1""",inch,8,SA1 (BRIGHT),FAB0204282,6323,,
14,TOTEM Silver Cut,DIN 376,mixed,"1""",inch,8,SA3 (TIN),FAB0204291,6751,,
14,TOTEM Silver Cut,DIN 376,mixed,"1""",inch,8,SA4 (TIALN),FAB0204300,6965,,
15,TOTEM Silver Cut,,UNF/UNC,"1/4""",inch,28,SA1 (BRIGHT),FAB0204301,716,,
15,TOTEM Silver Cut,,UNF/UNC,"1/4""",inch,28,SA3 (TIN),FAB0204310,911,,
15,TOTEM Silver Cut,,UNF/UNC,"1/4""",inch,28,SA4 (TIALN),FAB0204319,991,,
15,TOTEM Silver Cut,,UNF/UNC,"5/16""",inch,24,SA1 (BRIGHT),FAB0204302,909,,
15,TOTEM Silver Cut,,UNF/UNC,"5/16""",inch,24,SA3 (TIN),FAB0204311,1043,,
15,TOTEM Silver Cut,,UNF/UNC,"5/16""",inch,24,SA4 (TIALN),FAB0204320,1133,,
15,TOTEM Silver Cut,,UNF/UNC,"3/8""",inch,24,SA1 (BRIGHT),FAB0204303,1103,,
15,TOTEM Silver Cut,,UNF/UNC,"3/8""",inch,24,SA3 (TIN),FAB0204312,1266,,
15,TOTEM Silver Cut,,UNF/UNC,"3/8""",inch,24,SA4 (TIALN),FAB0204321,1378,,
15,TOTEM Silver Cut,,UNF/UNC,"7/16""",inch,20,SA1 (BRIGHT),FAB0204304,1408,,
15,TOTEM Silver Cut,,UNF/UNC,"7/16""",inch,20,SA3 (TIN),FAB0204313,1619,,
15,TOTEM Silver Cut,,UNF/UNC,"7/16""",inch,20,SA4 (TIALN),FAB0204322,1759,,
15,TOTEM Silver Cut,DIN 374,UNF/UNC,"1/2""",inch,20,SA1 (BRIGHT),FAB0204305,1741,,
15,TOTEM Silver Cut,DIN 374,UNF/UNC,"1/2""",inch,20,SA3 (TIN),FAB0204314,2001,,
15,TOTEM Silver Cut,DIN 374,UNF/UNC,"1/2""",inch,20,SA4 (TIALN),FAB0204323,2171,,
15,TOTEM Silver Cut,DIN 374,UNF/UNC,"5/8""",inch,18,SA1 (BRIGHT),FAB0204306,2357,,
15,TOTEM Silver Cut,DIN 374,UNF/UNC,"5/8""",inch,18,SA3 (TIN),FAB0204315,2713,,
15,TOTEM Silver Cut,DIN 374,UNF/UNC,"5/8""",inch,18,SA4 (TIALN),FAB0204324,2949,,
15,TOTEM Silver Cut,DIN 374,UNF/UNC,"3/4""",inch,16,SA1 (BRIGHT),FAB0204307,3410,,
15,TOTEM Silver Cut,DIN 374,UNF/UNC,"3/4""",inch,16,SA3 (TIN),FAB0204316,3917,,
15,TOTEM Silver Cut,DIN 374,UNF/UNC,"3/4""",inch,16,SA4 (TIALN),FAB0204325,4259,,
15,TOTEM Silver Cut,DIN 374,UNF/UNC,"7/8""",inch,14,SA1 (BRIGHT),FAB0204308,4857,,
15,TOTEM Silver Cut,DIN 374,UNF/UNC,"7/8""",inch,14,SA3 (TIN),FAB0204317,5283,,
15,TOTEM Silver Cut,DIN 374,UNF/UNC,"7/8""",inch,14,SA4 (TIALN),FAB0204326,5499,,
15,TOTEM Silver Cut,DIN 374,UNF/UNC,"1""",inch,12,SA1 (BRIGHT),FAB0204309,6097,,
15,TOTEM Silver Cut,DIN 374,UNF/UNC,"1""",inch,12,SA3 (TIN),FAB0204318,6524,,
15,TOTEM Silver Cut,DIN 374,UNF/UNC,"1""",inch,12,SA4 (TIALN),FAB0204327,6740,,
15,TOTEM Silver Cut,DIN 374,UNF/UNC,"1/4""",inch,20,SA1 (BRIGHT),FAB0200573,651,,
15,TOTEM Silver Cut,DIN 374,UNF/UNC,"1/4""",inch,20,SA3 (TIN),FAB0200575,828,,
15,TOTEM Silver Cut,DIN 374,UNF/UNC,"1/4""",inch,20,SA4 (TIALN),FAB0205196,901,,
15,TOTEM Silver Cut,DIN 374,UNF/UNC,"5/16""",inch,18,SA1 (BRIGHT),FAB0200582,827,,
15,TOTEM Silver Cut,DIN 374,UNF/UNC,"5/16""",inch,18,SA3 (TIN),FAB0200584,948,,
15,TOTEM Silver Cut,DIN 374,UNF/UNC,"5/16""",inch,18,SA4 (TIALN),FAB0205197,1030,,
15,TOTEM Silver Cut,DIN 374,UNF/UNC,"3/8""",inch,16,SA1 (BRIGHT),FAB0200593,1004,,
15,TOTEM Silver Cut,DIN 374,UNF/UNC,"3/8""",inch,16,SA3 (TIN),FAB0200595,1152,,
15,TOTEM Silver Cut,DIN 374,UNF/UNC,"3/8""",inch,16,SA4 (TIALN),FAB0205198,1252,,
15,TOTEM Silver Cut,DIN 374,UNF/UNC,"7/16""",inch,14,SA1 (BRIGHT),FAB0200603,1279,,
15,TOTEM Silver Cut,DIN 374,UNF/UNC,"7/16""",inch,14,SA3 (TIN),FAB0200605,1472,,
15,TOTEM Silver Cut,DIN 374,UNF/UNC,"7/16""",inch,14,SA4 (TIALN),FAB0205199,1599,,
15,TOTEM Silver Cut,DIN 374,UNF/UNC,"1/2""",inch,13,SA1 (BRIGHT),FAB0200614,1584,,
15,TOTEM Silver Cut,DIN 374,UNF/UNC,"1/2""",inch,13,SA3 (TIN),FAB0200616,1817,,
15,TOTEM Silver Cut,DIN 374,UNF/UNC,"1/2""",inch,13,SA4 (TIALN),FAB0205200,1975,,
15,TOTEM Silver Cut,DIN 374,UNF/UNC,"5/8""",inch,11,SA1 (BRIGHT),FAB0200627,2143,,
15,TOTEM Silver Cut,DIN 374,UNF/UNC,"5/8""",inch,11,SA3 (TIN),FAB0200629,2466,,
15,TOTEM Silver Cut,DIN 374,UNF/UNC,"5/8""",inch,11,SA4 (TIALN),FAB0200630,2680,,
15,TOTEM Silver Cut,DIN 374,UNF/UNC,"3/4""",inch,10,SA1 (BRIGHT),FAB0200638,3099,,
15,TOTEM Silver Cut,DIN 374,UNF/UNC,"3/4""",inch,10,SA3 (TIN),FAB0200640,3561,,
15,TOTEM Silver Cut,DIN 374,UNF/UNC,"3/4""",inch,10,SA4 (TIALN),FAB0205202,3871,,
15,TOTEM Silver Cut,DIN 374,UNF/UNC,"7/8""",inch,9,SA1 (BRIGHT),FAB0206602,4677,,
15,TOTEM Silver Cut,DIN 374,UNF/UNC,"7/8""",inch,9,SA3 (TIN),FAB0206603,5105,,
15,TOTEM Silver Cut,DIN 374,UNF/UNC,"7/8""",inch,9,SA4 (TIALN),FAB0206604,5320,,
15,TOTEM Silver Cut,DIN 374,UNF/UNC,"1""",inch,8,SA1 (BRIGHT),FAB0206605,5871,,
15,TOTEM Silver Cut,DIN 374,UNF/UNC,"1""",inch,8,SA3 (TIN),FAB0206606,6299,,
15,TOTEM Silver Cut,DIN 374,UNF/UNC,"1""",inch,8,SA4 (TIALN),FAB0206607,6514,,
15,TOTEM Silver Cut,DIN 374,UNF/UNC,"1/4""",inch,28,SA1 (BRIGHT),FAB0200497,651,,
15,TOTEM Silver Cut,DIN 374,UNF/UNC,"1/4""",inch,28,SA3 (TIN),FAB0200499,828,,
15,TOTEM Silver Cut,DIN 374,UNF/UNC,"1/4""",inch,28,SA4 (TIALN),FAB0205238,901,,
15,TOTEM Silver Cut,DIN 374,UNF/UNC,"5/16""",inch,24,SA1 (BRIGHT),FAB0200506,827,,
15,TOTEM Silver Cut,DIN 374,UNF/UNC,"5/16""",inch,24,SA3 (TIN),FAB0200508,948,,
15,TOTEM Silver Cut,DIN 374,UNF/UNC,"5/16""",inch,24,SA4 (TIALN),FAB0205239,1030,,
15,TOTEM Silver Cut,DIN 374,UNF/UNC,"3/8""",inch,24,SA1 (BRIGHT),FAB0200517,1004,,
15,TOTEM Silver Cut,DIN 374,UNF/UNC,"3/8""",inch,24,SA3 (TIN),FAB0200519,1152,,
15,TOTEM Silver Cut,DIN 374,UNF/UNC,"3/8""",inch,24,SA4 (TIALN),FAB0205240,1252,,
15,TOTEM Silver Cut,DIN 374,UNF/UNC,"7/16""",inch,20,SA1 (BRIGHT),FAB0200528,1279,,
15,TOTEM Silver Cut,DIN 374,UNF/UNC,"7/16""",inch,20,SA3 (TIN),FAB0200530,1472,,
15,TOTEM Silver Cut,DIN 374,UNF/UNC,"7/16""",inch,20,SA4 (TIALN),FAB0205241,1599,,
15,TOTEM Silver Cut,DIN 374,UNF/UNC,"1/2""",inch,20,SA1 (BRIGHT),FAB0200539,1584,,
15,TOTEM Silver Cut,DIN 374,UNF/UNC,"1/2""",inch,20,SA3 (TIN),FAB0200541,1817,,
15,TOTEM Silver Cut,DIN 374,UNF/UNC,"1/2""",inch,20,SA4 (TIALN),FAB0205242,1975,,
15,TOTEM Silver Cut,DIN 374,UNF/UNC,"5/8""",inch,18,SA1 (BRIGHT),FAB0200552,2143,,
15,TOTEM Silver Cut,DIN 374,UNF/UNC,"5/8""",inch,18,SA3 (TIN),FAB0200554,2466,,
15,TOTEM Silver Cut,DIN 374,UNF/UNC,"5/8""",inch,18,SA4 (TIALN),FAB0205243,2680,,
15,TOTEM Silver Cut,DIN 374,UNF/UNC,"3/4""",inch,16,SA1 (BRIGHT),FAB0200563,3099,,
15,TOTEM Silver Cut,DIN 374,UNF/UNC,"3/4""",inch,16,SA3 (TIN),FAB0200565,3561,,
15,TOTEM Silver Cut,DIN 374,UNF/UNC,"3/4""",inch,16,SA4 (TIALN),FAB0205244,3871,,
15,TOTEM Silver Cut,DIN 374,UNF/UNC,"7/8""",inch,14,SA1 (BRIGHT),FAB0206608,4677,,
15,TOTEM Silver Cut,DIN 374,UNF/UNC,"7/8""",inch,14,SA3 (TIN),FAB0206609,5105,,
15,TOTEM Silver Cut,DIN 374,UNF/UNC,"7/8""",inch,14,SA4 (TIALN),FAB0206610,5320,,
15,TOTEM Silver Cut,DIN 374,UNF/UNC,"1""",inch,12,SA1 (BRIGHT),FAB0206611,5871,,
15,TOTEM Silver Cut,DIN 374,UNF/UNC,"1""",inch,12,SA3 (TIN),FAB0206612,6299,,
15,TOTEM Silver Cut,DIN 374,UNF/UNC,"1""",inch,12,SA4 (TIALN),FAB0206613,6514,,
16,TOTEM Silver Cut,,metric,M3,metric,0.5,SB1 (BRIGHT),FAB0203197,757,,
16,TOTEM Silver Cut,,metric,M3,metric,0.5,SB3 (TIN),FAB0203207,864,,
16,TOTEM Silver Cut,,metric,M3,metric,0.5,SB4 (TIALN),FAB0204334,901,,
16,TOTEM Silver Cut,,metric,M3,metric,0.5,SBF3 (TIN),FAB0204556,897,,
16,TOTEM Silver Cut,,metric,M3,metric,0.5,SBF5 (TICN),FAB0204341,934,,
16,TOTEM Silver Cut,,metric,M4,metric,0.7,SB1 (BRIGHT),FAB0203198,757,,
16,TOTEM Silver Cut,,metric,M4,metric,0.7,SB3 (TIN),FAB0203208,864,,
16,TOTEM Silver Cut,,metric,M4,metric,0.7,SB4 (TIALN),FAB0200968,901,,
16,TOTEM Silver Cut,,metric,M4,metric,0.7,SBF3 (TIN),FAB0204557,897,,
16,TOTEM Silver Cut,,metric,M4,metric,0.7,SBF5 (TICN),FAB0204343,934,,
16,TOTEM Silver Cut,,metric,M5,metric,0.8,SB1 (BRIGHT),FAB0203199,795,,
16,TOTEM Silver Cut,,metric,M5,metric,0.8,SB3 (TIN),FAB0203209,905,,
16,TOTEM Silver Cut,,metric,M5,metric,0.8,SB4 (TIALN),FAB0203685,945,,
16,TOTEM Silver Cut,,metric,M5,metric,0.8,SBF3 (TIN),FAB0204558,941,,
16,TOTEM Silver Cut,,metric,M5,metric,0.8,SBF5 (TICN),FAB0204344,979,,
16,TOTEM Silver Cut,DIN 371,metric,DIN,inch,371,SB1 (BRIGHT),FAB0203200,795,,
16,TOTEM Silver Cut,DIN 371,metric,DIN,inch,371,SB3 (TIN),FAB0203210,905,,
16,TOTEM Silver Cut,DIN 371,metric,DIN,inch,371,SB4 (TIALN),FAB0203686,945,,
16,TOTEM Silver Cut,DIN 371,metric,DIN,inch,371,SBF3 (TIN),FAB0204559,941,,
16,TOTEM Silver Cut,DIN 371,metric,DIN,inch,371,SBF5 (TICN),FAB0204345,979,,
16,TOTEM Silver Cut,DIN 371,metric,M7,metric,1,SB1 (BRIGHT),FAB0203201,888,,
16,TOTEM Silver Cut,DIN 371,metric,M7,metric,1,SB3 (TIN),FAB0203211,1013,,
16,TOTEM Silver Cut,DIN 371,metric,M7,metric,1,SB4 (TIALN),FAB0204336,1058,,
16,TOTEM Silver Cut,DIN 371,metric,M7,metric,1,SBF3 (TIN),FAB0205536,1053,,
16,TOTEM Silver Cut,DIN 371,metric,M7,metric,1,SBF5 (TICN),FAB0204346,1098,,
16,TOTEM Silver Cut,DIN 371,metric,M8,metric,1.25,SB1 (BRIGHT),FAB0203202,888,,
16,TOTEM Silver Cut,DIN 371,metric,M8,metric,1.25,SB3 (TIN),FAB0203212,1013,,
16,TOTEM Silver Cut,DIN 371,metric,M8,metric,1.25,SB4 (TIALN),FAB0203687,1058,,
16,TOTEM Silver Cut,DIN 371,metric,M8,metric,1.25,SBF3 (TIN),FAB0204560,1053,,
16,TOTEM Silver Cut,DIN 371,metric,M8,metric,1.25,SBF5 (TICN),FAB0204347,1098,,
16,TOTEM Silver Cut,DIN 371,metric,M10,metric,1.5,SB1 (BRIGHT),FAB0203203,1102,,
16,TOTEM Silver Cut,DIN 371,metric,M10,metric,1.5,SB3 (TIN),FAB0203213,1254,,
16,TOTEM Silver Cut,DIN 371,metric,M10,metric,1.5,SB4 (TIALN),FAB0203688,1311,,
16,TOTEM Silver Cut,DIN 371,metric,M10,metric,1.5,SBF3 (TIN),FAB0204561,1302,,
16,TOTEM Silver Cut,DIN 371,metric,M10,metric,1.5,SBF5 (TICN),FAB0204348,1361,,
16,TOTEM Silver Cut,DIN 371,metric,M12,metric,1.75,SB1 (BRIGHT),FAB0203204,2291,,
16,TOTEM Silver Cut,DIN 371,metric,M12,metric,1.75,SB3 (TIN),FAB0203684,2614,,
16,TOTEM Silver Cut,DIN 371,metric,M12,metric,1.75,SB4 (TIALN),FAB0203689,2728,,
16,TOTEM Silver Cut,DIN 371,metric,M12,metric,1.75,SBF3 (TIN),FAB0204562,2713,,
16,TOTEM Silver Cut,DIN 371,metric,M12,metric,1.75,SBF5 (TICN),FAB0204349,2833,,
16,TOTEM Silver Cut,DIN 371,metric,M14,metric,2,SB1 (BRIGHT),FAB0203205,3143,,
16,TOTEM Silver Cut,DIN 371,metric,M14,metric,2,SB3 (TIN),FAB0203215,3581,,
16,TOTEM Silver Cut,DIN 371,metric,M14,metric,2,SB4 (TIALN),FAB0204337,3739,,
16,TOTEM Silver Cut,DIN 371,metric,M14,metric,2,SBF3 (TIN),FAB0204563,3716,,
16,TOTEM Silver Cut,DIN 371,metric,M14,metric,2,SBF5 (TICN),FAB0204350,3880,,
16,TOTEM Silver Cut,DIN 371,metric,M16,metric,2,SB1 (BRIGHT),FAB0203206,3143,,
16,TOTEM Silver Cut,DIN 371,metric,M16,metric,2,SB3 (TIN),FAB0203216,3581,,
16,TOTEM Silver Cut,DIN 371,metric,M16,metric,2,SB4 (TIALN),FAB0204338,3739,,
16,TOTEM Silver Cut,DIN 371,metric,M16,metric,2,SBF3 (TIN),FAB0204564,3716,,
16,TOTEM Silver Cut,DIN 371,metric,M16,metric,2,SBF5 (TICN),FAB0204351,3880,,
16,TOTEM Silver Cut,DIN 371,metric,M18,metric,2.5,SB1 (BRIGHT),FAB0204329,5446,,
16,TOTEM Silver Cut,DIN 371,metric,M18,metric,2.5,SB3 (TIN),FAB0204332,5856,,
16,TOTEM Silver Cut,DIN 371,metric,M18,metric,2.5,SB4 (TIALN),FAB0205032,6064,,
16,TOTEM Silver Cut,DIN 371,metric,M18,metric,2.5,SBF3 (TIN),FAB0204908,6079,,
16,TOTEM Silver Cut,DIN 371,metric,M18,metric,2.5,SBF5 (TICN),FAB0204352,6293,,
16,TOTEM Silver Cut,DIN 371,metric,M20,metric,2.5,SB1 (BRIGHT),FAB0204330,6088,,
16,TOTEM Silver Cut,DIN 371,metric,M20,metric,2.5,SB3 (TIN),FAB0204333,6463,,
16,TOTEM Silver Cut,DIN 371,metric,M20,metric,2.5,SB4 (TIALN),FAB0204340,6651,,
16,TOTEM Silver Cut,DIN 371,metric,M20,metric,2.5,SBF3 (TIN),FAB0204120,6707,,
16,TOTEM Silver Cut,DIN 371,metric,M20,metric,2.5,SBF5 (TICN),FAB0204353,6901,,
16,TOTEM Silver Cut,DIN 376,metric,DIN,inch,376,SB1 (BRIGHT),FAB0204824,6566,,
16,TOTEM Silver Cut,DIN 376,metric,DIN,inch,376,SB3 (TIN),FAB0204850,7006,,
16,TOTEM Silver Cut,DIN 376,metric,DIN,inch,376,SB4 (TIALN),FAB0205034,7356,,
16,TOTEM Silver Cut,DIN 376,metric,DIN,inch,376,SBF3 (TIN),FAB0204910,7286,,
16,TOTEM Silver Cut,DIN 376,metric,DIN,inch,376,SBF5 (TICN),FAB0205025,7650,,
16,TOTEM Silver Cut,DIN 376,metric,M24,metric,3,SB1 (BRIGHT),FAB0204825,8208,,
16,TOTEM Silver Cut,DIN 376,metric,M24,metric,3,SB3 (TIN),FAB0204851,8466,,
16,TOTEM Silver Cut,DIN 376,metric,M24,metric,3,SB4 (TIALN),FAB0205035,8817,,
16,TOTEM Silver Cut,DIN 376,metric,M24,metric,3,SBF3 (TIN),FAB0204911,8804,,
16,TOTEM Silver Cut,DIN 376,metric,M24,metric,3,SBF5 (TICN),FAB0205026,9170,,
16,TOTEM Silver Cut,DIN 376,metric,M27,metric,3,SB1 (BRIGHT),FAB0208301,8533,,
16,TOTEM Silver Cut,DIN 376,metric,M27,metric,3,SB3 (TIN),FAB0208302,9031,,
16,TOTEM Silver Cut,DIN 376,metric,M27,metric,3,SB4 (TIALN),FAB0205036,9197,,
16,TOTEM Silver Cut,DIN 376,metric,M27,metric,3,SBF3 (TIN),FAB0208303,9392,,
16,TOTEM Silver Cut,DIN 376,metric,M27,metric,3,SBF5 (TICN),FAB0205029,9657,,
16,TOTEM Silver Cut,DIN 376,metric,M30,metric,3.5,SB1 (BRIGHT),FAB0208304,12873,,
16,TOTEM Silver Cut,DIN 376,metric,M30,metric,3.5,SB3 (TIN),FAB0208305,13372,,
16,TOTEM Silver Cut,DIN 376,metric,M30,metric,3.5,SB4 (TIALN),FAB0208306,13539,,
16,TOTEM Silver Cut,DIN 376,metric,M30,metric,3.5,SBF3 (TIN),FAB0208307,13906,,
16,TOTEM Silver Cut,DIN 376,metric,M30,metric,3.5,SBF5 (TICN),FAB0208308,14215,,
16,TOTEM Silver Cut,DIN 376,metric,M33,metric,3.5,SB1 (BRIGHT),FAB0208309,16789,,
16,TOTEM Silver Cut,DIN 376,metric,M33,metric,3.5,SB3 (TIN),FAB0208310,17518,,
16,TOTEM Silver Cut,DIN 376,metric,M33,metric,3.5,SB4 (TIALN),FAB0208311,17954,,
16,TOTEM Silver Cut,DIN 376,metric,M33,metric,3.5,SBF3 (TIN),FAB0208312,18218,,
16,TOTEM Silver Cut,DIN 376,metric,M33,metric,3.5,SBF5 (TICN),FAB0208313,18853,,
16,TOTEM Silver Cut,DIN 376,metric,M36,metric,4,SB1 (BRIGHT),FAB0208314,17511,,
16,TOTEM Silver Cut,DIN 376,metric,M36,metric,4,SB3 (TIN),FAB0208315,18239,,
16,TOTEM Silver Cut,DIN 376,metric,M36,metric,4,SB4 (TIALN),FAB0208316,18677,,
16,TOTEM Silver Cut,DIN 376,metric,M36,metric,4,SBF3 (TIN),FAB0208317,18968,,
16,TOTEM Silver Cut,DIN 376,metric,M36,metric,4,SBF5 (TICN),FAB0208318,19611,,
16,TOTEM Silver Cut,DIN 376,metric,MF8,metric,1,SB1 (BRIGHT),FAB0204355,1419,,
16,TOTEM Silver Cut,DIN 376,metric,MF8,metric,1,SB3 (TIN),FAB0203297,1616,,
16,TOTEM Silver Cut,DIN 376,metric,MF8,metric,1,SB4 (TIALN),FAB0204376,1687,,
16,TOTEM Silver Cut,DIN 376,metric,MF8,metric,1,SBF3 (TIN),FAB0204565,1678,,
16,TOTEM Silver Cut,DIN 376,metric,MF8,metric,1,SBF5 (TICN),FAB0204387,1751,,
16,TOTEM Silver Cut,DIN 376,metric,MF10,metric,1.25,SB1 (BRIGHT),FAB0204356,1618,,
16,TOTEM Silver Cut,DIN 376,metric,MF10,metric,1.25,SB3 (TIN),FAB0204366,1844,,
16,TOTEM Silver Cut,DIN 376,metric,MF10,metric,1.25,SB4 (TIALN),FAB0204377,1926,,
16,TOTEM Silver Cut,DIN 376,metric,MF10,metric,1.25,SBF3 (TIN),FAB0204566,1914,,
16,TOTEM Silver Cut,DIN 376,metric,MF10,metric,1.25,SBF5 (TICN),FAB0204388,2000,,
16,TOTEM Silver Cut,DIN 376,metric,MF12,metric,1.25,SB1 (BRIGHT),FAB0204359,2248,,
16,TOTEM Silver Cut,DIN 376,metric,MF12,metric,1.25,SB3 (TIN),FAB0204369,2566,,
16,TOTEM Silver Cut,DIN 376,metric,MF12,metric,1.25,SB4 (TIALN),FAB0204380,2676,,
16,TOTEM Silver Cut,DIN 376,metric,MF12,metric,1.25,SBF3 (TIN),FAB0204567,2663,,
16,TOTEM Silver Cut,DIN 376,metric,MF12,metric,1.25,SBF5 (TICN),FAB0204391,2778,,
16,TOTEM Silver Cut,DIN 376,metric,MF12,metric,1.5,SB1 (BRIGHT),FAB0204358,2248,,
16,TOTEM Silver Cut,DIN 376,metric,MF12,metric,1.5,SB3 (TIN),FAB0204368,2566,,
16,TOTEM Silver Cut,DIN 376,metric,MF12,metric,1.5,SB4 (TIALN),FAB0204379,2676,,
16,TOTEM Silver Cut,DIN 376,metric,MF12,metric,1.5,SBF3 (TIN),FAB0204568,2663,,
16,TOTEM Silver Cut,DIN 376,metric,MF12,metric,1.5,SBF5 (TICN),FAB0204390,2778,,
16,TOTEM Silver Cut,DIN 376,metric,MF14,metric,1.5,SB1 (BRIGHT),FAB0204360,3070,,
16,TOTEM Silver Cut,DIN 376,metric,MF14,metric,1.5,SB3 (TIN),FAB0204370,3500,,
16,TOTEM Silver Cut,DIN 376,metric,MF14,metric,1.5,SB4 (TIALN),FAB0204381,3655,,
16,TOTEM Silver Cut,DIN 376,metric,MF14,metric,1.5,SBF3 (TIN),FAB0204569,3632,,
16,TOTEM Silver Cut,DIN 376,metric,MF14,metric,1.5,SBF5 (TICN),FAB0204392,3795,,
16,TOTEM Silver Cut,DIN 376,metric,MF16,metric,1.5,SB1 (BRIGHT),FAB0204362,3235,,
16,TOTEM Silver Cut,DIN 376,metric,MF16,metric,1.5,SB3 (TIN),FAB0204372,3686,,
16,TOTEM Silver Cut,DIN 376,metric,MF16,metric,1.5,SB4 (TIALN),FAB0204383,3848,,
16,TOTEM Silver Cut,DIN 376,metric,MF16,metric,1.5,SBF3 (TIN),FAB0204570,3825,,
16,TOTEM Silver Cut,DIN 376,metric,MF16,metric,1.5,SBF5 (TICN),FAB0204394,3993,,
16,TOTEM Silver Cut,DIN 376,metric,M18,metric,1.5,SB1 (BRIGHT),FAB0204363,4305,,
16,TOTEM Silver Cut,DIN 376,metric,M18,metric,1.5,SB3 (TIN),FAB0204373,4718,,
16,TOTEM Silver Cut,DIN 376,metric,M18,metric,1.5,SB4 (TIALN),FAB0204384,4925,,
16,TOTEM Silver Cut,DIN 376,metric,M18,metric,1.5,SBF3 (TIN),FAB0204912,4896,,
16,TOTEM Silver Cut,DIN 376,metric,M18,metric,1.5,SBF5 (TICN),FAB0204395,5111,,
16,TOTEM Silver Cut,DIN 374,metric,M20,metric,1.5,SB1 (BRIGHT),FAB0204364,6818,,
16,TOTEM Silver Cut,DIN 374,metric,M20,metric,1.5,SB3 (TIN),FAB0204374,7230,,
16,TOTEM Silver Cut,DIN 374,metric,M20,metric,1.5,SB4 (TIALN),FAB0204385,7437,,
16,TOTEM Silver Cut,DIN 374,metric,M20,metric,1.5,SBF3 (TIN),FAB0204913,7503,,
16,TOTEM Silver Cut,DIN 374,metric,M20,metric,1.5,SBF5 (TICN),FAB0204396,7718,,
16,TOTEM Silver Cut,DIN 374,metric,M22,metric,1.5,SB1 (BRIGHT),FAB0204826,8242,,
16,TOTEM Silver Cut,DIN 374,metric,M22,metric,1.5,SB3 (TIN),FAB0204852,8742,,
16,TOTEM Silver Cut,DIN 374,metric,M22,metric,1.5,SB4 (TIALN),FAB0204871,8908,,
16,TOTEM Silver Cut,DIN 374,metric,M22,metric,1.5,SBF3 (TIN),FAB0204914,9090,,
16,TOTEM Silver Cut,DIN 374,metric,M22,metric,1.5,SBF5 (TICN),FAB0205027,9353,,
16,TOTEM Silver Cut,DIN 374,metric,M24,metric,1.5,SB1 (BRIGHT),FAB0204827,8719,,
16,TOTEM Silver Cut,DIN 374,metric,M24,metric,1.5,SB3 (TIN),FAB0204853,9218,,
16,TOTEM Silver Cut,DIN 374,metric,M24,metric,1.5,SB4 (TIALN),FAB0204872,9384,,
16,TOTEM Silver Cut,DIN 374,metric,M24,metric,1.5,SBF3 (TIN),FAB0204915,9587,,
16,TOTEM Silver Cut,DIN 374,metric,M24,metric,1.5,SBF5 (TICN),FAB0205028,9854,,
16,TOTEM Silver Cut,DIN 374,metric,M27,metric,1.5,SB1 (BRIGHT),FAB0208319,13749,,
16,TOTEM Silver Cut,DIN 374,metric,M27,metric,1.5,SB3 (TIN),FAB0208320,14247,,
16,TOTEM Silver Cut,DIN 374,metric,M27,metric,1.5,SB4 (TIALN),FAB0208321,14414,,
16,TOTEM Silver Cut,DIN 374,metric,M27,metric,1.5,SBF3 (TIN),FAB0208322,14818,,
16,TOTEM Silver Cut,DIN 374,metric,M27,metric,1.5,SBF5 (TICN),FAB0208323,15135,,
16,TOTEM Silver Cut,DIN 374,metric,M30,metric,1.5,SB1 (BRIGHT),FAB0208324,14640,,
16,TOTEM Silver Cut,DIN 374,metric,M30,metric,1.5,SB3 (TIN),FAB0208325,15138,,
16,TOTEM Silver Cut,DIN 374,metric,M30,metric,1.5,SB4 (TIALN),FAB0208326,15305,,
16,TOTEM Silver Cut,DIN 374,metric,M30,metric,1.5,SBF3 (TIN),FAB0208327,15744,,
16,TOTEM Silver Cut,DIN 374,metric,M30,metric,1.5,SBF5 (TICN),FAB0208328,16070,,
16,TOTEM Silver Cut,DIN 374,metric,M33,metric,1.5,SB1 (BRIGHT),FAB0208329,19232,,
16,TOTEM Silver Cut,DIN 374,metric,M33,metric,1.5,SB3 (TIN),FAB0208330,19961,,
16,TOTEM Silver Cut,DIN 374,metric,M33,metric,1.5,SB4 (TIALN),FAB0208331,20398,,
16,TOTEM Silver Cut,DIN 374,metric,M33,metric,1.5,SBF3 (TIN),FAB0208332,20759,,
16,TOTEM Silver Cut,DIN 374,metric,M33,metric,1.5,SBF5 (TICN),FAB0208333,21418,,
16,TOTEM Silver Cut,DIN 374,metric,M36,metric,1.5,SB1 (BRIGHT),FAB0208334,21524,,
16,TOTEM Silver Cut,DIN 374,metric,M36,metric,1.5,SB3 (TIN),FAB0208335,22252,,
16,TOTEM Silver Cut,DIN 374,metric,M36,metric,1.5,SB4 (TIALN),FAB0208336,22690,,
16,TOTEM Silver Cut,DIN 374,metric,M36,metric,1.5,SBF3 (TIN),FAB0208337,23142,,
16,TOTEM Silver Cut,DIN 374,metric,M36,metric,1.5,SBF5 (TICN),FAB0208338,23824,,
17,TOTEM Silver Cut,,metric,M3,metric,0.5,SB1 (BRIGHT),FAB0200649,743,,
17,TOTEM Silver Cut,,metric,M3,metric,0.5,SB3 (TIN),FAB0200650,855,,
17,TOTEM Silver Cut,,metric,M3,metric,0.5,SB4 (TIALN),FAB0203145,882,,
17,TOTEM Silver Cut,,metric,M3,metric,0.5,SBF3 (TIN),FAB0204636,887,,
17,TOTEM Silver Cut,,metric,M3,metric,0.5,SBF5 (TICN),FAB0203158,916,,
17,TOTEM Silver Cut,,metric,M4,metric,0.7,SB1 (BRIGHT),FAB0200663,743,,
17,TOTEM Silver Cut,,metric,M4,metric,0.7,SB3 (TIN),FAB0200665,855,,
17,TOTEM Silver Cut,,metric,M4,metric,0.7,SB4 (TIALN),FAB0200666,882,,
17,TOTEM Silver Cut,,metric,M4,metric,0.7,SBF3 (TIN),FAB0204637,887,,
17,TOTEM Silver Cut,,metric,M4,metric,0.7,SBF5 (TICN),FAB0203159,916,,
17,TOTEM Silver Cut,,metric,M5,metric,0.8,SB1 (BRIGHT),FAB0200674,777,,
17,TOTEM Silver Cut,,metric,M5,metric,0.8,SB3 (TIN),FAB0200676,894,,
17,TOTEM Silver Cut,,metric,M5,metric,0.8,SB4 (TIALN),FAB0200677,926,,
17,TOTEM Silver Cut,,metric,M5,metric,0.8,SBF3 (TIN),FAB0204638,930,,
17,TOTEM Silver Cut,,metric,M5,metric,0.8,SBF5 (TICN),FAB0203160,961,,
17,TOTEM Silver Cut,IS 6175,metric,M6,metric,1,SB1 (BRIGHT),FAB0200686,777,,
17,TOTEM Silver Cut,IS 6175,metric,M6,metric,1,SB3 (TIN),FAB0200688,894,,
17,TOTEM Silver Cut,IS 6175,metric,M6,metric,1,SB4 (TIALN),FAB0200689,926,,
17,TOTEM Silver Cut,IS 6175,metric,M6,metric,1,SBF3 (TIN),FAB0204639,930,,
17,TOTEM Silver Cut,IS 6175,metric,M6,metric,1,SBF5 (TICN),FAB0203161,961,,
17,TOTEM Silver Cut,IS 6175,metric,M7,metric,1,SB1 (BRIGHT),FAB0203135,870,,
17,TOTEM Silver Cut,IS 6175,metric,M7,metric,1,SB3 (TIN),FAB0203143,1000,,
17,TOTEM Silver Cut,IS 6175,metric,M7,metric,1,SB4 (TIALN),FAB0203147,1036,,
17,TOTEM Silver Cut,IS 6175,metric,M7,metric,1,SBF3 (TIN),FAB0205428,1040,,
17,TOTEM Silver Cut,IS 6175,metric,M7,metric,1,SBF5 (TICN),FAB0205432,1074,,
17,TOTEM Silver Cut,IS 6175,metric,M8,metric,1.25,SB1 (BRIGHT),FAB0200698,870,,
17,TOTEM Silver Cut,IS 6175,metric,M8,metric,1.25,SB3 (TIN),FAB0200700,1000,,
17,TOTEM Silver Cut,IS 6175,metric,M8,metric,1.25,SB4 (TIALN),FAB0200701,1036,,
17,TOTEM Silver Cut,IS 6175,metric,M8,metric,1.25,SBF3 (TIN),FAB0204640,1040,,
17,TOTEM Silver Cut,IS 6175,metric,M8,metric,1.25,SBF5 (TICN),FAB0203163,1074,,
17,TOTEM Silver Cut,IS 6175,metric,M10,metric,1.5,SB1 (BRIGHT),FAB0200722,1080,,
17,TOTEM Silver Cut,IS 6175,metric,M10,metric,1.5,SB3 (TIN),FAB0200724,1244,,
17,TOTEM Silver Cut,IS 6175,metric,M10,metric,1.5,SB4 (TIALN),FAB0200725,1286,,
17,TOTEM Silver Cut,IS 6175,metric,M10,metric,1.5,SBF3 (TIN),FAB0204641,1289,,
17,TOTEM Silver Cut,IS 6175,metric,M10,metric,1.5,SBF5 (TICN),FAB0203166,1334,,
17,TOTEM Silver Cut,IS 6175,metric,M12,metric,1.75,SB1 (BRIGHT),FAB0200752,1663,,
17,TOTEM Silver Cut,IS 6175,metric,M12,metric,1.75,SB3 (TIN),FAB0200754,1914,,
17,TOTEM Silver Cut,IS 6175,metric,M12,metric,1.75,SB4 (TIALN),FAB0200755,1979,,
17,TOTEM Silver Cut,IS 6175,metric,M12,metric,1.75,SBF3 (TIN),FAB0204642,1988,,
17,TOTEM Silver Cut,IS 6175,metric,M12,metric,1.75,SBF5 (TICN),FAB0203169,2055,,
17,TOTEM Silver Cut,IS 6175,metric,M14,metric,2,SB1 (BRIGHT),FAB0200781,2245,,
17,TOTEM Silver Cut,IS 6175,metric,M14,metric,2,SB3 (TIN),FAB0200782,2583,,
17,TOTEM Silver Cut,IS 6175,metric,M14,metric,2,SB4 (TIALN),FAB0203152,2674,,
17,TOTEM Silver Cut,IS 6175,metric,M14,metric,2,SBF3 (TIN),FAB0204643,2680,,
17,TOTEM Silver Cut,IS 6175,metric,M14,metric,2,SBF5 (TICN),FAB0203171,2775,,
17,TOTEM Silver Cut,IS 6175,metric,M16,metric,2,SB1 (BRIGHT),FAB0200802,2245,,
17,TOTEM Silver Cut,IS 6175,metric,M16,metric,2,SB3 (TIN),FAB0200804,2583,,
17,TOTEM Silver Cut,IS 6175,metric,M16,metric,2,SB4 (TIALN),FAB0203153,2674,,
17,TOTEM Silver Cut,IS 6175,metric,M16,metric,2,SBF3 (TIN),FAB0204644,2680,,
17,TOTEM Silver Cut,IS 6175,metric,M16,metric,2,SBF5 (TICN),FAB0203173,2775,,
17,TOTEM Silver Cut,IS 6175,metric,M18,metric,2.5,SB1 (BRIGHT),FAB0203139,3077,,
17,TOTEM Silver Cut,IS 6175,metric,M18,metric,2.5,SB3 (TIN),FAB0202155,3489,,
17,TOTEM Silver Cut,IS 6175,metric,M18,metric,2.5,SB4 (TIALN),FAB0203155,3695,,
17,TOTEM Silver Cut,IS 6175,metric,M18,metric,2.5,SBF3 (TIN),FAB0205429,3621,,
17,TOTEM Silver Cut,IS 6175,metric,M18,metric,2.5,SBF5 (TICN),FAB0205433,3835,,
17,TOTEM Silver Cut,IS 6175,metric,M20,metric,2.5,SB1 (BRIGHT),FAB0203141,4055,,
17,TOTEM Silver Cut,IS 6175,metric,M20,metric,2.5,SB3 (TIN),FAB0200812,4466,,
17,TOTEM Silver Cut,IS 6175,metric,M20,metric,2.5,SB4 (TIALN),FAB0203157,4673,,
17,TOTEM Silver Cut,IS 6175,metric,M20,metric,2.5,SBF3 (TIN),FAB0205430,4634,,
17,TOTEM Silver Cut,IS 6175,metric,M20,metric,2.5,SBF5 (TICN),FAB0203176,4850,,
17,TOTEM Silver Cut,IS 6175,metric,M22,metric,2.5,SB1 (BRIGHT),FAB0208339,4978,,
17,TOTEM Silver Cut,IS 6175,metric,M22,metric,2.5,SB3 (TIN),FAB0202156,5411,,
17,TOTEM Silver Cut,IS 6175,metric,M22,metric,2.5,SB4 (TIALN),FAB0208340,5643,,
17,TOTEM Silver Cut,IS 6175,metric,M22,metric,2.5,SBF3 (TIN),FAB0208341,5628,,
17,TOTEM Silver Cut,IS 6175,metric,M22,metric,2.5,SBF5 (TICN),FAB0208342,5926,,
17,TOTEM Silver Cut,IS 6175,metric,M24,metric,3,SB1 (BRIGHT),FAB0208343,5545,,
17,TOTEM Silver Cut,IS 6175,metric,M24,metric,3,SB3 (TIN),FAB0200814,5980,,
17,TOTEM Silver Cut,IS 6175,metric,M24,metric,3,SB4 (TIALN),FAB0208344,6211,,
17,TOTEM Silver Cut,IS 6175,metric,M24,metric,3,SBF3 (TIN),FAB0208345,6218,,
17,TOTEM Silver Cut,IS 6175,metric,M24,metric,3,SBF5 (TICN),FAB0208346,6521,,
17,TOTEM Silver Cut,IS 6175,metric,M27,metric,3,SB1 (BRIGHT),FAB0208347,7756,,
17,TOTEM Silver Cut,IS 6175,metric,M27,metric,3,SB3 (TIN),FAB0208348,8206,,
17,TOTEM Silver Cut,IS 6175,metric,M27,metric,3,SB4 (TIALN),FAB0208349,8422,,
17,TOTEM Silver Cut,IS 6175,metric,M27,metric,3,SBF3 (TIN),FAB0208350,8534,,
17,TOTEM Silver Cut,IS 6175,metric,M27,metric,3,SBF5 (TICN),FAB0208351,8842,,
17,TOTEM Silver Cut,IS 6175,metric,M30,metric,3.5,SB1 (BRIGHT),FAB0208352,11494,,
17,TOTEM Silver Cut,IS 6175,metric,M30,metric,3.5,SB3 (TIN),FAB0208353,11943,,
17,TOTEM Silver Cut,IS 6175,metric,M30,metric,3.5,SB4 (TIALN),FAB0208354,12159,,
17,TOTEM Silver Cut,IS 6175,metric,M30,metric,3.5,SBF3 (TIN),FAB0208355,12420,,
17,TOTEM Silver Cut,IS 6175,metric,M30,metric,3.5,SBF5 (TICN),FAB0208356,12768,,
17,TOTEM Silver Cut,IS 6175,metric,M33,metric,3.5,SB1 (BRIGHT),FAB0208357,15263,,
17,TOTEM Silver Cut,IS 6175,metric,M33,metric,3.5,SB3 (TIN),FAB0208358,16022,,
17,TOTEM Silver Cut,IS 6175,metric,M33,metric,3.5,SB4 (TIALN),FAB0208359,16427,,
17,TOTEM Silver Cut,IS 6175,metric,M33,metric,3.5,SBF3 (TIN),FAB0208360,16662,,
17,TOTEM Silver Cut,IS 6175,metric,M33,metric,3.5,SBF5 (TICN),FAB0208361,17249,,
17,TOTEM Silver Cut,IS 6175,metric,M36,metric,4,SB1 (BRIGHT),FAB0208362,15919,,
17,TOTEM Silver Cut,IS 6175,metric,M36,metric,4,SB3 (TIN),FAB0208363,16678,,
17,TOTEM Silver Cut,IS 6175,metric,M36,metric,4,SB4 (TIALN),FAB0208364,17084,,
17,TOTEM Silver Cut,IS 6175,metric,M36,metric,4,SBF3 (TIN),FAB0208365,17346,,
17,TOTEM Silver Cut,IS 6175,metric,M36,metric,4,SBF5 (TICN),FAB0208366,17939,,
17,TOTEM Silver Cut,IS 6175,metric,IS,inch,6175,SB1 (BRIGHT),FAB0203136,967,,
17,TOTEM Silver Cut,IS 6175,metric,IS,inch,6175,SB3 (TIN),FAB0202157,1157,,
17,TOTEM Silver Cut,IS 6175,metric,IS,inch,6175,SB4 (TIALN),FAB0203148,1152,,
17,TOTEM Silver Cut,IS 6175,metric,IS,inch,6175,SBF3 (TIN),FAB0204645,1201,,
17,TOTEM Silver Cut,IS 6175,metric,IS,inch,6175,SBF5 (TICN),FAB0203162,1194,,
17,TOTEM Silver Cut,IS 6175,metric,Part,inch,II,SB1 (BRIGHT),FAB0200711,1253,,
17,TOTEM Silver Cut,IS 6175,metric,Part,inch,II,SB3 (TIN),FAB0200713,1442,,
17,TOTEM Silver Cut,IS 6175,metric,Part,inch,II,SB4 (TIALN),FAB0203150,1492,,
17,TOTEM Silver Cut,IS 6175,metric,Part,inch,II,SBF3 (TIN),FAB0204646,1496,,
17,TOTEM Silver Cut,IS 6175,metric,Part,inch,II,SBF5 (TICN),FAB0203165,1549,,
17,TOTEM Silver Cut,IS 6175,metric,MF12,metric,1.25,SB1 (BRIGHT),FAB0200732,1940,,
17,TOTEM Silver Cut,IS 6175,metric,MF12,metric,1.25,SB3 (TIN),FAB0200733,2231,,
17,TOTEM Silver Cut,IS 6175,metric,MF12,metric,1.25,SB4 (TIALN),FAB0204653,2307,,
17,TOTEM Silver Cut,IS 6175,metric,MF12,metric,1.25,SBF3 (TIN),FAB0204647,2316,,
17,TOTEM Silver Cut,IS 6175,metric,MF12,metric,1.25,SBF5 (TICN),FAB0204654,2394,,
17,TOTEM Silver Cut,IS 6175,metric,MF12,metric,1.5,SB1 (BRIGHT),FAB0200741,1940,,
17,TOTEM Silver Cut,IS 6175,metric,MF12,metric,1.5,SB3 (TIN),FAB0200743,2231,,
17,TOTEM Silver Cut,IS 6175,metric,MF12,metric,1.5,SB4 (TIALN),FAB0200744,2307,,
17,TOTEM Silver Cut,IS 6175,metric,MF12,metric,1.5,SBF3 (TIN),FAB0204648,2316,,
17,TOTEM Silver Cut,IS 6175,metric,MF12,metric,1.5,SBF5 (TICN),FAB0204731,2394,,
17,TOTEM Silver Cut,IS 6175,metric,MF14,metric,1.5,SB1 (BRIGHT),FAB0200772,2257,,
17,TOTEM Silver Cut,IS 6175,metric,MF14,metric,1.5,SB3 (TIN),FAB0200774,2591,,
17,TOTEM Silver Cut,IS 6175,metric,MF14,metric,1.5,SB4 (TIALN),FAB0203151,2683,,
17,TOTEM Silver Cut,IS 6175,metric,MF14,metric,1.5,SBF3 (TIN),FAB0204649,2690,,
17,TOTEM Silver Cut,IS 6175,metric,MF14,metric,1.5,SBF5 (TICN),FAB0204732,2785,,
17,TOTEM Silver Cut,IS 6175,metric,MF16,metric,1.5,SB1 (BRIGHT),FAB0200791,2257,,
17,TOTEM Silver Cut,IS 6175,metric,MF16,metric,1.5,SB3 (TIN),FAB0200793,2591,,
17,TOTEM Silver Cut,IS 6175,metric,MF16,metric,1.5,SB4 (TIALN),FAB0200794,2683,,
17,TOTEM Silver Cut,IS 6175,metric,MF16,metric,1.5,SBF3 (TIN),FAB0204650,2690,,
17,TOTEM Silver Cut,IS 6175,metric,MF16,metric,1.5,SBF5 (TICN),FAB0204733,2785,,
17,TOTEM Silver Cut,IS 6175,metric,M18,metric,1.5,SB1 (BRIGHT),FAB0203138,4057,,
17,TOTEM Silver Cut,IS 6175,metric,M18,metric,1.5,SB3 (TIN),FAB0203144,4469,,
17,TOTEM Silver Cut,IS 6175,metric,M18,metric,1.5,SB4 (TIALN),FAB0203154,4676,,
17,TOTEM Silver Cut,IS 6175,metric,M18,metric,1.5,SBF3 (TIN),FAB0205478,4638,,
17,TOTEM Silver Cut,IS 6175,metric,M18,metric,1.5,SBF5 (TICN),FAB0203174,4853,,
17,TOTEM Silver Cut,IS 6175,metric,IS,inch,6175,SB1 (BRIGHT),FAB0203140,5119,,
17,TOTEM Silver Cut,IS 6175,metric,IS,inch,6175,SB3 (TIN),FAB0200808,5531,,
17,TOTEM Silver Cut,IS 6175,metric,IS,inch,6175,SB4 (TIALN),FAB0203156,5738,,
17,TOTEM Silver Cut,IS 6175,metric,IS,inch,6175,SBF3 (TIN),FAB0205479,5741,,
17,TOTEM Silver Cut,IS 6175,metric,IS,inch,6175,SBF5 (TICN),FAB0203175,5954,,
17,TOTEM Silver Cut,IS 6175,metric,Part,inch,III,SB1 (BRIGHT),FAB0208367,7632,,
17,TOTEM Silver Cut,IS 6175,metric,Part,inch,III,SB3 (TIN),FAB0207577,8065,,
17,TOTEM Silver Cut,IS 6175,metric,Part,inch,III,SB4 (TIALN),FAB0208368,8297,,
17,TOTEM Silver Cut,IS 6175,metric,Part,inch,III,SBF3 (TIN),FAB0208369,8389,,
17,TOTEM Silver Cut,IS 6175,metric,Part,inch,III,SBF5 (TICN),FAB0208370,8712,,
17,TOTEM Silver Cut,IS 6175,metric,M24,metric,1.5,SB1 (BRIGHT),FAB0208371,7927,,
17,TOTEM Silver Cut,IS 6175,metric,M24,metric,1.5,SB3 (TIN),FAB0207578,8360,,
17,TOTEM Silver Cut,IS 6175,metric,M24,metric,1.5,SB4 (TIALN),FAB0208372,8592,,
17,TOTEM Silver Cut,IS 6175,metric,M24,metric,1.5,SBF3 (TIN),FAB0206744,8693,,
17,TOTEM Silver Cut,IS 6175,metric,M24,metric,1.5,SBF5 (TICN),FAB0208373,9022,,
17,TOTEM Silver Cut,IS 6175,metric,M27,metric,1.5,SB1 (BRIGHT),FAB0208374,12730,,
17,TOTEM Silver Cut,IS 6175,metric,M27,metric,1.5,SB3 (TIN),FAB0207580,13180,,
17,TOTEM Silver Cut,IS 6175,metric,M27,metric,1.5,SB4 (TIALN),FAB0208375,13396,,
17,TOTEM Silver Cut,IS 6175,metric,M27,metric,1.5,SBF3 (TIN),FAB0208376,13707,,
17,TOTEM Silver Cut,IS 6175,metric,M27,metric,1.5,SBF5 (TICN),FAB0208377,14066,,
17,TOTEM Silver Cut,IS 6175,metric,M30,metric,1.5,SB1 (BRIGHT),FAB0208378,13309,,
17,TOTEM Silver Cut,IS 6175,metric,M30,metric,1.5,SB3 (TIN),FAB0207581,14363,,
17,TOTEM Silver Cut,IS 6175,metric,M30,metric,1.5,SB4 (TIALN),FAB0208379,13974,,
17,TOTEM Silver Cut,IS 6175,metric,M30,metric,1.5,SBF3 (TIN),FAB0208380,14938,,
17,TOTEM Silver Cut,IS 6175,metric,M30,metric,1.5,SBF5 (TICN),FAB0208381,14673,,
17,TOTEM Silver Cut,IS 6175,metric,M33,metric,1.5,SB1 (BRIGHT),FAB0208382,17483,,
17,TOTEM Silver Cut,IS 6175,metric,M33,metric,1.5,SB3 (TIN),FAB0208383,17933,,
17,TOTEM Silver Cut,IS 6175,metric,M33,metric,1.5,SB4 (TIALN),FAB0208384,18649,,
17,TOTEM Silver Cut,IS 6175,metric,M33,metric,1.5,SBF3 (TIN),FAB0208385,18651,,
17,TOTEM Silver Cut,IS 6175,metric,M33,metric,1.5,SBF5 (TICN),FAB0208386,19582,,
17,TOTEM Silver Cut,IS 6175,metric,M36,metric,1.5,SB1 (BRIGHT),FAB0208387,19568,,
17,TOTEM Silver Cut,IS 6175,metric,M36,metric,1.5,SB3 (TIN),FAB0208388,20296,,
17,TOTEM Silver Cut,IS 6175,metric,M36,metric,1.5,SB4 (TIALN),FAB0208389,20733,,
17,TOTEM Silver Cut,IS 6175,metric,M36,metric,1.5,SBF3 (TIN),FAB0208390,21107,,
17,TOTEM Silver Cut,IS 6175,metric,M36,metric,1.5,SBF5 (TICN),FAB0208391,21770,,
18,TOTEM Silver Cut,,UNF/UNC,M3,metric,0.5,SBU3 (TIN),FAB0208044,864,,
18,TOTEM Silver Cut,,UNF/UNC,M3,metric,0.5,SBU5 (TICN),FAB0208059,901,,
18,TOTEM Silver Cut,,UNF/UNC,M3,metric,0.5,SBF5 P3 (TICN),FAB0209006,934,,
18,TOTEM Silver Cut,,UNF/UNC,M4,metric,0.7,SBU3 (TIN),FAB0207885,864,,
18,TOTEM Silver Cut,,UNF/UNC,M4,metric,0.7,SBU5 (TICN),FAB0208060,901,,
18,TOTEM Silver Cut,,UNF/UNC,M4,metric,0.7,SBF5 P3 (TICN),FAB0209007,934,,
18,TOTEM Silver Cut,,UNF/UNC,M5,metric,0.8,SBU3 (TIN),FAB0208045,905,,
18,TOTEM Silver Cut,,UNF/UNC,M5,metric,0.8,SBU5 (TICN),FAB0208061,945,,
18,TOTEM Silver Cut,,UNF/UNC,M5,metric,0.8,SBF5 P3 (TICN),FAB0209008,979,,
18,TOTEM Silver Cut,DIN 371,UNF/UNC,M6,metric,1,SBU3 (TIN),FAB0208046,905,,
18,TOTEM Silver Cut,DIN 371,UNF/UNC,M6,metric,1,SBU5 (TICN),FAB0208062,945,,
18,TOTEM Silver Cut,DIN 371,UNF/UNC,M6,metric,1,SBF5 P3 (TICN),FAB0209009,979,,
18,TOTEM Silver Cut,DIN 371,UNF/UNC,M8,metric,1.25,SBU3 (TIN),FAB0208047,1013,,
18,TOTEM Silver Cut,DIN 371,UNF/UNC,M8,metric,1.25,SBU5 (TICN),FAB0208063,1058,,
18,TOTEM Silver Cut,DIN 371,UNF/UNC,M8,metric,1.25,SBF5 P3 (TICN),FAB0208758,1098,,
18,TOTEM Silver Cut,DIN 371,UNF/UNC,M10,metric,1.5,SBU3 (TIN),FAB0208048,1254,,
18,TOTEM Silver Cut,DIN 371,UNF/UNC,M10,metric,1.5,SBU5 (TICN),FAB0206986,1311,,
18,TOTEM Silver Cut,DIN 371,UNF/UNC,M10,metric,1.5,SBF5 P3 (TICN),FAB0209010,1361,,
18,TOTEM Silver Cut,DIN 371,UNF/UNC,M12,metric,1.75,SBU3 (TIN),FAB0208049,2614,,
18,TOTEM Silver Cut,DIN 371,UNF/UNC,M12,metric,1.75,SBU5 (TICN),FAB0206993,2728,,
18,TOTEM Silver Cut,DIN 371,UNF/UNC,M12,metric,1.75,SBF5 P3 (TICN),FAB0209011,2833,,
18,TOTEM Silver Cut,DIN 371,UNF/UNC,M14,metric,2,SBU3 (TIN),FAB0208050,3581,,
18,TOTEM Silver Cut,DIN 371,UNF/UNC,M14,metric,2,SBU5 (TICN),FAB0208064,3739,,
18,TOTEM Silver Cut,DIN 371,UNF/UNC,M14,metric,2,SBF5 P3 (TICN),FAB0209012,3880,,
18,TOTEM Silver Cut,DIN 376,UNF/UNC,DIN,inch,376,SBU3 (TIN),FAB0208051,3581,,
18,TOTEM Silver Cut,DIN 376,UNF/UNC,DIN,inch,376,SBU5 (TICN),FAB0208065,3739,,
18,TOTEM Silver Cut,DIN 376,UNF/UNC,DIN,inch,376,SBF5 P3 (TICN),FAB0208760,3880,,
18,TOTEM Silver Cut,DIN 376,UNF/UNC,M18,metric,2.5,SBU3 (TIN),FAB0209021,5856,,
18,TOTEM Silver Cut,DIN 376,UNF/UNC,M18,metric,2.5,SBU5 (TICN),FAB0209023,6064,,
18,TOTEM Silver Cut,DIN 376,UNF/UNC,M18,metric,2.5,SBF5 P3 (TICN),FAB0209013,6293,,
18,TOTEM Silver Cut,DIN 376,UNF/UNC,M20,metric,2.5,SBU3 (TIN),FAB0209022,6463,,
18,TOTEM Silver Cut,DIN 376,UNF/UNC,M20,metric,2.5,SBU5 (TICN),FAB0209024,6651,,
18,TOTEM Silver Cut,DIN 376,UNF/UNC,M20,metric,2.5,SBF5 P3 (TICN),FAB0209014,6901,,
18,TOTEM Silver Cut,DIN 376,UNF/UNC,MF8,metric,1,SBU3 (TIN),FAB0208052,1616,,
18,TOTEM Silver Cut,DIN 376,UNF/UNC,MF8,metric,1,SBU5 (TICN),FAB0208066,1687,,
18,TOTEM Silver Cut,DIN 376,UNF/UNC,MF8,metric,1,SBF5 P3 (TICN),FAB0209025,1751,,
18,TOTEM Silver Cut,DIN 376,UNF/UNC,MF10,metric,1.25,SBU3 (TIN),FAB0208054,1844,,
18,TOTEM Silver Cut,DIN 376,UNF/UNC,MF10,metric,1.25,SBU5 (TICN),FAB0208068,1926,,
18,TOTEM Silver Cut,DIN 376,UNF/UNC,MF10,metric,1.25,SBF5 P3 (TICN),FAB0209026,2000,,
18,TOTEM Silver Cut,DIN 376,UNF/UNC,MF12,metric,1.25,SBU3 (TIN),FAB0208055,2566,,
18,TOTEM Silver Cut,DIN 376,UNF/UNC,MF12,metric,1.25,SBU5 (TICN),FAB0208069,2676,,
18,TOTEM Silver Cut,DIN 376,UNF/UNC,MF12,metric,1.25,SBF5 P3 (TICN),FAB0209029,2778,,
18,TOTEM Silver Cut,DIN 376,UNF/UNC,MF12,metric,1.5,SBU3 (TIN),FAB0208056,2566,,
18,TOTEM Silver Cut,DIN 376,UNF/UNC,MF12,metric,1.5,SBU5 (TICN),FAB0208070,2676,,
18,TOTEM Silver Cut,DIN 376,UNF/UNC,MF12,metric,1.5,SBF5 P3 (TICN),FAB0209028,2778,,
18,TOTEM Silver Cut,DIN 374,UNF/UNC,MF14,metric,1.5,SBU3 (TIN),FAB0208057,3500,,
18,TOTEM Silver Cut,DIN 374,UNF/UNC,MF14,metric,1.5,SBU5 (TICN),FAB0208071,3655,,
18,TOTEM Silver Cut,DIN 374,UNF/UNC,MF14,metric,1.5,SBF5 P3 (TICN),FAB0209030,3795,,
18,TOTEM Silver Cut,DIN 374,UNF/UNC,MF16,metric,1.5,SBU3 (TIN),FAB0208058,3686,,
18,TOTEM Silver Cut,DIN 374,UNF/UNC,MF16,metric,1.5,SBU5 (TICN),FAB0208072,3848,,
18,TOTEM Silver Cut,DIN 374,UNF/UNC,MF16,metric,1.5,SBF5 P3 (TICN),FAB0208810,3993,,
18,TOTEM Silver Cut,DIN 374,UNF/UNC,M18,metric,1.5,SBU3 (TIN),FAB0204165,4718,,
18,TOTEM Silver Cut,DIN 374,UNF/UNC,M18,metric,1.5,SBU5 (TICN),FAB0204165,4925,,
18,TOTEM Silver Cut,DIN 374,UNF/UNC,M18,metric,1.5,SBF5 P3 (TICN),FAB0209031,5111,,
18,TOTEM Silver Cut,DIN 374,UNF/UNC,M20,metric,1.5,SBU3 (TIN),FAB0204166,7230,,
18,TOTEM Silver Cut,DIN 374,UNF/UNC,M20,metric,1.5,SBU5 (TICN),FAB0204166,7437,,
18,TOTEM Silver Cut,DIN 374,UNF/UNC,M20,metric,1.5,SBF5 P3 (TICN),FAB0209032,7718,,
18,TOTEM Silver Cut,IS 6175,UNF/UNC,M3,metric,0.5,SBU3 (TIN),FAB0208015,855,,
18,TOTEM Silver Cut,IS 6175,UNF/UNC,M3,metric,0.5,SBU5 (TICN),FAB0207340,882,,
18,TOTEM Silver Cut,IS 6175,UNF/UNC,IS,inch,6175,SBU3 (TIN),FAB0208024,1157,,
18,TOTEM Silver Cut,IS 6175,UNF/UNC,IS,inch,6175,SBU5 (TICN),FAB0208037,1152,,
18,TOTEM Silver Cut,IS 6175,UNF/UNC,M4,metric,0.7,SBU3 (TIN),FAB0208016,855,,
18,TOTEM Silver Cut,IS 6175,UNF/UNC,M4,metric,0.7,SBU5 (TICN),FAB0208030,882,,
18,TOTEM Silver Cut,IS 6175,UNF/UNC,Part,inch,II,SBU3 (TIN),FAB0208025,1442,,
18,TOTEM Silver Cut,IS 6175,UNF/UNC,Part,inch,II,SBU5 (TICN),FAB0208039,1492,,
18,TOTEM Silver Cut,IS 6175,UNF/UNC,IS,inch,6175,SBU3 (TIN),FAB0208017,894,,
18,TOTEM Silver Cut,IS 6175,UNF/UNC,IS,inch,6175,SBU5 (TICN),FAB0208031,926,,
18,TOTEM Silver Cut,IS 6175,UNF/UNC,MF12,metric,1.25,SBU3 (TIN),FAB0208028,2231,,
18,TOTEM Silver Cut,IS 6175,UNF/UNC,MF12,metric,1.25,SBU5 (TICN),FAB0208040,2307,,
18,TOTEM Silver Cut,IS 6175,UNF/UNC,Part,inch,II,SBU3 (TIN),FAB0208018,894,,
18,TOTEM Silver Cut,IS 6175,UNF/UNC,Part,inch,II,SBU5 (TICN),FAB0208032,926,,
18,TOTEM Silver Cut,IS 6175,UNF/UNC,MF12,metric,1.5,SBU3 (TIN),FAB0208027,2231,,
18,TOTEM Silver Cut,IS 6175,UNF/UNC,MF12,metric,1.5,SBU5 (TICN),FAB0208041,2307,,
18,TOTEM Silver Cut,IS 6175,UNF/UNC,M8,metric,1.25,SBU3 (TIN),FAB0208019,1000,,
18,TOTEM Silver Cut,IS 6175,UNF/UNC,M8,metric,1.25,SBU5 (TICN),FAB0208033,1036,,
18,TOTEM Silver Cut,IS 6175,UNF/UNC,IS,inch,6175,SBU3 (TIN),FAB0209061,2591,,
18,TOTEM Silver Cut,IS 6175,UNF/UNC,IS,inch,6175,SBU5 (TICN),FAB0208042,2683,,
18,TOTEM Silver Cut,IS 6175,UNF/UNC,M10,metric,1.5,SBU3 (TIN),FAB0208020,1244,,
18,TOTEM Silver Cut,IS 6175,UNF/UNC,M10,metric,1.5,SBU5 (TICN),FAB0208034,1286,,
18,TOTEM Silver Cut,IS 6175,UNF/UNC,Part,inch,III,SBU3 (TIN),FAB0208029,2591,,
18,TOTEM Silver Cut,IS 6175,UNF/UNC,Part,inch,III,SBU5 (TICN),FAB0208043,2683,,
18,TOTEM Silver Cut,IS 6175,UNF/UNC,M12,metric,1.75,SBU3 (TIN),FAB0208021,1914,,
18,TOTEM Silver Cut,IS 6175,UNF/UNC,M12,metric,1.75,SBU5 (TICN),FAB0208035,1979,,
18,TOTEM Silver Cut,IS 6175,UNF/UNC,M18,metric,1.5,SBU3 (TIN),FAB0208620,4469,,
18,TOTEM Silver Cut,IS 6175,UNF/UNC,M18,metric,1.5,SBU5 (TICN),FAB0209063,4676,,
18,TOTEM Silver Cut,IS 6175,UNF/UNC,M14,metric,2,SBU3 (TIN),FAB0208022,2583,,
18,TOTEM Silver Cut,IS 6175,UNF/UNC,M14,metric,2,SBU5 (TICN),FAB0208036,2674,,
18,TOTEM Silver Cut,IS 6175,UNF/UNC,M20,metric,1.5,SBU3 (TIN),FAB0209062,5531,,
18,TOTEM Silver Cut,IS 6175,UNF/UNC,M20,metric,1.5,SBU5 (TICN),FAB0209064,5738,,
18,TOTEM Silver Cut,IS 6175,UNF/UNC,M16,metric,2,SBU3 (TIN),FAB0208023,2583,,
18,TOTEM Silver Cut,IS 6175,UNF/UNC,M16,metric,2,SBU5 (TICN),FAB0208023,2674,,
18,TOTEM Silver Cut,IS 6175,UNF/UNC,M18,metric,2.5,SBU3 (TIN),FAB0208747,3489,,
18,TOTEM Silver Cut,IS 6175,UNF/UNC,M18,metric,2.5,SBU5 (TICN),FAB0209232,3695,,
18,TOTEM Silver Cut,IS 6175,UNF/UNC,M20,metric,2.5,SBU3 (TIN),FAB0208977,4466,,
18,TOTEM Silver Cut,IS 6175,UNF/UNC,M20,metric,2.5,SBU5 (TICN),FAB0209233,4673,,
19,TOTEM Silver Cut,,UNC,"1/4""",inch,20,SB1 (BRIGHT),FAB0204397,789,,
19,TOTEM Silver Cut,,UNC,"1/4""",inch,20,SB3 (TIN),FAB0204406,945,,
19,TOTEM Silver Cut,,UNC,"1/4""",inch,20,SBU3 (TIN),FAB0209044,945,,
19,TOTEM Silver Cut,DIN 371,UNC,"5/16""",inch,18,SB1 (BRIGHT),FAB0204398,1004,,
19,TOTEM Silver Cut,DIN 371,UNC,"5/16""",inch,18,SB3 (TIN),FAB0204407,1152,,
19,TOTEM Silver Cut,DIN 371,UNC,"5/16""",inch,18,SBU3 (TIN),FAB0209045,1152,,
19,TOTEM Silver Cut,DIN 371,UNC,"3/8""",inch,16,SB1 (BRIGHT),FAB0204399,1216,,
19,TOTEM Silver Cut,DIN 371,UNC,"3/8""",inch,16,SB3 (TIN),FAB0204408,1396,,
19,TOTEM Silver Cut,DIN 371,UNC,"3/8""",inch,16,SBU3 (TIN),FAB0209046,1396,,
19,TOTEM Silver Cut,DIN 371,UNC,"7/16""",inch,14,SB1 (BRIGHT),FAB0204400,1630,,
19,TOTEM Silver Cut,DIN 371,UNC,"7/16""",inch,14,SB3 (TIN),FAB0204409,1791,,
19,TOTEM Silver Cut,DIN 371,UNC,"7/16""",inch,14,SBU3 (TIN),FAB0209047,1791,,
19,TOTEM Silver Cut,DIN 371,UNC,"1/2""",inch,13,SB1 (BRIGHT),FAB0204401,2009,,
19,TOTEM Silver Cut,DIN 371,UNC,"1/2""",inch,13,SB3 (TIN),FAB0204410,2310,,
19,TOTEM Silver Cut,DIN 371,UNC,"1/2""",inch,13,SBU3 (TIN),FAB0209048,2310,,
19,TOTEM Silver Cut,DIN 371,UNC,"5/8""",inch,11,SB1 (BRIGHT),FAB0204402,2720,,
19,TOTEM Silver Cut,DIN 371,UNC,"5/8""",inch,11,SB3 (TIN),FAB0204411,3127,,
19,TOTEM Silver Cut,DIN 371,UNC,"5/8""",inch,11,SBU3 (TIN),FAB0209049,3127,,
19,TOTEM Silver Cut,DIN 376,UNC,"3/4""",inch,10,SB1 (BRIGHT),FAB0204403,3935,,
19,TOTEM Silver Cut,DIN 376,UNC,"3/4""",inch,10,SB3 (TIN),FAB0204412,4520,,
19,TOTEM Silver Cut,DIN 376,UNC,"3/4""",inch,10,SBU3 (TIN),FAB0209050,4520,,
19,TOTEM Silver Cut,DIN 376,UNC,"7/8""",inch,9,SB1 (BRIGHT),FAB0204404,5312,,
19,TOTEM Silver Cut,DIN 376,UNC,"7/8""",inch,9,SB3 (TIN),FAB0204413,5726,,
19,TOTEM Silver Cut,DIN 376,UNC,"7/8""",inch,9,SBU3 (TIN),FAB0208738,5726,,
19,TOTEM Silver Cut,DIN 376,UNC,"1""",inch,8,SB1 (BRIGHT),FAB0204405,6534,,
19,TOTEM Silver Cut,DIN 376,UNC,"1""",inch,8,SB3 (TIN),FAB0204414,6947,,
19,TOTEM Silver Cut,DIN 376,UNC,"1""",inch,8,SBU3 (TIN),FAB0209051,6947,,
19,TOTEM Silver Cut,DIN 376,UNC,"1/4""",inch,28,SB1 (BRIGHT),FAB0204415,789,,
19,TOTEM Silver Cut,DIN 376,UNC,"1/4""",inch,28,SB3 (TIN),FAB0204424,945,,
19,TOTEM Silver Cut,DIN 376,UNC,"1/4""",inch,28,SBU3 (TIN),FAB0209052,945,,
19,TOTEM Silver Cut,DIN 376,UNC,"5/16""",inch,24,SB1 (BRIGHT),FAB0204416,1004,,
19,TOTEM Silver Cut,DIN 376,UNC,"5/16""",inch,24,SB3 (TIN),FAB0204425,1152,,
19,TOTEM Silver Cut,DIN 376,UNC,"5/16""",inch,24,SBU3 (TIN),FAB0209053,1152,,
19,TOTEM Silver Cut,DIN 376,UNC,"3/8""",inch,24,SB1 (BRIGHT),FAB0204417,1216,,
19,TOTEM Silver Cut,DIN 376,UNC,"3/8""",inch,24,SB3 (TIN),FAB0204426,1396,,
19,TOTEM Silver Cut,DIN 376,UNC,"3/8""",inch,24,SBU3 (TIN),FAB0209054,1396,,
19,TOTEM Silver Cut,DIN 376,UNC,"7/16""",inch,20,SB1 (BRIGHT),FAB0204418,1558,,
19,TOTEM Silver Cut,DIN 376,UNC,"7/16""",inch,20,SB3 (TIN),FAB0204427,1791,,
19,TOTEM Silver Cut,DIN 376,UNC,"7/16""",inch,20,SBU3 (TIN),FAB0209055,1791,,
19,TOTEM Silver Cut,DIN 374,UNC,"1/2""",inch,20,SB1 (BRIGHT),FAB0204419,1924,,
19,TOTEM Silver Cut,DIN 374,UNC,"1/2""",inch,20,SB3 (TIN),FAB0204428,2211,,
19,TOTEM Silver Cut,DIN 374,UNC,"1/2""",inch,20,SBU3 (TIN),FAB0209056,2211,,
19,TOTEM Silver Cut,DIN 374,UNC,"5/8""",inch,18,SB1 (BRIGHT),FAB0204420,2602,,
19,TOTEM Silver Cut,DIN 374,UNC,"5/8""",inch,18,SB3 (TIN),FAB0204429,2990,,
19,TOTEM Silver Cut,DIN 374,UNC,"5/8""",inch,18,SBU3 (TIN),FAB0209057,2990,,
19,TOTEM Silver Cut,DIN 374,UNC,"3/4""",inch,16,SB1 (BRIGHT),FAB0204421,3765,,
19,TOTEM Silver Cut,DIN 374,UNC,"3/4""",inch,16,SB3 (TIN),FAB0204430,4325,,
19,TOTEM Silver Cut,DIN 374,UNC,"3/4""",inch,16,SBU3 (TIN),FAB0209058,4325,,
19,TOTEM Silver Cut,DIN 374,UNC,"7/8""",inch,14,SB1 (BRIGHT),FAB0204422,5312,,
19,TOTEM Silver Cut,DIN 374,UNC,"7/8""",inch,14,SB3 (TIN),FAB0204431,5726,,
19,TOTEM Silver Cut,DIN 374,UNC,"7/8""",inch,14,SBU3 (TIN),FAB0209059,5726,,
19,TOTEM Silver Cut,DIN 374,UNC,"1""",inch,12,SB1 (BRIGHT),FAB0204423,6534,,
19,TOTEM Silver Cut,DIN 374,UNC,"1""",inch,12,SB3 (TIN),FAB0204432,6947,,
19,TOTEM Silver Cut,DIN 374,UNC,"1""",inch,12,SBU3 (TIN),FAB0209060,6947,,
20,TOTEM Silver Cut,,UNC,"1/4""",inch,20,SB1 (BRIGHT),FAB0200576,717,,
20,TOTEM Silver Cut,,UNC,"1/4""",inch,20,SB3 (TIN),FAB0200578,859,,
20,TOTEM Silver Cut,,UNC,"1/4""",inch,20,SBU3 (TIN),FAB0208967,859,,
20,TOTEM Silver Cut,,UNC,"1/4""",inch,20,SBU5 (TICN),FAB0209068,932,,
20,TOTEM Silver Cut,,UNC,"5/16""",inch,18,SB1 (BRIGHT),FAB0200585,912,,
20,TOTEM Silver Cut,,UNC,"5/16""",inch,18,SB3 (TIN),FAB0200587,1045,,
20,TOTEM Silver Cut,,UNC,"5/16""",inch,18,SBU3 (TIN),FAB0209065,1045,,
20,TOTEM Silver Cut,,UNC,"5/16""",inch,18,SBU5 (TICN),FAB0209069,1134,,
20,TOTEM Silver Cut,,UNC,"3/8""",inch,16,SB1 (BRIGHT),FAB0200596,1104,,
20,TOTEM Silver Cut,,UNC,"3/8""",inch,16,SB3 (TIN),FAB0200598,1268,,
20,TOTEM Silver Cut,,UNC,"3/8""",inch,16,SBU3 (TIN),FAB0209066,1268,,
20,TOTEM Silver Cut,,UNC,"3/8""",inch,16,SBU5 (TICN),FAB0209070,1376,,
20,TOTEM Silver Cut,,UNC,"7/16""",inch,14,SB1 (BRIGHT),FAB0200606,1415,,
20,TOTEM Silver Cut,,UNC,"7/16""",inch,14,SB3 (TIN),FAB0200608,1627,,
20,TOTEM Silver Cut,,UNC,"7/16""",inch,14,SBU3 (TIN),FAB0209067,1627,,
20,TOTEM Silver Cut,,UNC,"7/16""",inch,14,SBU5 (TICN),FAB0209071,1765,,
20,TOTEM Silver Cut,,UNC,"1/2""",inch,13,SB1 (BRIGHT),FAB0200617,1748,,
20,TOTEM Silver Cut,,UNC,"1/2""",inch,13,SB3 (TIN),FAB0200619,2009,,
20,TOTEM Silver Cut,,UNC,"1/2""",inch,13,SBU3 (TIN),FAB0208968,2009,,
20,TOTEM Silver Cut,,UNC,"1/2""",inch,13,SBU5 (TICN),FAB0209072,2180,,
20,TOTEM Silver Cut,,UNC,"5/8""",inch,11,SB1 (BRIGHT),FAB0200631,2364,,
20,TOTEM Silver Cut,,UNC,"5/8""",inch,11,SB3 (TIN),FAB0200633,2719,,
20,TOTEM Silver Cut,,UNC,"5/8""",inch,11,SBU3 (TIN),FAB0208969,2719,,
20,TOTEM Silver Cut,,UNC,"5/8""",inch,11,SBU5 (TICN),FAB0209073,2950,,
20,TOTEM Silver Cut,,UNC,"3/4""",inch,10,SB1 (BRIGHT),FAB0200641,3421,,
20,TOTEM Silver Cut,,UNC,"3/4""",inch,10,SB3 (TIN),FAB0200643,3931,,
20,TOTEM Silver Cut,,UNC,"3/4""",inch,10,SBU3 (TIN),FAB0208970,3931,,
20,TOTEM Silver Cut,,UNC,"3/4""",inch,10,SBU5 (TICN),FAB0209074,4265,,
20,TOTEM Silver Cut,,UNC,"7/8""",inch,9,SB1 (BRIGHT),FAB0206614,4987,,
20,TOTEM Silver Cut,,UNC,"7/8""",inch,9,SB3 (TIN),FAB0206615,5400,,
20,TOTEM Silver Cut,,UNC,"7/8""",inch,9,SBU3 (TIN),FAB0209234,5400,,
20,TOTEM Silver Cut,,UNC,"7/8""",inch,9,SBU5 (TICN),FAB0209075,5859,,
20,TOTEM Silver Cut,,UNC,"1""",inch,8,SB1 (BRIGHT),FAB0206616,6127,,
20,TOTEM Silver Cut,,UNC,"1""",inch,8,SB3 (TIN),FAB0206617,6538,,
20,TOTEM Silver Cut,,UNC,"1""",inch,8,SBU3 (TIN),FAB0208868,6538,,
20,TOTEM Silver Cut,,UNC,"1""",inch,8,SBU5 (TICN),FAB0209076,7094,,
20,TOTEM Silver Cut,,UNC,"1/4""",inch,28,SB1 (BRIGHT),FAB0200500,717,,
20,TOTEM Silver Cut,,UNC,"1/4""",inch,28,SB3 (TIN),FAB0200501,859,,
20,TOTEM Silver Cut,,UNC,"1/4""",inch,28,SBU3 (TIN),FAB0209077,859,,
20,TOTEM Silver Cut,,UNC,"1/4""",inch,28,SBU5 (TICN),FAB0209086,932,,
20,TOTEM Silver Cut,,UNC,"5/16""",inch,24,SB1 (BRIGHT),FAB0200510,912,,
20,TOTEM Silver Cut,,UNC,"5/16""",inch,24,SB3 (TIN),FAB0200512,1045,,
20,TOTEM Silver Cut,,UNC,"5/16""",inch,24,SBU3 (TIN),FAB0209078,1045,,
20,TOTEM Silver Cut,,UNC,"5/16""",inch,24,SBU5 (TICN),FAB0209087,1134,,
20,TOTEM Silver Cut,,UNC,"3/8""",inch,24,SB1 (BRIGHT),FAB0200520,1104,,
20,TOTEM Silver Cut,,UNC,"3/8""",inch,24,SB3 (TIN),FAB0200522,1268,,
20,TOTEM Silver Cut,,UNC,"3/8""",inch,24,SBU3 (TIN),FAB0209079,1268,,
20,TOTEM Silver Cut,,UNC,"3/8""",inch,24,SBU5 (TICN),FAB0209088,1376,,
20,TOTEM Silver Cut,,UNC,"7/16""",inch,20,SB1 (BRIGHT),FAB0200531,1415,,
20,TOTEM Silver Cut,,UNC,"7/16""",inch,20,SB3 (TIN),FAB0200533,1627,,
20,TOTEM Silver Cut,,UNC,"7/16""",inch,20,SBU3 (TIN),FAB0209080,1627,,
20,TOTEM Silver Cut,,UNC,"7/16""",inch,20,SBU5 (TICN),FAB0208740,1765,,
20,TOTEM Silver Cut,,UNC,"1/2""",inch,20,SB1 (BRIGHT),FAB0200542,1748,,
20,TOTEM Silver Cut,,UNC,"1/2""",inch,20,SB3 (TIN),FAB0200544,2009,,
20,TOTEM Silver Cut,,UNC,"1/2""",inch,20,SBU3 (TIN),FAB0209081,2009,,
20,TOTEM Silver Cut,,UNC,"1/2""",inch,20,SBU5 (TICN),FAB0209090,2180,,
20,TOTEM Silver Cut,,UNC,"5/8""",inch,18,SB1 (BRIGHT),FAB0200555,2364,,
20,TOTEM Silver Cut,,UNC,"5/8""",inch,18,SB3 (TIN),FAB0200557,2719,,
20,TOTEM Silver Cut,,UNC,"5/8""",inch,18,SBU3 (TIN),FAB0209082,2719,,
20,TOTEM Silver Cut,,UNC,"5/8""",inch,18,SBU5 (TICN),FAB0209091,2950,,
20,TOTEM Silver Cut,,UNC,"3/4""",inch,16,SB1 (BRIGHT),FAB0200566,3421,,
20,TOTEM Silver Cut,,UNC,"3/4""",inch,16,SB3 (TIN),FAB0200568,3931,,
20,TOTEM Silver Cut,,UNC,"3/4""",inch,16,SBU3 (TIN),FAB0209083,3931,,
20,TOTEM Silver Cut,,UNC,"3/4""",inch,16,SBU5 (TICN),FAB0209092,4265,,
20,TOTEM Silver Cut,,UNC,"7/8""",inch,14,SB1 (BRIGHT),FAB0206618,4987,,
20,TOTEM Silver Cut,,UNC,"7/8""",inch,14,SB3 (TIN),FAB0206619,5400,,
20,TOTEM Silver Cut,,UNC,"7/8""",inch,14,SBU3 (TIN),FAB0209084,5400,,
20,TOTEM Silver Cut,,UNC,"7/8""",inch,14,SBU5 (TICN),FAB0209093,5859,,
20,TOTEM Silver Cut,,UNC,"1""",inch,12,SB1 (BRIGHT),FAB0206621,6127,,
20,TOTEM Silver Cut,,UNC,"1""",inch,12,SB3 (TIN),FAB0206775,6538,,
20,TOTEM Silver Cut,,UNC,"1""",inch,12,SBU3 (TIN),FAB0209085,6538,,
20,TOTEM Silver Cut,,UNC,"1""",inch,12,SBU5 (TICN),FAB0209094,7094,,
21,TOTEM Silver Cut,,metric,M3,metric,0.5,SC3 (TIN),FAB0204433,657,,
21,TOTEM Silver Cut,,metric,M3,metric,0.5,SC4 (TIALN),FAB0204441,724,,
21,TOTEM Silver Cut,,metric,M3,metric,0.5,SCF3 (TIN),FAB0204571,657,,
21,TOTEM Silver Cut,,metric,M3,metric,0.5,SCF5 (TICN),FAB0204586,724,,
21,TOTEM Silver Cut,,metric,M4,metric,0.7,SC3 (TIN),FAB0204434,657,,
21,TOTEM Silver Cut,,metric,M4,metric,0.7,SC4 (TIALN),FAB0204442,724,,
21,TOTEM Silver Cut,,metric,M4,metric,0.7,SCF3 (TIN),FAB0204572,657,,
21,TOTEM Silver Cut,,metric,M4,metric,0.7,SCF5 (TICN),FAB0204587,724,,
21,TOTEM Silver Cut,,metric,M5,metric,0.8,SC3 (TIN),FAB0203676,692,,
21,TOTEM Silver Cut,,metric,M5,metric,0.8,SC4 (TIALN),FAB0204443,760,,
21,TOTEM Silver Cut,,metric,M5,metric,0.8,SCF3 (TIN),FAB0204573,692,,
21,TOTEM Silver Cut,,metric,M5,metric,0.8,SCF5 (TICN),FAB0204588,760,,
21,TOTEM Silver Cut,DIN 371,metric,DIN,inch,371,SC3 (TIN),FAB0203677,692,,
21,TOTEM Silver Cut,DIN 371,metric,DIN,inch,371,SC4 (TIALN),FAB0203679,760,,
21,TOTEM Silver Cut,DIN 371,metric,DIN,inch,371,SCF3 (TIN),FAB0204574,692,,
21,TOTEM Silver Cut,DIN 371,metric,DIN,inch,371,SCF5 (TICN),FAB0204589,760,,
21,TOTEM Silver Cut,DIN 371,metric,M7,metric,1,SC3 (TIN),FAB0208392,771,,
21,TOTEM Silver Cut,DIN 371,metric,M7,metric,1,SC4 (TIALN),FAB0208393,848,,
21,TOTEM Silver Cut,DIN 371,metric,M7,metric,1,SCF3 (TIN),FAB0208394,771,,
21,TOTEM Silver Cut,DIN 371,metric,M7,metric,1,SCF5 (TICN),FAB0208395,848,,
21,TOTEM Silver Cut,DIN 371,metric,M8,metric,1.25,SC3 (TIN),FAB0203678,771,,
21,TOTEM Silver Cut,DIN 371,metric,M8,metric,1.25,SC4 (TIALN),FAB0203680,848,,
21,TOTEM Silver Cut,DIN 371,metric,M8,metric,1.25,SCF3 (TIN),FAB0204575,771,,
21,TOTEM Silver Cut,DIN 371,metric,M8,metric,1.25,SCF5 (TICN),FAB0204590,848,,
21,TOTEM Silver Cut,DIN 371,metric,M10,metric,1.5,SC3 (TIN),FAB0200969,960,,
21,TOTEM Silver Cut,DIN 371,metric,M10,metric,1.5,SC4 (TIALN),FAB0203682,1056,,
21,TOTEM Silver Cut,DIN 371,metric,M10,metric,1.5,SCF3 (TIN),FAB0204576,960,,
21,TOTEM Silver Cut,DIN 371,metric,M10,metric,1.5,SCF5 (TICN),FAB0204591,1056,,
21,TOTEM Silver Cut,DIN 371,metric,M12,metric,1.75,SC3 (TIN),FAB0200975,1558,,
21,TOTEM Silver Cut,DIN 371,metric,M12,metric,1.75,SC4 (TIALN),FAB0203683,1717,,
21,TOTEM Silver Cut,DIN 371,metric,M12,metric,1.75,SCF3 (TIN),FAB0204577,1558,,
21,TOTEM Silver Cut,DIN 371,metric,M12,metric,1.75,SCF5 (TICN),FAB0204592,1717,,
21,TOTEM Silver Cut,DIN 371,metric,M14,metric,2,SC3 (TIN),FAB0204437,2140,,
21,TOTEM Silver Cut,DIN 371,metric,M14,metric,2,SC4 (TIALN),FAB0204446,2355,,
21,TOTEM Silver Cut,DIN 371,metric,M14,metric,2,SCF3 (TIN),FAB0204578,2140,,
21,TOTEM Silver Cut,DIN 371,metric,M14,metric,2,SCF5 (TICN),FAB0204593,2355,,
21,TOTEM Silver Cut,DIN 371,metric,M16,metric,2,SC3 (TIN),FAB0204438,2140,,
21,TOTEM Silver Cut,DIN 371,metric,M16,metric,2,SC4 (TIALN),FAB0204447,2355,,
21,TOTEM Silver Cut,DIN 371,metric,M16,metric,2,SCF3 (TIN),FAB0204579,2140,,
21,TOTEM Silver Cut,DIN 371,metric,M16,metric,2,SCF5 (TICN),FAB0204594,2355,,
21,TOTEM Silver Cut,DIN 371,metric,M18,metric,2.5,SC3 (TIN),FAB0204439,3974,,
21,TOTEM Silver Cut,DIN 371,metric,M18,metric,2.5,SC4 (TIALN),FAB0204448,4188,,
21,TOTEM Silver Cut,DIN 371,metric,M18,metric,2.5,SCF3 (TIN),FAB0208396,3974,,
21,TOTEM Silver Cut,DIN 371,metric,M18,metric,2.5,SCF5 (TICN),FAB0204939,4188,,
21,TOTEM Silver Cut,DIN 371,metric,M20,metric,2.5,SC3 (TIN),FAB0204440,4905,,
21,TOTEM Silver Cut,DIN 371,metric,M20,metric,2.5,SC4 (TIALN),FAB0204449,5119,,
21,TOTEM Silver Cut,DIN 371,metric,M20,metric,2.5,SCF3 (TIN),FAB0208397,4905,,
21,TOTEM Silver Cut,DIN 371,metric,M20,metric,2.5,SCF5 (TICN),FAB0204940,5119,,
21,TOTEM Silver Cut,DIN 376,metric,DIN,inch,376,SC3 (TIN),FAB0208398,4747,,
21,TOTEM Silver Cut,DIN 376,metric,DIN,inch,376,SC4 (TIALN),FAB0208399,4913,,
21,TOTEM Silver Cut,DIN 376,metric,DIN,inch,376,SCF3 (TIN),FAB0208400,4747,,
21,TOTEM Silver Cut,DIN 376,metric,DIN,inch,376,SCF5 (TICN),FAB0208401,4913,,
21,TOTEM Silver Cut,DIN 376,metric,M24,metric,3,SC3 (TIN),FAB0208402,5467,,
21,TOTEM Silver Cut,DIN 376,metric,M24,metric,3,SC4 (TIALN),FAB0208403,5633,,
21,TOTEM Silver Cut,DIN 376,metric,M24,metric,3,SCF3 (TIN),FAB0208404,5467,,
21,TOTEM Silver Cut,DIN 376,metric,M24,metric,3,SCF5 (TICN),FAB0208405,5633,,
21,TOTEM Silver Cut,DIN 376,metric,M27,metric,3,SC3 (TIN),FAB0208406,7890,,
21,TOTEM Silver Cut,DIN 376,metric,M27,metric,3,SC4 (TIALN),FAB0208407,8058,,
21,TOTEM Silver Cut,DIN 376,metric,M27,metric,3,SCF3 (TIN),FAB0208408,7890,,
21,TOTEM Silver Cut,DIN 376,metric,M27,metric,3,SCF5 (TICN),FAB0208409,8058,,
21,TOTEM Silver Cut,DIN 376,metric,M30,metric,3.5,SC3 (TIN),FAB0208410,8908,,
21,TOTEM Silver Cut,DIN 376,metric,M30,metric,3.5,SC4 (TIALN),FAB0208411,9074,,
21,TOTEM Silver Cut,DIN 376,metric,M30,metric,3.5,SCF3 (TIN),FAB0208412,8908,,
21,TOTEM Silver Cut,DIN 376,metric,M30,metric,3.5,SCF5 (TICN),FAB0208413,9074,,
21,TOTEM Silver Cut,DIN 376,metric,M33,metric,3.5,SC3 (TIN),FAB0208414,10794,,
21,TOTEM Silver Cut,DIN 376,metric,M33,metric,3.5,SC4 (TIALN),FAB0208415,11231,,
21,TOTEM Silver Cut,DIN 376,metric,M33,metric,3.5,SCF3 (TIN),FAB0208416,10794,,
21,TOTEM Silver Cut,DIN 376,metric,M33,metric,3.5,SCF5 (TICN),FAB0208417,11231,,
21,TOTEM Silver Cut,DIN 376,metric,M36,metric,4,SC3 (TIN),FAB0208418,14736,,
21,TOTEM Silver Cut,DIN 376,metric,M36,metric,4,SC4 (TIALN),FAB0208419,15173,,
21,TOTEM Silver Cut,DIN 376,metric,M36,metric,4,SCF3 (TIN),FAB0208420,14736,,
21,TOTEM Silver Cut,DIN 376,metric,M36,metric,4,SCF5 (TICN),FAB0208421,15173,,
21,TOTEM Silver Cut,DIN 376,metric,MF8,metric,1,SC3 (TIN),FAB0204451,1025,,
21,TOTEM Silver Cut,DIN 376,metric,MF8,metric,1,SC4 (TIALN),FAB0204460,1126,,
21,TOTEM Silver Cut,DIN 376,metric,MF8,metric,1,SCF3 (TIN),FAB0204580,1025,,
21,TOTEM Silver Cut,DIN 376,metric,MF8,metric,1,SCF5 (TICN),FAB0204595,1126,,
21,TOTEM Silver Cut,DIN 376,metric,MF10,metric,1.25,SC3 (TIN),FAB0204730,1221,,
21,TOTEM Silver Cut,DIN 376,metric,MF10,metric,1.25,SC4 (TIALN),FAB0204461,1341,,
21,TOTEM Silver Cut,DIN 376,metric,MF10,metric,1.25,SCF3 (TIN),FAB0204581,1221,,
21,TOTEM Silver Cut,DIN 376,metric,MF10,metric,1.25,SCF5 (TICN),FAB0204596,1341,,
21,TOTEM Silver Cut,DIN 376,metric,MF12,metric,1.25,SC3 (TIN),FAB0204454,1862,,
21,TOTEM Silver Cut,DIN 376,metric,MF12,metric,1.25,SC4 (TIALN),FAB0204464,2049,,
21,TOTEM Silver Cut,DIN 376,metric,MF12,metric,1.25,SCF3 (TIN),FAB0204582,1862,,
21,TOTEM Silver Cut,DIN 376,metric,MF12,metric,1.25,SCF5 (TICN),FAB0204597,2049,,
21,TOTEM Silver Cut,DIN 376,metric,MF12,metric,1.5,SC3 (TIN),FAB0204453,1862,,
21,TOTEM Silver Cut,DIN 376,metric,MF12,metric,1.5,SC4 (TIALN),FAB0204463,2049,,
21,TOTEM Silver Cut,DIN 376,metric,MF12,metric,1.5,SCF3 (TIN),FAB0204583,1862,,
21,TOTEM Silver Cut,DIN 376,metric,MF12,metric,1.5,SCF5 (TICN),FAB0204598,2049,,
21,TOTEM Silver Cut,DIN 376,metric,MF14,metric,1.5,SC3 (TIN),FAB0204455,2168,,
21,TOTEM Silver Cut,DIN 376,metric,MF14,metric,1.5,SC4 (TIALN),FAB0204465,2386,,
21,TOTEM Silver Cut,DIN 376,metric,MF14,metric,1.5,SCF3 (TIN),FAB0204584,2168,,
21,TOTEM Silver Cut,DIN 376,metric,MF14,metric,1.5,SCF5 (TICN),FAB0204599,2386,,
21,TOTEM Silver Cut,DIN 376,metric,MF16,metric,1.5,SC3 (TIN),FAB0204456,2168,,
21,TOTEM Silver Cut,DIN 376,metric,MF16,metric,1.5,SC4 (TIALN),FAB0204466,2386,,
21,TOTEM Silver Cut,DIN 376,metric,MF16,metric,1.5,SCF3 (TIN),FAB0204585,2168,,
21,TOTEM Silver Cut,DIN 376,metric,MF16,metric,1.5,SCF5 (TICN),FAB0204600,2386,,
21,TOTEM Silver Cut,DIN 376,metric,M18,metric,1.5,SC3 (TIN),FAB0204457,4274,,
21,TOTEM Silver Cut,DIN 376,metric,M18,metric,1.5,SC4 (TIALN),FAB0204467,4488,,
21,TOTEM Silver Cut,DIN 376,metric,M18,metric,1.5,SCF3 (TIN),FAB0204921,4274,,
21,TOTEM Silver Cut,DIN 376,metric,M18,metric,1.5,SCF5 (TICN),FAB0204944,4488,,
21,TOTEM Silver Cut,DIN 374,metric,M20,metric,1.5,SC3 (TIN),FAB0204458,5490,,
21,TOTEM Silver Cut,DIN 374,metric,M20,metric,1.5,SC4 (TIALN),FAB0204468,5705,,
21,TOTEM Silver Cut,DIN 374,metric,M20,metric,1.5,SCF3 (TIN),FAB0204922,5490,,
21,TOTEM Silver Cut,DIN 374,metric,M20,metric,1.5,SCF5 (TICN),FAB0204945,5705,,
21,TOTEM Silver Cut,DIN 374,metric,M22,metric,1.5,SC3 (TIN),FAB0204830,5437,,
21,TOTEM Silver Cut,DIN 374,metric,M22,metric,1.5,SC4 (TIALN),FAB0207257,5603,,
21,TOTEM Silver Cut,DIN 374,metric,M22,metric,1.5,SCF3 (TIN),FAB0204923,5437,,
21,TOTEM Silver Cut,DIN 374,metric,M22,metric,1.5,SCF5 (TICN),FAB0204946,5603,,
21,TOTEM Silver Cut,DIN 374,metric,M24,metric,1.5,SC3 (TIN),FAB0204831,6004,,
21,TOTEM Silver Cut,DIN 374,metric,M24,metric,1.5,SC4 (TIALN),FAB0204857,6171,,
21,TOTEM Silver Cut,DIN 374,metric,M24,metric,1.5,SCF3 (TIN),FAB0204924,6004,,
21,TOTEM Silver Cut,DIN 374,metric,M24,metric,1.5,SCF5 (TICN),FAB0204947,6171,,
21,TOTEM Silver Cut,DIN 374,metric,M27,metric,1.5,SC3 (TIN),FAB0208422,8577,,
21,TOTEM Silver Cut,DIN 374,metric,M27,metric,1.5,SC4 (TIALN),FAB0208423,8743,,
21,TOTEM Silver Cut,DIN 374,metric,M27,metric,1.5,SCF3 (TIN),FAB0208424,8577,,
21,TOTEM Silver Cut,DIN 374,metric,M27,metric,1.5,SCF5 (TICN),FAB0208425,8743,,
21,TOTEM Silver Cut,DIN 374,metric,M30,metric,1.5,SC3 (TIN),FAB0205819,9747,,
21,TOTEM Silver Cut,DIN 374,metric,M30,metric,1.5,SC4 (TIALN),FAB0208426,9914,,
21,TOTEM Silver Cut,DIN 374,metric,M30,metric,1.5,SCF3 (TIN),FAB0208427,9747,,
21,TOTEM Silver Cut,DIN 374,metric,M30,metric,1.5,SCF5 (TICN),FAB0208428,9914,,
21,TOTEM Silver Cut,DIN 374,metric,M33,metric,1.5,SC3 (TIN),FAB0208429,12020,,
21,TOTEM Silver Cut,DIN 374,metric,M33,metric,1.5,SC4 (TIALN),FAB0208430,12458,,
21,TOTEM Silver Cut,DIN 374,metric,M33,metric,1.5,SCF3 (TIN),FAB0208431,12020,,
21,TOTEM Silver Cut,DIN 374,metric,M33,metric,1.5,SCF5 (TICN),FAB0208432,12458,,
21,TOTEM Silver Cut,DIN 374,metric,M36,metric,1.5,SC3 (TIN),FAB0208433,16396,,
21,TOTEM Silver Cut,DIN 374,metric,M36,metric,1.5,SC4 (TIALN),FAB0208434,16833,,
21,TOTEM Silver Cut,DIN 374,metric,M36,metric,1.5,SCF3 (TIN),FAB0208435,16396,,
21,TOTEM Silver Cut,DIN 374,metric,M36,metric,1.5,SCF5 (TICN),FAB0208436,16833,,
22,TOTEM Silver Cut,,metric,M3,metric,0.5,SC3 (TIN),FAB0200645,645,,
22,TOTEM Silver Cut,,metric,M3,metric,0.5,SC4 (TIALN),FAB0200646,702,,
22,TOTEM Silver Cut,,metric,M3,metric,0.5,SCF3 (TIN),FAB0204601,645,,
22,TOTEM Silver Cut,,metric,M3,metric,0.5,SCF5 (TICN),FAB0204616,702,,
22,TOTEM Silver Cut,,metric,M4,metric,0.7,SC3 (TIN),FAB0200657,645,,
22,TOTEM Silver Cut,,metric,M4,metric,0.7,SC4 (TIALN),FAB0200658,702,,
22,TOTEM Silver Cut,,metric,M4,metric,0.7,SCF3 (TIN),FAB0204602,645,,
22,TOTEM Silver Cut,,metric,M4,metric,0.7,SCF5 (TICN),FAB0204617,702,,
22,TOTEM Silver Cut,,metric,M5,metric,0.8,SC3 (TIN),FAB0200669,678,,
22,TOTEM Silver Cut,,metric,M5,metric,0.8,SC4 (TIALN),FAB0200670,738,,
22,TOTEM Silver Cut,,metric,M5,metric,0.8,SCF3 (TIN),FAB0204603,678,,
22,TOTEM Silver Cut,,metric,M5,metric,0.8,SCF5 (TICN),FAB0204618,738,,
22,TOTEM Silver Cut,IS 6175,metric,M6,metric,1,SC3 (TIN),FAB0200680,678,,
22,TOTEM Silver Cut,IS 6175,metric,M6,metric,1,SC4 (TIALN),FAB0200681,738,,
22,TOTEM Silver Cut,IS 6175,metric,M6,metric,1,SCF3 (TIN),FAB0204604,678,,
22,TOTEM Silver Cut,IS 6175,metric,M6,metric,1,SCF5 (TICN),FAB0204619,738,,
22,TOTEM Silver Cut,IS 6175,metric,M7,metric,1,SC3 (TIN),FAB0208437,756,,
22,TOTEM Silver Cut,IS 6175,metric,M7,metric,1,SC4 (TIALN),FAB0208438,822,,
22,TOTEM Silver Cut,IS 6175,metric,M7,metric,1,SCF3 (TIN),FAB0208439,756,,
22,TOTEM Silver Cut,IS 6175,metric,M7,metric,1,SCF5 (TICN),FAB0208440,822,,
22,TOTEM Silver Cut,IS 6175,metric,M8,metric,1.25,SC3 (TIN),FAB0200692,756,,
22,TOTEM Silver Cut,IS 6175,metric,M8,metric,1.25,SC4 (TIALN),FAB0200693,822,,
22,TOTEM Silver Cut,IS 6175,metric,M8,metric,1.25,SCF3 (TIN),FAB0204605,756,,
22,TOTEM Silver Cut,IS 6175,metric,M8,metric,1.25,SCF5 (TICN),FAB0204620,822,,
22,TOTEM Silver Cut,IS 6175,metric,M10,metric,1.5,SC3 (TIN),FAB0200716,941,,
22,TOTEM Silver Cut,IS 6175,metric,M10,metric,1.5,SC4 (TIALN),FAB0200717,1020,,
22,TOTEM Silver Cut,IS 6175,metric,M10,metric,1.5,SCF3 (TIN),FAB0204606,941,,
22,TOTEM Silver Cut,IS 6175,metric,M10,metric,1.5,SCF5 (TICN),FAB0204621,1020,,
22,TOTEM Silver Cut,IS 6175,metric,M12,metric,1.75,SC3 (TIN),FAB0200747,1442,,
22,TOTEM Silver Cut,IS 6175,metric,M12,metric,1.75,SC4 (TIALN),FAB0200871,1571,,
22,TOTEM Silver Cut,IS 6175,metric,M12,metric,1.75,SCF3 (TIN),FAB0204607,1442,,
22,TOTEM Silver Cut,IS 6175,metric,M12,metric,1.75,SCF5 (TICN),FAB0204622,1571,,
22,TOTEM Silver Cut,IS 6175,metric,M14,metric,2,SC3 (TIN),FAB0200776,1957,,
22,TOTEM Silver Cut,IS 6175,metric,M14,metric,2,SC4 (TIALN),FAB0200777,2129,,
22,TOTEM Silver Cut,IS 6175,metric,M14,metric,2,SCF3 (TIN),FAB0204608,1957,,
22,TOTEM Silver Cut,IS 6175,metric,M14,metric,2,SCF5 (TICN),FAB0204623,2129,,
22,TOTEM Silver Cut,IS 6175,metric,M16,metric,2,SC3 (TIN),FAB0200797,1957,,
22,TOTEM Silver Cut,IS 6175,metric,M16,metric,2,SC4 (TIALN),FAB0200798,2129,,
22,TOTEM Silver Cut,IS 6175,metric,M16,metric,2,SCF3 (TIN),FAB0204609,1957,,
22,TOTEM Silver Cut,IS 6175,metric,M16,metric,2,SCF5 (TICN),FAB0204624,2129,,
22,TOTEM Silver Cut,IS 6175,metric,M18,metric,2.5,SC3 (TIN),FAB0203764,2864,,
22,TOTEM Silver Cut,IS 6175,metric,M18,metric,2.5,SC4 (TIALN),FAB0206622,3078,,
22,TOTEM Silver Cut,IS 6175,metric,M18,metric,2.5,SCF3 (TIN),FAB0206623,2864,,
22,TOTEM Silver Cut,IS 6175,metric,M18,metric,2.5,SCF5 (TICN),FAB0206624,3078,,
22,TOTEM Silver Cut,IS 6175,metric,M20,metric,2.5,SC3 (TIN),FAB0203219,3785,,
22,TOTEM Silver Cut,IS 6175,metric,M20,metric,2.5,SC4 (TIALN),FAB0200809,3999,,
22,TOTEM Silver Cut,IS 6175,metric,M20,metric,2.5,SCF3 (TIN),FAB0206625,3785,,
22,TOTEM Silver Cut,IS 6175,metric,M20,metric,2.5,SCF5 (TICN),FAB0205362,3999,,
22,TOTEM Silver Cut,IS 6175,metric,M22,metric,2.5,SC3 (TIN),FAB0208441,4360,,
22,TOTEM Silver Cut,IS 6175,metric,M22,metric,2.5,SC4 (TIALN),FAB0206484,4527,,
22,TOTEM Silver Cut,IS 6175,metric,M22,metric,2.5,SCF3 (TIN),FAB0208442,4360,,
22,TOTEM Silver Cut,IS 6175,metric,M22,metric,2.5,SCF5 (TICN),FAB0208443,4527,,
22,TOTEM Silver Cut,IS 6175,metric,M24,metric,3,SC3 (TIN),FAB0208444,4935,,
22,TOTEM Silver Cut,IS 6175,metric,M24,metric,3,SC4 (TIALN),FAB0200813,5102,,
22,TOTEM Silver Cut,IS 6175,metric,M24,metric,3,SCF3 (TIN),FAB0208079,4935,,
22,TOTEM Silver Cut,IS 6175,metric,M24,metric,3,SCF5 (TICN),FAB0208445,5102,,
22,TOTEM Silver Cut,IS 6175,metric,M27,metric,3,SC3 (TIN),FAB0208446,7218,,
22,TOTEM Silver Cut,IS 6175,metric,M27,metric,3,SC4 (TIALN),FAB0208447,7384,,
22,TOTEM Silver Cut,IS 6175,metric,M27,metric,3,SCF3 (TIN),FAB0208448,7218,,
22,TOTEM Silver Cut,IS 6175,metric,M27,metric,3,SCF5 (TICN),FAB0208449,7384,,
22,TOTEM Silver Cut,IS 6175,metric,M30,metric,3.5,SC3 (TIN),FAB0208450,8007,,
22,TOTEM Silver Cut,IS 6175,metric,M30,metric,3.5,SC4 (TIALN),FAB0205946,8173,,
22,TOTEM Silver Cut,IS 6175,metric,M30,metric,3.5,SCF3 (TIN),FAB0208126,8007,,
22,TOTEM Silver Cut,IS 6175,metric,M30,metric,3.5,SCF5 (TICN),FAB0208451,8173,,
22,TOTEM Silver Cut,IS 6175,metric,M33,metric,3.5,SC3 (TIN),FAB0208452,9879,,
22,TOTEM Silver Cut,IS 6175,metric,M33,metric,3.5,SC4 (TIALN),FAB0208453,10317,,
22,TOTEM Silver Cut,IS 6175,metric,M33,metric,3.5,SCF3 (TIN),FAB0208454,9879,,
22,TOTEM Silver Cut,IS 6175,metric,M33,metric,3.5,SCF5 (TICN),FAB0208455,10317,,
22,TOTEM Silver Cut,IS 6175,metric,M36,metric,4,SC3 (TIN),FAB0208456,13463,,
22,TOTEM Silver Cut,IS 6175,metric,M36,metric,4,SC4 (TIALN),FAB0205947,13900,,
22,TOTEM Silver Cut,IS 6175,metric,M36,metric,4,SCF3 (TIN),FAB0208080,13463,,
22,TOTEM Silver Cut,IS 6175,metric,M36,metric,4,SCF5 (TICN),FAB0208457,13900,,
22,TOTEM Silver Cut,IS 6175,metric,IS,inch,6175,SC3 (TIN),FAB0202976,832,,
22,TOTEM Silver Cut,IS 6175,metric,IS,inch,6175,SC4 (TIALN),FAB0203740,878,,
22,TOTEM Silver Cut,IS 6175,metric,IS,inch,6175,SCF3 (TIN),FAB0204610,832,,
22,TOTEM Silver Cut,IS 6175,metric,IS,inch,6175,SCF5 (TICN),FAB0204625,878,,
22,TOTEM Silver Cut,IS 6175,metric,Part,inch,II,SC3 (TIN),FAB0200706,1089,,
22,TOTEM Silver Cut,IS 6175,metric,Part,inch,II,SC4 (TIALN),FAB0200707,1186,,
22,TOTEM Silver Cut,IS 6175,metric,Part,inch,II,SCF3 (TIN),FAB0204611,1089,,
22,TOTEM Silver Cut,IS 6175,metric,Part,inch,II,SCF5 (TICN),FAB0204626,1186,,
22,TOTEM Silver Cut,IS 6175,metric,MF12,metric,1.25,SC3 (TIN),FAB0200727,1684,,
22,TOTEM Silver Cut,IS 6175,metric,MF12,metric,1.25,SC4 (TIALN),FAB0200728,1829,,
22,TOTEM Silver Cut,IS 6175,metric,MF12,metric,1.25,SCF3 (TIN),FAB0204612,1684,,
22,TOTEM Silver Cut,IS 6175,metric,MF12,metric,1.25,SCF5 (TICN),FAB0204627,1829,,
22,TOTEM Silver Cut,IS 6175,metric,MF12,metric,1.5,SC3 (TIN),FAB0200736,1684,,
22,TOTEM Silver Cut,IS 6175,metric,MF12,metric,1.5,SC4 (TIALN),FAB0200737,1829,,
22,TOTEM Silver Cut,IS 6175,metric,MF12,metric,1.5,SCF3 (TIN),FAB0204613,1684,,
22,TOTEM Silver Cut,IS 6175,metric,MF12,metric,1.5,SCF5 (TICN),FAB0204628,1829,,
22,TOTEM Silver Cut,IS 6175,metric,MF14,metric,1.5,SC3 (TIN),FAB0200767,1957,,
22,TOTEM Silver Cut,IS 6175,metric,MF14,metric,1.5,SC4 (TIALN),FAB0200768,2129,,
22,TOTEM Silver Cut,IS 6175,metric,MF14,metric,1.5,SCF3 (TIN),FAB0204614,1957,,
22,TOTEM Silver Cut,IS 6175,metric,MF14,metric,1.5,SCF5 (TICN),FAB0204629,2129,,
22,TOTEM Silver Cut,IS 6175,metric,MF16,metric,1.5,SC3 (TIN),FAB0200785,1957,,
22,TOTEM Silver Cut,IS 6175,metric,MF16,metric,1.5,SC4 (TIALN),FAB0200786,2129,,
22,TOTEM Silver Cut,IS 6175,metric,MF16,metric,1.5,SCF3 (TIN),FAB0204615,1957,,
22,TOTEM Silver Cut,IS 6175,metric,MF16,metric,1.5,SCF5 (TICN),FAB0204630,2129,,
22,TOTEM Silver Cut,IS 6175,metric,M18,metric,1.5,SC3 (TIN),FAB0203217,3700,,
22,TOTEM Silver Cut,IS 6175,metric,M18,metric,1.5,SC4 (TIALN),FAB0200805,3915,,
22,TOTEM Silver Cut,IS 6175,metric,M18,metric,1.5,SCF3 (TIN),FAB0206626,3700,,
22,TOTEM Silver Cut,IS 6175,metric,M18,metric,1.5,SCF5 (TICN),FAB0205395,3915,,
22,TOTEM Silver Cut,IS 6175,metric,IS,inch,6175,SC3 (TIN),FAB0203218,4726,,
22,TOTEM Silver Cut,IS 6175,metric,IS,inch,6175,SC4 (TIALN),FAB0200806,4940,,
22,TOTEM Silver Cut,IS 6175,metric,IS,inch,6175,SCF3 (TIN),FAB0206627,4726,,
22,TOTEM Silver Cut,IS 6175,metric,IS,inch,6175,SCF5 (TICN),FAB0205396,4940,,
22,TOTEM Silver Cut,IS 6175,metric,Part,inch,III,SC3 (TIN),FAB0204024,5072,,
22,TOTEM Silver Cut,IS 6175,metric,Part,inch,III,SC4 (TIALN),FAB0203741,5238,,
22,TOTEM Silver Cut,IS 6175,metric,Part,inch,III,SCF3 (TIN),FAB0208458,5072,,
22,TOTEM Silver Cut,IS 6175,metric,Part,inch,III,SCF5 (TICN),FAB0208459,5238,,
22,TOTEM Silver Cut,IS 6175,metric,M24,metric,1.5,SC3 (TIN),FAB0208460,5504,,
22,TOTEM Silver Cut,IS 6175,metric,M24,metric,1.5,SC4 (TIALN),FAB0206745,5671,,
22,TOTEM Silver Cut,IS 6175,metric,M24,metric,1.5,SCF3 (TIN),FAB0207243,5504,,
22,TOTEM Silver Cut,IS 6175,metric,M24,metric,1.5,SCF5 (TICN),FAB0208461,5671,,
22,TOTEM Silver Cut,IS 6175,metric,M27,metric,1.5,SC3 (TIN),FAB0208462,7977,,
22,TOTEM Silver Cut,IS 6175,metric,M27,metric,1.5,SC4 (TIALN),FAB0208463,8143,,
22,TOTEM Silver Cut,IS 6175,metric,M27,metric,1.5,SCF3 (TIN),FAB0208464,7977,,
22,TOTEM Silver Cut,IS 6175,metric,M27,metric,1.5,SCF5 (TICN),FAB0208465,8143,,
22,TOTEM Silver Cut,IS 6175,metric,M30,metric,1.5,SC3 (TIN),FAB0208466,8907,,
22,TOTEM Silver Cut,IS 6175,metric,M30,metric,1.5,SC4 (TIALN),FAB0208467,9073,,
22,TOTEM Silver Cut,IS 6175,metric,M30,metric,1.5,SCF3 (TIN),FAB0206746,8907,,
22,TOTEM Silver Cut,IS 6175,metric,M30,metric,1.5,SCF5 (TICN),FAB0208468,9073,,
22,TOTEM Silver Cut,IS 6175,metric,M33,metric,1.5,SC3 (TIN),FAB0208469,10993,,
22,TOTEM Silver Cut,IS 6175,metric,M33,metric,1.5,SC4 (TIALN),FAB0208470,11431,,
22,TOTEM Silver Cut,IS 6175,metric,M33,metric,1.5,SCF3 (TIN),FAB0208471,10993,,
22,TOTEM Silver Cut,IS 6175,metric,M33,metric,1.5,SCF5 (TICN),FAB0208472,11431,,
22,TOTEM Silver Cut,IS 6175,metric,M36,metric,1.5,SC3 (TIN),FAB0208473,14971,,
22,TOTEM Silver Cut,IS 6175,metric,M36,metric,1.5,SC4 (TIALN),FAB0208474,15409,,
22,TOTEM Silver Cut,IS 6175,metric,M36,metric,1.5,SCF3 (TIN),FAB0208475,14971,,
22,TOTEM Silver Cut,IS 6175,metric,M36,metric,1.5,SCF5 (TICN),FAB0208476,15409,,
23,TOTEM Silver Cut,,mixed,M3,metric,0.5,SC4 PM (TIALN),FAB0205405,821,,
23,TOTEM Silver Cut,,mixed,M3,metric,0.5,SC4 PM (TIALN),FAB0205373,799,,
23,TOTEM Silver Cut,,mixed,M4,metric,0.7,SC4 PM (TIALN),FAB0205406,894,,
23,TOTEM Silver Cut,,mixed,M4,metric,0.7,SC4 PM (TIALN),FAB0205375,872,,
23,TOTEM Silver Cut,,mixed,M5,metric,0.8,SC4 PM (TIALN),FAB0205407,1038,,
23,TOTEM Silver Cut,,mixed,M5,metric,0.8,SC4 PM (TIALN),FAB0205376,1016,,
23,TOTEM Silver Cut,DIN 371,mixed,M6,metric,1,SC4 PM (TIALN),FAB0205408,1038,,
23,TOTEM Silver Cut,DIN 371,mixed,M6,metric,1,SC4 PM (TIALN),FAB0205377,1016,,
23,TOTEM Silver Cut,DIN 371,mixed,M8,metric,1.25,SC4 PM (TIALN),FAB0205409,1380,,
23,TOTEM Silver Cut,DIN 371,mixed,M8,metric,1.25,SC4 PM (TIALN),FAB0205378,1354,,
23,TOTEM Silver Cut,DIN 371,mixed,M10,metric,1.5,SC4 PM (TIALN),FAB0205410,1999,,
23,TOTEM Silver Cut,DIN 371,mixed,M10,metric,1.5,SC4 PM (TIALN),FAB0205379,1963,,
23,TOTEM Silver Cut,DIN 371,mixed,M12,metric,1.75,SC4 PM (TIALN),FAB0205411,3130,,
23,TOTEM Silver Cut,DIN 371,mixed,M12,metric,1.75,SC4 PM (TIALN),FAB0205380,2984,,
23,TOTEM Silver Cut,DIN 371,mixed,M14,metric,2,SC4 PM (TIALN),FAB0205412,4265,,
23,TOTEM Silver Cut,DIN 371,mixed,M14,metric,2,SC4 PM (TIALN),FAB0205381,4039,,
23,TOTEM Silver Cut,DIN 376,mixed,M16,metric,2,SC4 PM (TIALN),FAB0205413,4772,,
23,TOTEM Silver Cut,DIN 376,mixed,M16,metric,2,SC4 PM (TIALN),FAB0205382,4546,,
23,TOTEM Silver Cut,DIN 376,mixed,M20,metric,2.5,SC4 PM (TIALN),FAB0205415,10666,,
23,TOTEM Silver Cut,DIN 376,mixed,M20,metric,2.5,SC4 PM (TIALN),FAB0205383,9546,,
23,TOTEM Silver Cut,DIN 376,mixed,"1/4""",inch,28,SC3 (TIN),FAB0204487,762,,
23,TOTEM Silver Cut,DIN 376,mixed,"1/4""",inch,28,SC4 (TIALN),FAB0204496,827,,
23,TOTEM Silver Cut,DIN 376,mixed,"1/4""",inch,20,SC3 (TIN),FAB0204469,762,,
23,TOTEM Silver Cut,DIN 376,mixed,"1/4""",inch,20,SC4 (TIALN),FAB0204478,827,,
23,TOTEM Silver Cut,DIN 371,mixed,"5/16""",inch,24,SC3 (TIN),FAB0204488,868,,
23,TOTEM Silver Cut,DIN 371,mixed,"5/16""",inch,24,SC4 (TIALN),FAB0204497,945,,
23,TOTEM Silver Cut,DIN 371,mixed,"5/16""",inch,18,SC3 (TIN),FAB0204470,868,,
23,TOTEM Silver Cut,DIN 371,mixed,"5/16""",inch,18,SC4 (TIALN),FAB0204479,945,,
23,TOTEM Silver Cut,DIN 371,mixed,"3/8""",inch,24,SC3 (TIN),FAB0204489,1053,,
23,TOTEM Silver Cut,DIN 371,mixed,"3/8""",inch,24,SC4 (TIALN),FAB0204498,1147,,
23,TOTEM Silver Cut,DIN 371,mixed,"3/8""",inch,16,SC3 (TIN),FAB0204471,1053,,
23,TOTEM Silver Cut,DIN 371,mixed,"3/8""",inch,16,SC4 (TIALN),FAB0204480,1147,,
23,TOTEM Silver Cut,DIN 371,mixed,"7/16""",inch,20,SC3 (TIN),FAB0204490,1351,,
23,TOTEM Silver Cut,DIN 371,mixed,"7/16""",inch,20,SC4 (TIALN),FAB0204499,1469,,
23,TOTEM Silver Cut,DIN 374,mixed,"7/16""",inch,14,SC3 (TIN),FAB0204472,1412,,
23,TOTEM Silver Cut,DIN 374,mixed,"7/16""",inch,14,SC4 (TIALN),FAB0204481,1535,,
23,TOTEM Silver Cut,DIN 374,mixed,"1/2""",inch,20,SC3 (TIN),FAB0204491,1665,,
23,TOTEM Silver Cut,DIN 374,mixed,"1/2""",inch,20,SC4 (TIALN),FAB0204500,1812,,
23,TOTEM Silver Cut,DIN 374,mixed,"1/2""",inch,13,SC3 (TIN),FAB0204473,1739,,
23,TOTEM Silver Cut,DIN 374,mixed,"1/2""",inch,13,SC4 (TIALN),FAB0204482,1894,,
23,TOTEM Silver Cut,DIN 374,mixed,"5/8""",inch,18,SC3 (TIN),FAB0204492,2259,,
23,TOTEM Silver Cut,DIN 374,mixed,"5/8""",inch,18,SC4 (TIALN),FAB0204501,2455,,
23,TOTEM Silver Cut,DIN 374,mixed,"5/8""",inch,11,SC3 (TIN),FAB0204474,2361,,
23,TOTEM Silver Cut,DIN 374,mixed,"5/8""",inch,11,SC4 (TIALN),FAB0204483,2567,,
23,TOTEM Silver Cut,DIN 376,mixed,DIN,inch,376,SC3 (TIN),FAB0204493,3265,,
23,TOTEM Silver Cut,DIN 376,mixed,DIN,inch,376,SC4 (TIALN),FAB0204502,3553,,
23,TOTEM Silver Cut,DIN 376,mixed,"3/4""",inch,10,SC3 (TIN),FAB0204475,3414,,
23,TOTEM Silver Cut,DIN 376,mixed,"3/4""",inch,10,SC4 (TIALN),FAB0204484,3714,,
23,TOTEM Silver Cut,DIN 376,mixed,"7/8""",inch,14,SC3 (TIN),FAB0204494,4478,,
23,TOTEM Silver Cut,DIN 376,mixed,"7/8""",inch,14,SC4 (TIALN),FAB0204503,4694,,
23,TOTEM Silver Cut,DIN 376,mixed,"7/8""",inch,9,SC3 (TIN),FAB0204476,4330,,
23,TOTEM Silver Cut,DIN 376,mixed,"7/8""",inch,9,SC4 (TIALN),FAB0204485,4543,,
23,TOTEM Silver Cut,DIN 376,mixed,"1""",inch,12,SC3 (TIN),FAB0204495,5503,,
23,TOTEM Silver Cut,DIN 376,mixed,"1""",inch,12,SC4 (TIALN),FAB0204504,5717,,
23,TOTEM Silver Cut,DIN 376,mixed,"1""",inch,8,SC3 (TIN),FAB0204477,5315,,
23,TOTEM Silver Cut,DIN 376,mixed,"1""",inch,8,SC4 (TIALN),FAB0204486,5530,,
23,TOTEM Silver Cut,DIN 376,mixed,"1/4""",inch,20,SC3 (TIN),FAB0200571,693,,
23,TOTEM Silver Cut,DIN 376,mixed,"1/4""",inch,20,SC4 (TIALN),FAB0200572,751,,
23,TOTEM Silver Cut,DIN 376,mixed,"1/4""",inch,28,SC3 (TIN),FAB0200495,693,,
23,TOTEM Silver Cut,DIN 376,mixed,"1/4""",inch,28,SC4 (TIALN),FAB0200496,751,,
23,TOTEM Silver Cut,DIN 376,mixed,"5/16""",inch,18,SC3 (TIN),FAB0200581,789,,
23,TOTEM Silver Cut,DIN 376,mixed,"5/16""",inch,18,SC4 (TIALN),FAB0200589,859,,
23,TOTEM Silver Cut,DIN 376,mixed,"5/16""",inch,24,SC3 (TIN),FAB0200504,956,,
23,TOTEM Silver Cut,DIN 376,mixed,"5/16""",inch,24,SC4 (TIALN),FAB0200505,859,,
23,TOTEM Silver Cut,DIN 376,mixed,"3/8""",inch,16,SC3 (TIN),FAB0200591,956,,
23,TOTEM Silver Cut,DIN 376,mixed,"3/8""",inch,16,SC4 (TIALN),FAB0200592,1043,,
23,TOTEM Silver Cut,DIN 376,mixed,"3/8""",inch,24,SC3 (TIN),FAB0200515,956,,
23,TOTEM Silver Cut,DIN 376,mixed,"3/8""",inch,24,SC4 (TIALN),FAB0200516,1043,,
23,TOTEM Silver Cut,DIN 376,mixed,"7/16""",inch,14,SC3 (TIN),FAB0200601,1229,,
23,TOTEM Silver Cut,DIN 376,mixed,"7/16""",inch,14,SC4 (TIALN),FAB0200602,1334,,
23,TOTEM Silver Cut,DIN 376,mixed,"7/16""",inch,20,SC3 (TIN),FAB0200526,1229,,
23,TOTEM Silver Cut,DIN 376,mixed,"7/16""",inch,20,SC4 (TIALN),FAB0200527,1334,,
23,TOTEM Silver Cut,DIN 376,mixed,"1/2""",inch,13,SC3 (TIN),FAB0200612,1514,,
23,TOTEM Silver Cut,DIN 376,mixed,"1/2""",inch,13,SC4 (TIALN),FAB0200613,1648,,
23,TOTEM Silver Cut,DIN 376,mixed,"1/2""",inch,20,SC3 (TIN),FAB0200537,1514,,
23,TOTEM Silver Cut,DIN 376,mixed,"1/2""",inch,20,SC4 (TIALN),FAB0200538,1648,,
23,TOTEM Silver Cut,DIN 376,mixed,"5/8""",inch,11,SC3 (TIN),FAB0200625,2054,,
23,TOTEM Silver Cut,DIN 376,mixed,"5/8""",inch,11,SC4 (TIALN),FAB0200626,2232,,
23,TOTEM Silver Cut,DIN 376,mixed,"5/8""",inch,18,SC3 (TIN),FAB0200550,2054,,
23,TOTEM Silver Cut,DIN 376,mixed,"5/8""",inch,18,SC4 (TIALN),FAB0200551,2232,,
23,TOTEM Silver Cut,DIN 376,mixed,"3/4""",inch,10,SC3 (TIN),FAB0200636,2968,,
23,TOTEM Silver Cut,DIN 376,mixed,"3/4""",inch,10,SC4 (TIALN),FAB0200637,3229,,
23,TOTEM Silver Cut,DIN 376,mixed,"3/4""",inch,16,SC3 (TIN),FAB0200561,2968,,
23,TOTEM Silver Cut,DIN 376,mixed,"3/4""",inch,16,SC4 (TIALN),FAB0200562,3229,,
23,TOTEM Silver Cut,DIN 376,mixed,"7/8""",inch,9,SC3 (TIN),FAB0206628,4330,,
23,TOTEM Silver Cut,DIN 376,mixed,"7/8""",inch,9,SC4 (TIALN),FAB0206024,4543,,
23,TOTEM Silver Cut,DIN 376,mixed,"7/8""",inch,14,SC3 (TIN),FAB0206631,4330,,
23,TOTEM Silver Cut,DIN 376,mixed,"7/8""",inch,14,SC4 (TIALN),FAB0206132,4543,,
23,TOTEM Silver Cut,DIN 376,mixed,"1""",inch,8,SC3 (TIN),FAB0206629,5278,,
23,TOTEM Silver Cut,DIN 376,mixed,"1""",inch,8,SC4 (TIALN),FAB0206630,5492,,
23,TOTEM Silver Cut,DIN 376,mixed,"1""",inch,12,SC3 (TIN),FAB0206632,5278,,
23,TOTEM Silver Cut,DIN 376,mixed,"1""",inch,12,SC4 (TIALN),FAB0206633,5492,,
24,TOTEM Silver Cut,,metric,M3,metric,0.5,SD1 O/G (BRIGHT),FAB0200954,946,,
24,TOTEM Silver Cut,,metric,M3,metric,0.5,SD3 O/G (TIN),FAB0200961,1076,,
24,TOTEM Silver Cut,,metric,M3,metric,0.5,SD5 O/G (TICN),FAB0204509,1162,,
24,TOTEM Silver Cut,,metric,M3,metric,0.5,SD1 W/O O/G (BRIGHT),FAB0203614,946,,
24,TOTEM Silver Cut,,metric,M3,metric,0.5,SD3 W/O O/G (TIN),FAB0203619,1076,,
24,TOTEM Silver Cut,,metric,M4,metric,0.7,SD1 O/G (BRIGHT),FAB0200955,946,,
24,TOTEM Silver Cut,,metric,M4,metric,0.7,SD3 O/G (TIN),FAB0200962,1076,,
24,TOTEM Silver Cut,,metric,M4,metric,0.7,SD5 O/G (TICN),FAB0204511,1162,,
24,TOTEM Silver Cut,,metric,M4,metric,0.7,SD1 W/O O/G (BRIGHT),FAB0203615,946,,
24,TOTEM Silver Cut,,metric,M4,metric,0.7,SD3 W/O O/G (TIN),FAB0203620,1076,,
24,TOTEM Silver Cut,,metric,M5,metric,0.8,SD1 O/G (BRIGHT),FAB0200956,993,,
24,TOTEM Silver Cut,,metric,M5,metric,0.8,SD3 O/G (TIN),FAB0200963,1133,,
24,TOTEM Silver Cut,,metric,M5,metric,0.8,SD5 O/G (TICN),FAB0204512,1223,,
24,TOTEM Silver Cut,,metric,M5,metric,0.8,SD1 W/O O/G (BRIGHT),FAB0203616,993,,
24,TOTEM Silver Cut,,metric,M5,metric,0.8,SD3 W/O O/G (TIN),FAB0203621,1133,,
24,TOTEM Silver Cut,DIN 371,metric,M6,metric,1,SD1 O/G (BRIGHT),FAB0200957,993,,
24,TOTEM Silver Cut,DIN 371,metric,M6,metric,1,SD3 O/G (TIN),FAB0200964,1133,,
24,TOTEM Silver Cut,DIN 371,metric,M6,metric,1,SD5 O/G (TICN),FAB0204513,1223,,
24,TOTEM Silver Cut,DIN 371,metric,M6,metric,1,SD1 W/O O/G (BRIGHT),FAB0203617,993,,
24,TOTEM Silver Cut,DIN 371,metric,M6,metric,1,SD3 W/O O/G (TIN),FAB0203622,1133,,
24,TOTEM Silver Cut,DIN 371,metric,M8,metric,1.25,SD1 O/G (BRIGHT),FAB0200958,1115,,
24,TOTEM Silver Cut,DIN 371,metric,M8,metric,1.25,SD3 O/G (TIN),FAB0200965,1272,,
24,TOTEM Silver Cut,DIN 371,metric,M8,metric,1.25,SD5 O/G (TICN),FAB0204515,1372,,
24,TOTEM Silver Cut,DIN 371,metric,M8,metric,1.25,SD1 W/O O/G (BRIGHT),FAB0203618,1115,,
24,TOTEM Silver Cut,DIN 371,metric,M8,metric,1.25,SD3 W/O O/G (TIN),FAB0203623,1272,,
24,TOTEM Silver Cut,DIN 371,metric,M10,metric,1.5,SD1 O/G (BRIGHT),FAB0200959,1382,,
24,TOTEM Silver Cut,DIN 371,metric,M10,metric,1.5,SD3 O/G (TIN),FAB0200966,1574,,
24,TOTEM Silver Cut,DIN 371,metric,M10,metric,1.5,SD5 O/G (TICN),FAB0204516,1697,,
24,TOTEM Silver Cut,DIN 371,metric,M12,metric,1.75,SD1 O/G (BRIGHT),FAB0200960,2658,,
24,TOTEM Silver Cut,DIN 371,metric,M12,metric,1.75,SD3 O/G (TIN),FAB0200967,3031,,
24,TOTEM Silver Cut,DIN 371,metric,M12,metric,1.75,SD5 O/G (TICN),FAB0204517,3270,,
24,TOTEM Silver Cut,DIN 376,metric,DIN,inch,376,SD1 O/G (BRIGHT),FAB0203285,3779,,
24,TOTEM Silver Cut,DIN 376,metric,DIN,inch,376,SD3 O/G (TIN),FAB0203287,4305,,
24,TOTEM Silver Cut,DIN 376,metric,DIN,inch,376,SD5 O/G (TICN),FAB0204518,4648,,
24,TOTEM Silver Cut,DIN 376,metric,M16,metric,2,SD1 O/G (BRIGHT),FAB0203286,3779,,
24,TOTEM Silver Cut,DIN 376,metric,M16,metric,2,SD3 O/G (TIN),FAB0203288,4305,,
24,TOTEM Silver Cut,DIN 376,metric,M16,metric,2,SD5 O/G (TICN),FAB0204519,4648,,
24,TOTEM Silver Cut,DIN 376,metric,MF8,metric,1,SD1 O/G (BRIGHT),FAB0204520,1338,,
24,TOTEM Silver Cut,DIN 376,metric,MF8,metric,1,SD3 O/G (TIN),FAB0204528,1526,,
24,TOTEM Silver Cut,DIN 376,metric,MF8,metric,1,SD5 O/G (TICN),FAB0204536,1647,,
24,TOTEM Silver Cut,DIN 376,metric,MF10,metric,1.25,SD1 O/G (BRIGHT),FAB0204521,1617,,
24,TOTEM Silver Cut,DIN 376,metric,MF10,metric,1.25,SD3 O/G (TIN),FAB0204529,1844,,
24,TOTEM Silver Cut,DIN 376,metric,MF10,metric,1.25,SD5 O/G (TICN),FAB0204537,1988,,
24,TOTEM Silver Cut,DIN 376,metric,MF12,metric,1.25,SD1 O/G (BRIGHT),FAB0204523,2952,,
24,TOTEM Silver Cut,DIN 376,metric,MF12,metric,1.25,SD3 O/G (TIN),FAB0204531,3368,,
24,TOTEM Silver Cut,DIN 376,metric,MF12,metric,1.25,SD5 O/G (TICN),FAB0204539,3632,,
24,TOTEM Silver Cut,DIN 374,metric,MF12,metric,1.5,SD1 O/G (BRIGHT),FAB0204522,2952,,
24,TOTEM Silver Cut,DIN 374,metric,MF12,metric,1.5,SD3 O/G (TIN),FAB0204530,3368,,
24,TOTEM Silver Cut,DIN 374,metric,MF12,metric,1.5,SD5 O/G (TICN),FAB0204538,3632,,
24,TOTEM Silver Cut,DIN 374,metric,MF14,metric,1.5,SD1 O/G (BRIGHT),FAB0204524,4038,,
24,TOTEM Silver Cut,DIN 374,metric,MF14,metric,1.5,SD3 O/G (TIN),FAB0204532,4604,,
24,TOTEM Silver Cut,DIN 374,metric,MF14,metric,1.5,SD5 O/G (TICN),FAB0204540,4967,,
24,TOTEM Silver Cut,DIN 374,metric,MF16,metric,1.5,SD1 O/G (BRIGHT),FAB0204525,4038,,
24,TOTEM Silver Cut,DIN 374,metric,MF16,metric,1.5,SD3 O/G (TIN),FAB0204533,4604,,
24,TOTEM Silver Cut,DIN 374,metric,MF16,metric,1.5,SD5 O/G (TICN),FAB0204541,4967,,
24,TOTEM Silver Cut,DIN 374,metric,M3,metric,0.5,SD1 O/G (BRIGHT),FAB0203460,850,,
24,TOTEM Silver Cut,DIN 374,metric,M3,metric,0.5,SD3 O/G (TIN),FAB0203461,978,,
24,TOTEM Silver Cut,DIN 374,metric,M3,metric,0.5,SD5 O/G (TICN),FAB0201417,850,,
24,TOTEM Silver Cut,DIN 374,metric,M3,metric,0.5,SD1 W/O O/G (BRIGHT),FAB0202740,978,,
24,TOTEM Silver Cut,DIN 374,metric,M4,metric,0.7,SD1 O/G (BRIGHT),FAB0203462,850,,
24,TOTEM Silver Cut,DIN 374,metric,M4,metric,0.7,SD3 O/G (TIN),FAB0203463,978,,
24,TOTEM Silver Cut,DIN 374,metric,M4,metric,0.7,SD5 O/G (TICN),FAB0201421,850,,
24,TOTEM Silver Cut,DIN 374,metric,M4,metric,0.7,SD1 W/O O/G (BRIGHT),FAB0202747,978,,
24,TOTEM Silver Cut,IS 6175,metric,IS,inch,6175,SD1 O/G (BRIGHT),FAB0203464,897,,
24,TOTEM Silver Cut,IS 6175,metric,IS,inch,6175,SD3 O/G (TIN),FAB0203465,1029,,
24,TOTEM Silver Cut,IS 6175,metric,IS,inch,6175,SD5 O/G (TICN),FAB0201420,897,,
24,TOTEM Silver Cut,IS 6175,metric,IS,inch,6175,SD1 W/O O/G (BRIGHT),FAB0202748,1029,,
24,TOTEM Silver Cut,IS 6175,metric,Part,inch,II,SD1 O/G (BRIGHT),FAB0203466,897,,
24,TOTEM Silver Cut,IS 6175,metric,Part,inch,II,SD3 O/G (TIN),FAB0203467,1029,,
24,TOTEM Silver Cut,IS 6175,metric,Part,inch,II,SD5 O/G (TICN),FAB0201422,897,,
24,TOTEM Silver Cut,IS 6175,metric,Part,inch,II,SD1 W/O O/G (BRIGHT),FAB0202749,1029,,
24,TOTEM Silver Cut,IS 6175,metric,M8,metric,1.25,SD1 O/G (BRIGHT),FAB0201425,1005,,
24,TOTEM Silver Cut,IS 6175,metric,M8,metric,1.25,SD3 O/G (TIN),FAB0202750,1155,,
24,TOTEM Silver Cut,IS 6175,metric,M8,metric,1.25,SD5 O/G (TICN),FAB0203883,1005,,
24,TOTEM Silver Cut,IS 6175,metric,M8,metric,1.25,SD1 W/O O/G (BRIGHT),FAB0203772,1155,,
24,TOTEM Silver Cut,IS 6175,metric,M10,metric,1.5,SD1 O/G (BRIGHT),FAB0201426,1245,,
24,TOTEM Silver Cut,IS 6175,metric,M10,metric,1.5,SD3 O/G (TIN),FAB0202751,1432,,
24,TOTEM Silver Cut,IS 6175,metric,M12,metric,1.75,SD1 O/G (BRIGHT),FAB0201428,1911,,
24,TOTEM Silver Cut,IS 6175,metric,M12,metric,1.75,SD3 O/G (TIN),FAB0202752,2198,,
24,TOTEM Silver Cut,IS 6175,metric,M14,metric,2,SD1 O/G (BRIGHT),FAB0203228,3386,,
24,TOTEM Silver Cut,IS 6175,metric,M14,metric,2,SD3 O/G (TIN),FAB0203238,3828,,
24,TOTEM Silver Cut,IS 6175,metric,M16,metric,2,SD1 O/G (BRIGHT),FAB0203230,3627,,
24,TOTEM Silver Cut,IS 6175,metric,M16,metric,2,SD3 O/G (TIN),FAB0203240,4099,,
24,TOTEM Silver Cut,IS 6175,metric,IS,inch,6175,SD1 O/G (BRIGHT),FAB0203223,1427,,
24,TOTEM Silver Cut,IS 6175,metric,IS,inch,6175,SD3 O/G (TIN),FAB0203233,1610,,
24,TOTEM Silver Cut,IS 6175,metric,Part,inch,II,SD1 O/G (BRIGHT),FAB0203225,1532,,
24,TOTEM Silver Cut,IS 6175,metric,Part,inch,II,SD3 O/G (TIN),FAB0203235,1729,,
24,TOTEM Silver Cut,IS 6175,metric,MF12,metric,1.5,SD1 O/G (BRIGHT),FAB0203226,2244,,
24,TOTEM Silver Cut,IS 6175,metric,MF12,metric,1.5,SD3 O/G (TIN),FAB0203236,2536,,
24,TOTEM Silver Cut,IS 6175,metric,MF14,metric,1.5,SD1 O/G (BRIGHT),FAB0203227,3566,,
24,TOTEM Silver Cut,IS 6175,metric,MF14,metric,1.5,SD3 O/G (TIN),FAB0203237,4030,,
24,TOTEM Silver Cut,IS 6175,metric,MF16,metric,1.5,SD1 O/G (BRIGHT),FAB0203229,3818,,
24,TOTEM Silver Cut,IS 6175,metric,MF16,metric,1.5,SD3 O/G (TIN),FAB0203239,4315,,
25,TOTEM Silver Cut,,metric,M3,metric,0.5,SAS3 (TIN),FAB0204675,917,,
25,TOTEM Silver Cut,,metric,M3,metric,0.5,SAS5 (TICN),FAB0204665,1085,,
25,TOTEM Silver Cut,,metric,M3,metric,0.5,SAI4 (TIALN),FAB0204694,1354,,
25,TOTEM Silver Cut,,metric,M3,metric,0.5,SBS5 (TICN),FAB0204655,1102,,
25,TOTEM Silver Cut,,metric,M3,metric,0.5,SBI4 (TIALN),FAB0204703,1407,,
25,TOTEM Silver Cut,,metric,M4,metric,0.7,SAS3 (TIN),FAB0204676,917,,
25,TOTEM Silver Cut,,metric,M4,metric,0.7,SAS5 (TICN),FAB0204666,1085,,
25,TOTEM Silver Cut,,metric,M4,metric,0.7,SAI4 (TIALN),FAB0204695,1397,,
25,TOTEM Silver Cut,,metric,M4,metric,0.7,SBS5 (TICN),FAB0204656,1102,,
25,TOTEM Silver Cut,,metric,M4,metric,0.7,SBI4 (TIALN),FAB0204704,1449,,
25,TOTEM Silver Cut,,metric,M5,metric,0.8,SAS3 (TIN),FAB0204677,963,,
25,TOTEM Silver Cut,,metric,M5,metric,0.8,SAS5 (TICN),FAB0204667,1130,,
25,TOTEM Silver Cut,,metric,M5,metric,0.8,SAI4 (TIALN),FAB0204696,1689,,
25,TOTEM Silver Cut,,metric,M5,metric,0.8,SBS5 (TICN),FAB0204657,1152,,
25,TOTEM Silver Cut,,metric,M5,metric,0.8,SBI4 (TIALN),FAB0204705,1752,,
25,TOTEM Silver Cut,DIN 371,metric,M6,metric,1,SAS3 (TIN),FAB0204678,963,,
25,TOTEM Silver Cut,DIN 371,metric,M6,metric,1,SAS5 (TICN),FAB0204668,1130,,
25,TOTEM Silver Cut,DIN 371,metric,M6,metric,1,SAI4 (TIALN),FAB0204697,1702,,
25,TOTEM Silver Cut,DIN 371,metric,M6,metric,1,SBS5 (TICN),FAB0204658,1152,,
25,TOTEM Silver Cut,DIN 371,metric,M6,metric,1,SBI4 (TIALN),FAB0204706,1766,,
25,TOTEM Silver Cut,DIN 371,metric,M8,metric,1.25,SAS3 (TIN),FAB0204679,1076,,
25,TOTEM Silver Cut,DIN 371,metric,M8,metric,1.25,SAS5 (TICN),FAB0204669,1282,,
25,TOTEM Silver Cut,DIN 371,metric,M8,metric,1.25,SAI4 (TIALN),FAB0204698,2351,,
25,TOTEM Silver Cut,DIN 371,metric,M8,metric,1.25,SBS5 (TICN),FAB0204659,1301,,
25,TOTEM Silver Cut,DIN 371,metric,M8,metric,1.25,SBI4 (TIALN),FAB0204707,2440,,
25,TOTEM Silver Cut,DIN 371,metric,M10,metric,1.5,SAS3 (TIN),FAB0204680,1334,,
25,TOTEM Silver Cut,DIN 371,metric,M10,metric,1.5,SAS5 (TICN),FAB0204670,1551,,
25,TOTEM Silver Cut,DIN 371,metric,M10,metric,1.5,SAI4 (TIALN),FAB0204699,2833,,
25,TOTEM Silver Cut,DIN 371,metric,M10,metric,1.5,SBS5 (TICN),FAB0204660,1584,,
25,TOTEM Silver Cut,DIN 371,metric,M10,metric,1.5,SBI4 (TIALN),FAB0204708,2944,,
25,TOTEM Silver Cut,DIN 371,metric,M12,metric,1.75,SAS3 (TIN),FAB0204681,2417,,
25,TOTEM Silver Cut,DIN 371,metric,M12,metric,1.75,SAS5 (TICN),FAB0204671,2753,,
25,TOTEM Silver Cut,DIN 371,metric,M12,metric,1.75,SAI4 (TIALN),FAB0204700,3947,,
25,TOTEM Silver Cut,DIN 371,metric,M12,metric,1.75,SBS5 (TICN),FAB0204661,3365,,
25,TOTEM Silver Cut,DIN 371,metric,M12,metric,1.75,SBI4 (TIALN),FAB0204709,4109,,
25,TOTEM Silver Cut,DIN 371,metric,M14,metric,2,SAS3 (TIN),FAB0204682,3509,,
25,TOTEM Silver Cut,DIN 371,metric,M14,metric,2,SAS5 (TICN),FAB0204672,3926,,
25,TOTEM Silver Cut,DIN 371,metric,M14,metric,2,SAI4 (TIALN),FAB0204701,5863,,
25,TOTEM Silver Cut,DIN 371,metric,M14,metric,2,SBS5 (TICN),FAB0204662,4513,,
25,TOTEM Silver Cut,DIN 371,metric,M14,metric,2,SBI4 (TIALN),FAB0204710,6109,,
25,TOTEM Silver Cut,DIN 376,metric,DIN,inch,376,SAS3 (TIN),FAB0204683,3509,,
25,TOTEM Silver Cut,DIN 376,metric,DIN,inch,376,SAS5 (TICN),FAB0204673,3926,,
25,TOTEM Silver Cut,DIN 376,metric,DIN,inch,376,SAI4 (TIALN),FAB0204702,5863,,
25,TOTEM Silver Cut,DIN 376,metric,DIN,inch,376,SBS5 (TICN),FAB0204663,4513,,
25,TOTEM Silver Cut,DIN 376,metric,DIN,inch,376,SBI4 (TIALN),FAB0204711,6109,,
25,TOTEM Silver Cut,DIN 376,metric,M18,metric,2.5,SAS3 (TIN),FAB0205281,5347,,
25,TOTEM Silver Cut,DIN 376,metric,M18,metric,2.5,SAS5 (TICN),FAB0205282,5587,,
25,TOTEM Silver Cut,DIN 376,metric,-,inch,-,SAS3 (TIN),FAB0206634,7394,,
25,TOTEM Silver Cut,DIN 376,metric,M20,metric,2.5,SAS3 (TIN),FAB0204684,6466,,
25,TOTEM Silver Cut,DIN 376,metric,M20,metric,2.5,SAS5 (TICN),FAB0204674,6707,,
25,TOTEM Silver Cut,DIN 376,metric,-,inch,-,SAS3 (TIN),FAB0204664,8920,,
25,TOTEM Silver Cut,DIN 376,metric,MF8,metric,1,SAS3 (TIN),FAB0204832,1316,,
25,TOTEM Silver Cut,DIN 376,metric,MF8,metric,1,SAS5 (TICN),FAB0204858,1927,,
25,TOTEM Silver Cut,DIN 376,metric,MF8,metric,1,SAI4 (TIALN),FAB0204810,2691,,
25,TOTEM Silver Cut,DIN 376,metric,MF8,metric,1,SBS5 (TICN),FAB0204839,2058,,
25,TOTEM Silver Cut,DIN 376,metric,MF8,metric,1,SBI4 (TIALN),FAB0204738,2794,,
25,TOTEM Silver Cut,DIN 376,metric,MF10,metric,1.25,SAS3 (TIN),FAB0204834,1739,,
25,TOTEM Silver Cut,DIN 376,metric,MF10,metric,1.25,SAS5 (TICN),FAB0204860,2409,,
25,TOTEM Silver Cut,DIN 376,metric,MF10,metric,1.25,SAI4 (TIALN),FAB0204811,3242,,
25,TOTEM Silver Cut,DIN 376,metric,MF10,metric,1.25,SBS5 (TICN),FAB0204840,2347,,
25,TOTEM Silver Cut,DIN 376,metric,MF10,metric,1.25,SBI4 (TIALN),FAB0204813,3369,,
25,TOTEM Silver Cut,DIN 376,metric,MF12,metric,1.25,SAS3 (TIN),FAB0204835,2780,,
25,TOTEM Silver Cut,DIN 376,metric,MF12,metric,1.25,SAS5 (TICN),FAB0204861,3626,,
25,TOTEM Silver Cut,DIN 376,metric,MF12,metric,1.25,SAI4 (TIALN),FAB0204815,4518,,
25,TOTEM Silver Cut,DIN 376,metric,MF12,metric,1.25,SBS5 (TICN),FAB0204843,3263,,
25,TOTEM Silver Cut,DIN 376,metric,MF12,metric,1.25,SBI4 (TIALN),FAB0204739,4704,,
25,TOTEM Silver Cut,DIN 376,metric,MF12,metric,1.5,SAS3 (TIN),FAB0204836,2780,,
25,TOTEM Silver Cut,DIN 376,metric,MF12,metric,1.5,SAS5 (TICN),FAB0204862,3626,,
25,TOTEM Silver Cut,DIN 376,metric,MF12,metric,1.5,SAI4 (TIALN),FAB0204816,4518,,
25,TOTEM Silver Cut,DIN 376,metric,MF12,metric,1.5,SBS5 (TICN),FAB0204842,3263,,
25,TOTEM Silver Cut,DIN 376,metric,MF12,metric,1.5,SBI4 (TIALN),FAB0204898,4704,,
25,TOTEM Silver Cut,DIN 374,metric,MF14,metric,1.5,SAS3 (TIN),FAB0204837,3314,,
25,TOTEM Silver Cut,DIN 374,metric,MF14,metric,1.5,SAS5 (TICN),FAB0204863,4249,,
25,TOTEM Silver Cut,DIN 374,metric,MF14,metric,1.5,SAI4 (TIALN),FAB0206637,6273,,
25,TOTEM Silver Cut,DIN 374,metric,MF14,metric,1.5,SBS5 (TICN),FAB0204844,4457,,
25,TOTEM Silver Cut,DIN 374,metric,MF14,metric,1.5,SBI4 (TIALN),FAB0206639,6537,,
25,TOTEM Silver Cut,DIN 374,metric,MF16,metric,1.5,SAS3 (TIN),FAB0204838,3314,,
25,TOTEM Silver Cut,DIN 374,metric,MF16,metric,1.5,SAS5 (TICN),FAB0204864,4454,,
25,TOTEM Silver Cut,DIN 374,metric,MF16,metric,1.5,SAI4 (TIALN),FAB0206638,6332,,
25,TOTEM Silver Cut,DIN 374,metric,MF16,metric,1.5,SBS5 (TICN),FAB0204845,4690,,
25,TOTEM Silver Cut,DIN 374,metric,MF16,metric,1.5,SBI4 (TIALN),FAB0206640,6598,,
25,TOTEM Silver Cut,DIN 374,metric,M18,metric,1.5,SAS3 (TIN),FAB0205302,4330,,
25,TOTEM Silver Cut,DIN 374,metric,M18,metric,1.5,SAS5 (TICN),FAB0205304,4569,,
25,TOTEM Silver Cut,DIN 374,metric,-,inch,-,SAS3 (TIN),FAB0206635,6005,,
25,TOTEM Silver Cut,DIN 374,metric,M20,metric,1.5,SAS3 (TIN),FAB0205303,6575,,
25,TOTEM Silver Cut,DIN 374,metric,M20,metric,1.5,SAS5 (TICN),FAB0205305,6815,,
25,TOTEM Silver Cut,DIN 374,metric,-,inch,-,SAS3 (TIN),FAB0206636,9068,,
25,TOTEM Silver Cut,DIN 374,metric,M3,metric,0.5,SAS3 (TIN),FAB0204685,876,,
25,TOTEM Silver Cut,DIN 374,metric,M3,metric,0.5,SAS5 (TICN),FAB0203103,1038,,
25,TOTEM Silver Cut,DIN 374,metric,M3,metric,0.5,SAI4 (TIALN),FAB0204712,1294,,
25,TOTEM Silver Cut,DIN 374,metric,M3,metric,0.5,SBS5 (TICN),FAB0203187,1068,,
25,TOTEM Silver Cut,DIN 374,metric,M3,metric,0.5,SBI4 (TIALN),FAB0204721,1341,,
25,TOTEM Silver Cut,DIN 374,metric,M4,metric,0.7,SAS3 (TIN),FAB0204686,876,,
25,TOTEM Silver Cut,DIN 374,metric,M4,metric,0.7,SAS5 (TICN),FAB0203104,1038,,
25,TOTEM Silver Cut,DIN 374,metric,M4,metric,0.7,SAI4 (TIALN),FAB0204713,1335,,
25,TOTEM Silver Cut,DIN 374,metric,M4,metric,0.7,SBS5 (TICN),FAB0203188,1068,,
25,TOTEM Silver Cut,DIN 374,metric,M4,metric,0.7,SBI4 (TIALN),FAB0204722,1383,,
25,TOTEM Silver Cut,IS 6175,metric,IS,inch,6175,SAS3 (TIN),FAB0204687,914,,
25,TOTEM Silver Cut,IS 6175,metric,IS,inch,6175,SAS5 (TICN),FAB0203105,1076,,
25,TOTEM Silver Cut,IS 6175,metric,IS,inch,6175,SAI4 (TIALN),FAB0204714,1608,,
25,TOTEM Silver Cut,IS 6175,metric,IS,inch,6175,SBS5 (TICN),FAB0203189,1113,,
25,TOTEM Silver Cut,IS 6175,metric,IS,inch,6175,SBI4 (TIALN),FAB0204723,1670,,
25,TOTEM Silver Cut,IS 6175,metric,Part,inch,II,SAS3 (TIN),FAB0204688,914,,
25,TOTEM Silver Cut,IS 6175,metric,Part,inch,II,SAS5 (TICN),FAB0203106,1076,,
25,TOTEM Silver Cut,IS 6175,metric,Part,inch,II,SAI4 (TIALN),FAB0204715,1623,,
25,TOTEM Silver Cut,IS 6175,metric,Part,inch,II,SBS5 (TICN),FAB0203190,1113,,
25,TOTEM Silver Cut,IS 6175,metric,Part,inch,II,SBI4 (TIALN),FAB0204724,1682,,
25,TOTEM Silver Cut,IS 6175,metric,M8,metric,1.25,SAS3 (TIN),FAB0204689,1022,,
25,TOTEM Silver Cut,IS 6175,metric,M8,metric,1.25,SAS5 (TICN),FAB0203107,1221,,
25,TOTEM Silver Cut,IS 6175,metric,M8,metric,1.25,SAI4 (TIALN),FAB0204716,2242,,
25,TOTEM Silver Cut,IS 6175,metric,M8,metric,1.25,SBS5 (TICN),FAB0203191,1261,,
25,TOTEM Silver Cut,IS 6175,metric,M8,metric,1.25,SBI4 (TIALN),FAB0204725,2328,,
25,TOTEM Silver Cut,IS 6175,metric,M10,metric,1.5,SAS3 (TIN),FAB0204690,1272,,
25,TOTEM Silver Cut,IS 6175,metric,M10,metric,1.5,SAS5 (TICN),FAB0203108,1485,,
25,TOTEM Silver Cut,IS 6175,metric,M10,metric,1.5,SAI4 (TIALN),FAB0204717,2699,,
25,TOTEM Silver Cut,IS 6175,metric,M10,metric,1.5,SBS5 (TICN),FAB0203192,1533,,
25,TOTEM Silver Cut,IS 6175,metric,M10,metric,1.5,SBI4 (TIALN),FAB0204726,2805,,
25,TOTEM Silver Cut,IS 6175,metric,M12,metric,1.75,SAS3 (TIN),FAB0204691,1942,,
25,TOTEM Silver Cut,IS 6175,metric,M12,metric,1.75,SAS5 (TICN),FAB0203109,2248,,
25,TOTEM Silver Cut,IS 6175,metric,M12,metric,1.75,SAI4 (TIALN),FAB0204718,3759,,
25,TOTEM Silver Cut,IS 6175,metric,M12,metric,1.75,SBS5 (TICN),FAB0203193,2341,,
25,TOTEM Silver Cut,IS 6175,metric,M12,metric,1.75,SBI4 (TIALN),FAB0204727,3915,,
25,TOTEM Silver Cut,IS 6175,metric,M14,metric,2,SAS3 (TIN),FAB0204692,2624,,
25,TOTEM Silver Cut,IS 6175,metric,M14,metric,2,SAS5 (TICN),FAB0203110,2987,,
25,TOTEM Silver Cut,IS 6175,metric,M14,metric,2,SAI4 (TIALN),FAB0204719,5584,,
25,TOTEM Silver Cut,IS 6175,metric,M14,metric,2,SBS5 (TICN),FAB0203194,3101,,
25,TOTEM Silver Cut,IS 6175,metric,M14,metric,2,SBI4 (TIALN),FAB0204728,5817,,
25,TOTEM Silver Cut,IS 6175,metric,M16,metric,2,SAS3 (TIN),FAB0204693,2624,,
25,TOTEM Silver Cut,IS 6175,metric,M16,metric,2,SAS5 (TICN),FAB0203111,2987,,
25,TOTEM Silver Cut,IS 6175,metric,M16,metric,2,SAI4 (TIALN),FAB0204720,5834,,
25,TOTEM Silver Cut,IS 6175,metric,M16,metric,2,SBS5 (TICN),FAB0203195,3101,,
25,TOTEM Silver Cut,IS 6175,metric,M16,metric,2,SBI4 (TIALN),FAB0204729,5817,,
25,TOTEM Silver Cut,IS 6175,metric,M18,metric,2.5,SAS3 (TIN),FAB0206641,4247,,
25,TOTEM Silver Cut,IS 6175,metric,M18,metric,2.5,SAS5 (TICN),FAB0206643,4488,,
25,TOTEM Silver Cut,IS 6175,metric,-,inch,-,SAS3 (TIN),FAB0206645,4487,,
25,TOTEM Silver Cut,IS 6175,metric,M20,metric,2.5,SAS3 (TIN),FAB0206642,5280,,
25,TOTEM Silver Cut,IS 6175,metric,M20,metric,2.5,SAS5 (TICN),FAB0206644,5520,,
25,TOTEM Silver Cut,IS 6175,metric,-,inch,-,SAS3 (TIN),FAB0203196,5674,,
25,TOTEM Silver Cut,IS 6175,metric,IS,inch,6175,SAS3 (TIN),FAB0205172,1096,,
25,TOTEM Silver Cut,IS 6175,metric,IS,inch,6175,SAS5 (TICN),FAB0205180,1144,,
25,TOTEM Silver Cut,IS 6175,metric,IS,inch,6175,SAI4 (TIALN),FAB0205188,2566,,
25,TOTEM Silver Cut,IS 6175,metric,IS,inch,6175,SBS5 (TICN),FAB0205489,1397,,
25,TOTEM Silver Cut,IS 6175,metric,IS,inch,6175,SBI4 (TIALN),FAB0206646,2664,,
25,TOTEM Silver Cut,IS 6175,metric,Part,inch,II,SAS3 (TIN),FAB0205174,1465,,
25,TOTEM Silver Cut,IS 6175,metric,Part,inch,II,SAS5 (TICN),FAB0205182,1513,,
25,TOTEM Silver Cut,IS 6175,metric,Part,inch,II,SAI4 (TIALN),FAB0205190,3091,,
25,TOTEM Silver Cut,IS 6175,metric,Part,inch,II,SBS5 (TICN),FAB0205491,1811,,
25,TOTEM Silver Cut,IS 6175,metric,Part,inch,II,SBI4 (TIALN),FAB0206647,3211,,
25,TOTEM Silver Cut,IS 6175,metric,MF12,metric,1.5,SAS3 (TIN),FAB0205175,2261,,
25,TOTEM Silver Cut,IS 6175,metric,MF12,metric,1.5,SAS5 (TICN),FAB0205183,2344,,
25,TOTEM Silver Cut,IS 6175,metric,MF12,metric,1.5,SAI4 (TIALN),FAB0205191,4304,,
25,TOTEM Silver Cut,IS 6175,metric,MF12,metric,1.5,SBS5 (TICN),FAB0205492,2801,,
25,TOTEM Silver Cut,IS 6175,metric,MF12,metric,1.5,SBI4 (TIALN),FAB0206648,4484,,
25,TOTEM Silver Cut,IS 6175,metric,MF14,metric,1.5,SAS3 (TIN),FAB0205176,2629,,
25,TOTEM Silver Cut,IS 6175,metric,MF14,metric,1.5,SAS5 (TICN),FAB0205184,2723,,
25,TOTEM Silver Cut,IS 6175,metric,MF14,metric,1.5,SAI4 (TIALN),FAB0205192,5973,,
25,TOTEM Silver Cut,IS 6175,metric,MF14,metric,1.5,SBS5 (TICN),FAB0205494,3257,,
25,TOTEM Silver Cut,IS 6175,metric,MF14,metric,1.5,SBI4 (TIALN),FAB0206649,6223,,
25,TOTEM Silver Cut,IS 6175,metric,MF16,metric,1.5,SAS3 (TIN),FAB0205177,2629,,
25,TOTEM Silver Cut,IS 6175,metric,MF16,metric,1.5,SAS5 (TICN),FAB0205185,2723,,
25,TOTEM Silver Cut,IS 6175,metric,MF16,metric,1.5,SAI4 (TIALN),FAB0205193,6302,,
25,TOTEM Silver Cut,IS 6175,metric,MF16,metric,1.5,SBS5 (TICN),FAB0205495,3257,,
25,TOTEM Silver Cut,IS 6175,metric,MF16,metric,1.5,SBI4 (TIALN),FAB0206650,6282,,
25,TOTEM Silver Cut,IS 6175,metric,M18,metric,1.5,SAS3 (TIN),FAB0205178,4478,,
25,TOTEM Silver Cut,IS 6175,metric,M18,metric,1.5,SAS5 (TICN),FAB0205186,4718,,
25,TOTEM Silver Cut,IS 6175,metric,-,inch,-,SAS3 (TIN),FAB0205496,5676,,
25,TOTEM Silver Cut,IS 6175,metric,M20,metric,1.5,SAS3 (TIN),FAB0205179,5523,,
25,TOTEM Silver Cut,IS 6175,metric,M20,metric,1.5,SAS5 (TICN),FAB0205187,5766,,
25,TOTEM Silver Cut,IS 6175,metric,-,inch,-,SAS3 (TIN),FAB0205497,6966,,
26,TOTEM Silver Cut,,mixed,M3,metric,0.5,SBS5 PM (TICN),FAB0205539,1199,,
26,TOTEM Silver Cut,,mixed,M3,metric,0.5,SBS5 PM (TICN),FAB0205457,1165,,
26,TOTEM Silver Cut,DIN 371,mixed,DIN,inch,371,SBS5 PM (TICN),FAB0205540,1272,,
26,TOTEM Silver Cut,DIN 371,mixed,ISO,inch,Part,SBS5 PM (TICN),FAB0205458,1238,,
26,TOTEM Silver Cut,DIN 371,mixed,M5,metric,0.8,SBS5 PM (TICN),FAB0205541,1430,,
26,TOTEM Silver Cut,DIN 371,mixed,M5,metric,0.8,SBS5 PM (TICN),FAB0205459,1391,,
26,TOTEM Silver Cut,DIN 371,mixed,M6,metric,1,SBS5 PM (TICN),FAB0205542,1430,,
26,TOTEM Silver Cut,DIN 371,mixed,M6,metric,1,SBS5 PM (TICN),FAB0205460,1391,,
26,TOTEM Silver Cut,DIN 371,mixed,M8,metric,1.25,SBS5 PM (TICN),FAB0205543,1833,,
26,TOTEM Silver Cut,DIN 371,mixed,M8,metric,1.25,SBS5 PM (TICN),FAB0205461,1793,,
26,TOTEM Silver Cut,DIN 371,mixed,M10,metric,1.5,SBS5 PM (TICN),FAB0205544,2527,,
26,TOTEM Silver Cut,DIN 371,mixed,M10,metric,1.5,SBS5 PM (TICN),FAB0205462,2476,,
26,TOTEM Silver Cut,DIN 376,mixed,M12,metric,1.75,SBS5 PM (TICN),FAB0205545,4778,,
26,TOTEM Silver Cut,DIN 376,mixed,M12,metric,1.75,SBS5 PM (TICN),FAB0205463,3754,,
26,TOTEM Silver Cut,DIN 376,mixed,M14,metric,2,SBS5 PM (TICN),FAB0205546,6423,,
26,TOTEM Silver Cut,DIN 376,mixed,M14,metric,2,SBS5 PM (TICN),FAB0205464,5011,,
26,TOTEM Silver Cut,DIN 376,mixed,M16,metric,2,SBS5 PM (TICN),FAB0205547,6930,,
26,TOTEM Silver Cut,DIN 376,mixed,M16,metric,2,SBS5 PM (TICN),FAB0205465,5518,,
26,TOTEM Silver Cut,DIN 376,mixed,"1/4""",inch,20,SAS3 (TIN),FAB0205308,1020,,
26,TOTEM Silver Cut,DIN 376,mixed,"1/4""",inch,20,SAS5 (TICN),FAB0205317,1129,,
26,TOTEM Silver Cut,DIN 376,mixed,"1/4""",inch,20,SBS5 (TICN),FAB0205549,1175,,
26,TOTEM Silver Cut,DIN 371,mixed,"5/16""",inch,18,SAS3 (TIN),FAB0205309,1169,,
26,TOTEM Silver Cut,DIN 371,mixed,"5/16""",inch,18,SAS5 (TICN),FAB0205318,1293,,
26,TOTEM Silver Cut,DIN 371,mixed,"5/16""",inch,18,SBS5 (TICN),FAB0205550,1338,,
26,TOTEM Silver Cut,DIN 371,mixed,"3/8""",inch,16,SAS3 (TIN),FAB0205310,1419,,
26,TOTEM Silver Cut,DIN 371,mixed,"3/8""",inch,16,SAS5 (TICN),FAB0205319,1571,,
26,TOTEM Silver Cut,DIN 371,mixed,"3/8""",inch,16,SBS5 (TICN),FAB0205551,1661,,
26,TOTEM Silver Cut,DIN 371,mixed,"7/16""",inch,14,SAS3 (TIN),FAB0205311,1895,,
26,TOTEM Silver Cut,DIN 371,mixed,"7/16""",inch,14,SAS5 (TICN),FAB0205320,2004,,
26,TOTEM Silver Cut,DIN 371,mixed,"7/16""",inch,14,SBS5 (TICN),FAB0205552,2217,,
26,TOTEM Silver Cut,DIN 371,mixed,"1/2""",inch,13,SAS3 (TIN),FAB0205312,2343,,
26,TOTEM Silver Cut,DIN 371,mixed,"1/2""",inch,13,SAS5 (TICN),FAB0205321,2475,,
26,TOTEM Silver Cut,DIN 371,mixed,"1/2""",inch,13,SBS5 (TICN),FAB0205553,2748,,
26,TOTEM Silver Cut,DIN 371,mixed,"5/8""",inch,11,SAS3 (TIN),FAB0205313,3176,,
26,TOTEM Silver Cut,DIN 371,mixed,"5/8""",inch,11,SAS5 (TICN),FAB0205322,3361,,
26,TOTEM Silver Cut,DIN 371,mixed,"5/8""",inch,11,SBS5 (TICN),FAB0205554,3615,,
26,TOTEM Silver Cut,DIN 376,mixed,"3/4""",inch,10,SAS3 (TIN),FAB0205314,4587,,
26,TOTEM Silver Cut,DIN 376,mixed,"3/4""",inch,10,SAS5 (TICN),FAB0205323,4854,,
26,TOTEM Silver Cut,DIN 376,mixed,"3/4""",inch,10,SBS5 (TICN),FAB0205555,5300,,
26,TOTEM Silver Cut,DIN 376,mixed,"7/8""",inch,9,SAS3 (TIN),FAB0205315,6122,,
26,TOTEM Silver Cut,DIN 376,mixed,"7/8""",inch,9,SAS5 (TICN),FAB0205324,6268,,
26,TOTEM Silver Cut,DIN 376,mixed,"7/8""",inch,9,SBS5 (TICN),FAB0205556,6981,,
26,TOTEM Silver Cut,DIN 376,mixed,"1""",inch,8,SAS3 (TIN),FAB0205316,7560,,
26,TOTEM Silver Cut,DIN 376,mixed,"1""",inch,8,SAS5 (TICN),FAB0205325,7682,,
26,TOTEM Silver Cut,DIN 376,mixed,"1""",inch,8,SBS5 (TICN),FAB0205557,8470,,
26,TOTEM Silver Cut,DIN 376,mixed,"1/4""",inch,20,SAS3 (TIN),FAB0205335,1020,,
26,TOTEM Silver Cut,DIN 376,mixed,"1/4""",inch,20,SAS5 (TICN),FAB0205344,1129,,
26,TOTEM Silver Cut,DIN 376,mixed,"1/4""",inch,20,SBS5 (TICN),FAB0205567,1048,,
26,TOTEM Silver Cut,DIN 376,mixed,"5/16""",inch,18,SAS3 (TIN),FAB0205336,1169,,
26,TOTEM Silver Cut,DIN 376,mixed,"5/16""",inch,18,SAS5 (TICN),FAB0205345,1293,,
26,TOTEM Silver Cut,DIN 376,mixed,"5/16""",inch,18,SBS5 (TICN),FAB0205568,1338,,
26,TOTEM Silver Cut,DIN 376,mixed,"3/8""",inch,16,SAS3 (TIN),FAB0205337,1419,,
26,TOTEM Silver Cut,DIN 376,mixed,"3/8""",inch,16,SAS5 (TICN),FAB0205346,1571,,
26,TOTEM Silver Cut,DIN 376,mixed,"3/8""",inch,16,SBS5 (TICN),FAB0205569,1661,,
26,TOTEM Silver Cut,DIN 376,mixed,"7/16""",inch,14,SAS3 (TIN),FAB0205338,1814,,
26,TOTEM Silver Cut,DIN 376,mixed,"7/16""",inch,14,SAS5 (TICN),FAB0205347,2004,,
26,TOTEM Silver Cut,DIN 376,mixed,"7/16""",inch,14,SBS5 (TICN),FAB0205570,2130,,
26,TOTEM Silver Cut,DIN 374,mixed,"1/2""",inch,13,SAS3 (TIN),FAB0205339,2241,,
26,TOTEM Silver Cut,DIN 374,mixed,"1/2""",inch,13,SAS5 (TICN),FAB0205348,2475,,
26,TOTEM Silver Cut,DIN 374,mixed,"1/2""",inch,13,SBS5 (TICN),FAB0205571,2643,,
26,TOTEM Silver Cut,DIN 374,mixed,"5/8""",inch,11,SAS3 (TIN),FAB0205340,3038,,
26,TOTEM Silver Cut,DIN 374,mixed,"5/8""",inch,11,SAS5 (TICN),FAB0205349,3361,,
26,TOTEM Silver Cut,DIN 374,mixed,"5/8""",inch,11,SBS5 (TICN),FAB0205572,3471,,
26,TOTEM Silver Cut,DIN 374,mixed,"3/4""",inch,10,SAS3 (TIN),FAB0205341,4387,,
26,TOTEM Silver Cut,DIN 374,mixed,"3/4""",inch,10,SAS5 (TICN),FAB0205350,4854,,
26,TOTEM Silver Cut,DIN 374,mixed,"3/4""",inch,10,SBS5 (TICN),FAB0205573,5093,,
26,TOTEM Silver Cut,DIN 374,mixed,"7/8""",inch,14,SAS3 (TIN),FAB0205342,5917,,
26,TOTEM Silver Cut,DIN 374,mixed,"7/8""",inch,14,SAS5 (TICN),FAB0205351,6268,,
26,TOTEM Silver Cut,DIN 374,mixed,"7/8""",inch,14,SBS5 (TICN),FAB0205574,6981,,
26,TOTEM Silver Cut,DIN 374,mixed,"1""",inch,12,SAS3 (TIN),FAB0205343,7308,,
26,TOTEM Silver Cut,DIN 374,mixed,"1""",inch,12,SAS5 (TICN),FAB0205352,7682,,
26,TOTEM Silver Cut,DIN 374,mixed,"1""",inch,12,SBS5 (TICN),FAB0205575,8470,,
27,TOTEM Silver Cut,,mixed,"1/4""",inch,28,SAS3 (TIN),FAB0205217,926,,
27,TOTEM Silver Cut,,mixed,"1/4""",inch,28,SAS5 (TICN),FAB0205224,1026,,
27,TOTEM Silver Cut,,mixed,"1/4""",inch,28,SBS5 (TICN),FAB0205507,960,,
27,TOTEM Silver Cut,,mixed,"5/16""",inch,24,SAS3 (TIN),FAB0205218,1063,,
27,TOTEM Silver Cut,,mixed,"5/16""",inch,24,SAS5 (TICN),FAB0205225,1174,,
27,TOTEM Silver Cut,,mixed,"5/16""",inch,24,SBS5 (TICN),FAB0205508,1229,,
27,TOTEM Silver Cut,,mixed,"3/8""",inch,24,SAS3 (TIN),FAB0205219,1288,,
27,TOTEM Silver Cut,,mixed,"3/8""",inch,24,SAS5 (TICN),FAB0205226,1427,,
27,TOTEM Silver Cut,,mixed,"3/8""",inch,24,SBS5 (TICN),FAB0205509,1526,,
27,TOTEM Silver Cut,,mixed,"7/16""",inch,20,SAS3 (TIN),FAB0205220,1649,,
27,TOTEM Silver Cut,,mixed,"7/16""",inch,20,SAS5 (TICN),FAB0205227,1824,,
27,TOTEM Silver Cut,,mixed,"7/16""",inch,20,SBS5 (TICN),FAB0205510,1958,,
27,TOTEM Silver Cut,,mixed,"1/2""",inch,20,SAS3 (TIN),FAB0205221,2036,,
27,TOTEM Silver Cut,,mixed,"1/2""",inch,20,SAS5 (TICN),FAB0205228,2252,,
27,TOTEM Silver Cut,,mixed,"1/2""",inch,20,SBS5 (TICN),FAB0205511,2429,,
27,TOTEM Silver Cut,,mixed,"5/8""",inch,18,SAS3 (TIN),FAB0205222,2762,,
27,TOTEM Silver Cut,,mixed,"5/8""",inch,18,SAS5 (TICN),FAB0205229,3057,,
27,TOTEM Silver Cut,,mixed,"5/8""",inch,18,SBS5 (TICN),FAB0205512,3182,,
27,TOTEM Silver Cut,,mixed,"3/4""",inch,16,SAS3 (TIN),FAB0205223,3990,,
27,TOTEM Silver Cut,,mixed,"3/4""",inch,16,SAS5 (TICN),FAB0205230,4413,,
27,TOTEM Silver Cut,,mixed,"3/4""",inch,16,SBS5 (TICN),FAB0205513,4674,,
27,TOTEM Silver Cut,,mixed,"7/8""",inch,9,SAS3 (TIN),FAB0206651,5717,,
27,TOTEM Silver Cut,,mixed,"7/8""",inch,9,SAS5 (TICN),FAB0206652,6064,,
27,TOTEM Silver Cut,,mixed,"7/8""",inch,9,SBS5 (TICN),FAB0205715,6585,,
27,TOTEM Silver Cut,,mixed,"1""",inch,8,SAS3 (TIN),FAB0206656,7055,,
27,TOTEM Silver Cut,,mixed,"1""",inch,8,SAS5 (TICN),FAB0206657,7425,,
27,TOTEM Silver Cut,,mixed,"1""",inch,8,SBS5 (TICN),FAB0206658,7973,,
27,TOTEM Silver Cut,,mixed,"1/4""",inch,28,SAS3 (TIN),FAB0205259,926,,
27,TOTEM Silver Cut,,mixed,"1/4""",inch,28,SAS5 (TICN),FAB0205266,1026,,
27,TOTEM Silver Cut,,mixed,"1/4""",inch,28,SBS5 (TICN),FAB0205521,960,,
27,TOTEM Silver Cut,,mixed,"5/16""",inch,24,SAS3 (TIN),FAB0205260,1063,,
27,TOTEM Silver Cut,,mixed,"5/16""",inch,24,SAS5 (TICN),FAB0205267,1174,,
27,TOTEM Silver Cut,,mixed,"5/16""",inch,24,SBS5 (TICN),FAB0205522,1229,,
27,TOTEM Silver Cut,,mixed,"3/8""",inch,24,SAS3 (TIN),FAB0205261,1288,,
27,TOTEM Silver Cut,,mixed,"3/8""",inch,24,SAS5 (TICN),FAB0205268,1427,,
27,TOTEM Silver Cut,,mixed,"3/8""",inch,24,SBS5 (TICN),FAB0205523,1526,,
27,TOTEM Silver Cut,,mixed,"7/16""",inch,20,SAS3 (TIN),FAB0205262,1649,,
27,TOTEM Silver Cut,,mixed,"7/16""",inch,20,SAS5 (TICN),FAB0205269,1824,,
27,TOTEM Silver Cut,,mixed,"7/16""",inch,20,SBS5 (TICN),FAB0205524,1958,,
27,TOTEM Silver Cut,,mixed,"1/2""",inch,20,SAS3 (TIN),FAB0205263,2036,,
27,TOTEM Silver Cut,,mixed,"1/2""",inch,20,SAS5 (TICN),FAB0205270,2252,,
27,TOTEM Silver Cut,,mixed,"1/2""",inch,20,SBS5 (TICN),FAB0205525,2429,,
27,TOTEM Silver Cut,,mixed,"5/8""",inch,18,SAS3 (TIN),FAB0205264,2762,,
27,TOTEM Silver Cut,,mixed,"5/8""",inch,18,SAS5 (TICN),FAB0205271,3057,,
27,TOTEM Silver Cut,,mixed,"5/8""",inch,18,SBS5 (TICN),FAB0205526,3182,,
27,TOTEM Silver Cut,,mixed,"3/4""",inch,16,SAS3 (TIN),FAB0205265,3990,,
27,TOTEM Silver Cut,,mixed,"3/4""",inch,16,SAS5 (TICN),FAB0205272,4413,,
27,TOTEM Silver Cut,,mixed,"3/4""",inch,16,SBS5 (TICN),FAB0205527,4674,,
27,TOTEM Silver Cut,,mixed,"7/8""",inch,14,SAS3 (TIN),FAB0206653,5717,,
27,TOTEM Silver Cut,,mixed,"7/8""",inch,14,SAS5 (TICN),FAB0206654,6064,,
27,TOTEM Silver Cut,,mixed,"7/8""",inch,14,SBS5 (TICN),FAB0206655,6585,,
27,TOTEM Silver Cut,,mixed,"1""",inch,12,SAS3 (TIN),FAB0206659,7055,,
27,TOTEM Silver Cut,,mixed,"1""",inch,12,SAS5 (TICN),FAB0206660,7425,,
27,TOTEM Silver Cut,,mixed,"1""",inch,12,SBS5 (TICN),FAB0206661,7973,,
27,TOTEM Silver Cut,,mixed,M4,metric,0.7,SA1 (BRIGHT),FAB0200818,1286,,
27,TOTEM Silver Cut,,mixed,M4,metric,0.7,SA3 (TIN),FAB0200820,1635,,
27,TOTEM Silver Cut,,mixed,M4,metric,0.7,SB1 (BRIGHT),FAB0203270,1506,,
27,TOTEM Silver Cut,,mixed,M4,metric,0.7,SB3 (TIN),FAB0203274,1806,,
27,TOTEM Silver Cut,,mixed,M4,metric,0.7,SC4 (TIALN),FAB0203280,1472,,
27,TOTEM Silver Cut,,mixed,M5,metric,0.8,SA1 (BRIGHT),FAB0200822,949,,
27,TOTEM Silver Cut,,mixed,M5,metric,0.8,SA3 (TIN),FAB0200824,1213,,
27,TOTEM Silver Cut,,mixed,M5,metric,0.8,SB1 (BRIGHT),FAB0200825,1081,,
27,TOTEM Silver Cut,,mixed,M5,metric,0.8,SB3 (TIN),FAB0200827,1295,,
27,TOTEM Silver Cut,,mixed,M5,metric,0.8,SC4 (TIALN),FAB0203281,1100,,
27,TOTEM Silver Cut,,mixed,M6,metric,1,SA1 (BRIGHT),FAB0200832,1124,,
27,TOTEM Silver Cut,,mixed,M6,metric,1,SA3 (TIN),FAB0200834,1295,,
27,TOTEM Silver Cut,,mixed,M6,metric,1,SB1 (BRIGHT),FAB0200836,1294,,
27,TOTEM Silver Cut,,mixed,M6,metric,1,SB3 (TIN),FAB0200838,1489,,
27,TOTEM Silver Cut,,mixed,M6,metric,1,SC4 (TIALN),FAB0200831,1174,,
27,TOTEM Silver Cut,,mixed,M8,metric,1.25,SA1 (BRIGHT),FAB0200843,1186,,
27,TOTEM Silver Cut,,mixed,M8,metric,1.25,SA3 (TIN),FAB0200845,1364,,
27,TOTEM Silver Cut,,mixed,M8,metric,1.25,SB1 (BRIGHT),FAB0200846,1361,,
27,TOTEM Silver Cut,,mixed,M8,metric,1.25,SB3 (TIN),FAB0200848,1558,,
27,TOTEM Silver Cut,,mixed,M8,metric,1.25,SC4 (TIALN),FAB0200842,1232,,
27,TOTEM Silver Cut,IS 6175,mixed,M10,metric,1.5,SA1 (BRIGHT),FAB0200854,1469,,
27,TOTEM Silver Cut,IS 6175,mixed,M10,metric,1.5,SA3 (TIN),FAB0200856,1689,,
27,TOTEM Silver Cut,IS 6175,mixed,M10,metric,1.5,SB1 (BRIGHT),FAB0200857,1704,,
27,TOTEM Silver Cut,IS 6175,mixed,M10,metric,1.5,SB3 (TIN),FAB0200859,1928,,
27,TOTEM Silver Cut,IS 6175,mixed,M10,metric,1.5,SC4 (TIALN),FAB0200853,1526,,
27,TOTEM Silver Cut,IS 6175,mixed,LONG,inch,M12,SA1 (BRIGHT),FAB0200876,2060,,
27,TOTEM Silver Cut,IS 6175,mixed,LONG,inch,M12,SA3 (TIN),FAB0200878,2371,,
27,TOTEM Silver Cut,IS 6175,mixed,LONG,inch,M12,SB1 (BRIGHT),FAB0200879,2357,,
27,TOTEM Silver Cut,IS 6175,mixed,LONG,inch,M12,SB3 (TIN),FAB0200881,2712,,
27,TOTEM Silver Cut,IS 6175,mixed,LONG,inch,M12,SC4 (TIALN),FAB0200875,2145,,
27,TOTEM Silver Cut,IS 6175,mixed,M14,metric,2,SA1 (BRIGHT),FAB0203264,2780,,
27,TOTEM Silver Cut,IS 6175,mixed,M14,metric,2,SA3 (TIN),FAB0203267,3198,,
27,TOTEM Silver Cut,IS 6175,mixed,M14,metric,2,SB1 (BRIGHT),FAB0203271,3187,,
27,TOTEM Silver Cut,IS 6175,mixed,M14,metric,2,SB3 (TIN),FAB0203275,3660,,
27,TOTEM Silver Cut,IS 6175,mixed,M14,metric,2,SC4 (TIALN),FAB0203282,2897,,
27,TOTEM Silver Cut,IS 6175,mixed,M16,metric,2,SA1 (BRIGHT),FAB0203266,2780,,
27,TOTEM Silver Cut,IS 6175,mixed,M16,metric,2,SA3 (TIN),FAB0203269,3198,,
27,TOTEM Silver Cut,IS 6175,mixed,M16,metric,2,SB1 (BRIGHT),FAB0203273,3187,,
27,TOTEM Silver Cut,IS 6175,mixed,M16,metric,2,SB3 (TIN),FAB0203277,3660,,
27,TOTEM Silver Cut,IS 6175,mixed,M16,metric,2,SC4 (TIALN),FAB0203284,2897,,
27,TOTEM Silver Cut,IS 6175,mixed,M12,metric,1.5,SA1 (BRIGHT),FAB0200865,2371,,
27,TOTEM Silver Cut,IS 6175,mixed,M12,metric,1.5,SA3 (TIN),FAB0200867,2720,,
27,TOTEM Silver Cut,IS 6175,mixed,M12,metric,1.5,SB1 (BRIGHT),FAB0200868,2714,,
27,TOTEM Silver Cut,IS 6175,mixed,M12,metric,1.5,SB3 (TIN),FAB0200870,3123,,
27,TOTEM Silver Cut,IS 6175,mixed,M12,metric,1.5,SC4 (TIALN),FAB0200864,2466,,
27,TOTEM Silver Cut,IS 6175,mixed,M14,metric,1.5,SA1 (BRIGHT),FAB0200886,2780,,
27,TOTEM Silver Cut,IS 6175,mixed,M14,metric,1.5,SA3 (TIN),FAB0200888,3198,,
27,TOTEM Silver Cut,IS 6175,mixed,M14,metric,1.5,SB1 (BRIGHT),FAB0200889,3187,,
27,TOTEM Silver Cut,IS 6175,mixed,M14,metric,1.5,SB3 (TIN),FAB0200891,3660,,
27,TOTEM Silver Cut,IS 6175,mixed,M14,metric,1.5,SC4 (TIALN),FAB0200885,2897,,
27,TOTEM Silver Cut,IS 6175,mixed,M16,metric,1.5,SA1 (BRIGHT),FAB0203265,2780,,
27,TOTEM Silver Cut,IS 6175,mixed,M16,metric,1.5,SA3 (TIN),FAB0203268,3198,,
27,TOTEM Silver Cut,IS 6175,mixed,M16,metric,1.5,SB1 (BRIGHT),FAB0203272,3187,,
27,TOTEM Silver Cut,IS 6175,mixed,M16,metric,1.5,SB3 (TIN),FAB0203276,3660,,
27,TOTEM Silver Cut,IS 6175,mixed,M16,metric,1.5,SC4 (TIALN),FAB0203283,2897,,
28,TOTEM Silver Cut,,BSP,"1/8""",inch,28,SA3 (TIN),FAB0209120,1760,,
28,TOTEM Silver Cut,,BSP,"1/8""",inch,28,SB3 (TIN),FAB0205834,1701,,
28,TOTEM Silver Cut,,BSP,"1/8""",inch,28,SC4 (TIALN),FAB0209213,1652,,
28,TOTEM Silver Cut,,BSP,"1/4""",inch,19,SA3 (TIN),FAB0209121,2643,,
28,TOTEM Silver Cut,,BSP,"1/4""",inch,19,SB3 (TIN),FAB0206479,1755,,
28,TOTEM Silver Cut,,BSP,"1/4""",inch,19,SC4 (TIALN),FAB0207904,2482,,
28,TOTEM Silver Cut,,BSP,"3/8""",inch,19,SA3 (TIN),FAB0209122,4101,,
28,TOTEM Silver Cut,,BSP,"3/8""",inch,19,SB3 (TIN),FAB0206480,2128,,
28,TOTEM Silver Cut,,BSP,"3/8""",inch,19,SC4 (TIALN),FAB0207905,3851,,
28,TOTEM Silver Cut,DIN 5156,BSP,"1/2""",inch,14,SA3 (TIN),FAB0209123,6029,,
28,TOTEM Silver Cut,DIN 5156,BSP,"1/2""",inch,14,SB3 (TIN),FAB0206481,3251,,
28,TOTEM Silver Cut,DIN 5156,BSP,"1/2""",inch,14,SC4 (TIALN),FAB0209235,5661,,
28,TOTEM Silver Cut,DIN 5156,BSP,"3/4""",inch,14,SA3 (TIN),FAB0209124,9034,,
28,TOTEM Silver Cut,DIN 5156,BSP,"3/4""",inch,14,SB3 (TIN),FAB0206482,5517,,
28,TOTEM Silver Cut,DIN 5156,BSP,"3/4""",inch,14,SC4 (TIALN),FAB0209236,8484,,
28,TOTEM Silver Cut,DIN 5156,BSP,"1""",inch,11,SA3 (TIN),FAB0209125,13446,,
28,TOTEM Silver Cut,DIN 5156,BSP,"1""",inch,11,SB3 (TIN),FAB0208795,8935,,
28,TOTEM Silver Cut,DIN 5156,BSP,"1""",inch,11,SC4 (TIALN),FAB0209237,12627,,
28,TOTEM Silver Cut,DIN 5156,BSP,"1/8""",inch,27,SA3 (TIN),FAB0208814,2670,,
28,TOTEM Silver Cut,DIN 5156,BSP,"1/4""",inch,18,SA3 (TIN),FAB0208815,4406,,
28,TOTEM Silver Cut,DIN 5156,BSP,"3/8""",inch,18,SA3 (TIN),FAB0208816,6025,,
28,TOTEM Silver Cut,DIN 374,BSP,"1/2""",inch,14,SA3 (TIN),FAB0208817,8805,,
28,TOTEM Silver Cut,DIN 374,BSP,"3/4""",inch,14,SA3 (TIN),FAB0208818,13238,,
28,TOTEM Silver Cut,DIN 374,BSP,"1""",inch,11.5,SA3 (TIN),FAB0208819,20173,,
3,HSS Hand / Short Machine / Long Shank,BS-949 / ANSI,BSW/BSF,1/8,inch,,Standard,,407,,
3,HSS Hand / Short Machine / Long Shank,BS-949 / ANSI,BSW/BSF,1/8,inch,,SF/RS,,423,,
3,HSS Hand / Short Machine / Long Shank,BS-949 / ANSI,BSW/BSF,1/8,inch,,SPPT,,491,,
3,HSS Hand / Short Machine / Long Shank,BS-949 / ANSI,BSP,1/8,inch,,Standard,,671,,
3,HSS Hand / Short Machine / Long Shank,BS-949 / ANSI,BSPT,1/8,inch,,Standard,,914,,
3,HSS Hand / Short Machine / Long Shank,BS-949 / ANSI,NPT,1/8,inch,,Standard,,939,,
3,HSS Hand / Short Machine / Long Shank,BS-949 / ANSI,BSW/BSF,5/32,inch,,Standard,,407,,
3,HSS Hand / Short Machine / Long Shank,BS-949 / ANSI,BSW/BSF,5/32,inch,,SF/RS,,423,,
3,HSS Hand / Short Machine / Long Shank,BS-949 / ANSI,BSW/BSF,5/32,inch,,SPPT,,491,,
3,HSS Hand / Short Machine / Long Shank,BS-949 / ANSI,BSW/BSF,3/16,inch,,Standard,,407,,
3,HSS Hand / Short Machine / Long Shank,BS-949 / ANSI,BSW/BSF,3/16,inch,,SF/RS,,447,,
3,HSS Hand / Short Machine / Long Shank,BS-949 / ANSI,BSW/BSF,3/16,inch,,SPPT,,518,,
3,HSS Hand / Short Machine / Long Shank,BS-949 / ANSI,BSW/BSF,7/32,inch,,Standard,,461,,
3,HSS Hand / Short Machine / Long Shank,BS-949 / ANSI,BSW/BSF,7/32,inch,,SF/RS,,483,,
3,HSS Hand / Short Machine / Long Shank,BS-949 / ANSI,BSW/BSF,7/32,inch,,SPPT,,544,,
3,HSS Hand / Short Machine / Long Shank,BS-949 / ANSI,BSW/BSF,1/4,inch,,Standard,,423,,
3,HSS Hand / Short Machine / Long Shank,BS-949 / ANSI,BSW/BSF,1/4,inch,,SF/RS,,447,,
3,HSS Hand / Short Machine / Long Shank,BS-949 / ANSI,BSW/BSF,1/4,inch,,SPPT,,511,,
3,HSS Hand / Short Machine / Long Shank,BS-949 / ANSI,UNF/UNC,1/4,inch,,Standard,,423,,
3,HSS Hand / Short Machine / Long Shank,BS-949 / ANSI,UNF/UNC,1/4,inch,,SF/RS,,447,,
3,HSS Hand / Short Machine / Long Shank,BS-949 / ANSI,UNF/UNC,1/4,inch,,SPPT,,518,,
3,HSS Hand / Short Machine / Long Shank,BS-949 / ANSI,BSP,1/4,inch,,Standard,,1023,,
3,HSS Hand / Short Machine / Long Shank,BS-949 / ANSI,BSPT,1/4,inch,,Standard,,1595,,
3,HSS Hand / Short Machine / Long Shank,BS-949 / ANSI,NPT,1/4,inch,,Standard,,1635,,
3,HSS Hand / Short Machine / Long Shank,BS-949 / ANSI,BSW/BSF,5/16,inch,,Standard,,480,,
3,HSS Hand / Short Machine / Long Shank,BS-949 / ANSI,BSW/BSF,5/16,inch,,SF/RS,,519,,
3,HSS Hand / Short Machine / Long Shank,BS-949 / ANSI,BSW/BSF,5/16,inch,,SPPT,,599,,
3,HSS Hand / Short Machine / Long Shank,BS-949 / ANSI,UNF/UNC,5/16,inch,,Standard,,480,,
3,HSS Hand / Short Machine / Long Shank,BS-949 / ANSI,UNF/UNC,5/16,inch,,SF/RS,,519,,
3,HSS Hand / Short Machine / Long Shank,BS-949 / ANSI,UNF/UNC,5/16,inch,,SPPT,,599,,
3,HSS Hand / Short Machine / Long Shank,BS-949 / ANSI,BSW/BSF,3/8,inch,,Standard,,585,,
3,HSS Hand / Short Machine / Long Shank,BS-949 / ANSI,BSW/BSF,3/8,inch,,SF/RS,,630,,
3,HSS Hand / Short Machine / Long Shank,BS-949 / ANSI,BSW/BSF,3/8,inch,,SPPT,,718,,
3,HSS Hand / Short Machine / Long Shank,BS-949 / ANSI,UNF/UNC,3/8,inch,,Standard,,585,,
3,HSS Hand / Short Machine / Long Shank,BS-949 / ANSI,UNF/UNC,3/8,inch,,SF/RS,,630,,
3,HSS Hand / Short Machine / Long Shank,BS-949 / ANSI,UNF/UNC,3/8,inch,,SPPT,,718,,
3,HSS Hand / Short Machine / Long Shank,BS-949 / ANSI,BSP,3/8,inch,,Standard,,1501,,
3,HSS Hand / Short Machine / Long Shank,BS-949 / ANSI,BSPT,3/8,inch,,Standard,,2049,,
3,HSS Hand / Short Machine / Long Shank,BS-949 / ANSI,NPT,3/8,inch,,Standard,,2080,,
3,HSS Hand / Short Machine / Long Shank,BS-949 / ANSI,BSW/BSF,7/16,inch,,Standard,,747,,
3,HSS Hand / Short Machine / Long Shank,BS-949 / ANSI,BSW/BSF,7/16,inch,,SF/RS,,813,,
3,HSS Hand / Short Machine / Long Shank,BS-949 / ANSI,BSW/BSF,7/16,inch,,SPPT,,928,,
3,HSS Hand / Short Machine / Long Shank,BS-949 / ANSI,UNF/UNC,7/16,inch,,Standard,,747,,
3,HSS Hand / Short Machine / Long Shank,BS-949 / ANSI,UNF/UNC,7/16,inch,,SF/RS,,813,,
3,HSS Hand / Short Machine / Long Shank,BS-949 / ANSI,UNF/UNC,7/16,inch,,SPPT,,928,,
3,HSS Hand / Short Machine / Long Shank,BS-949 / ANSI,BSW/BSF,1/2,inch,,Standard,,954,,
3,HSS Hand / Short Machine / Long Shank,BS-949 / ANSI,BSW/BSF,1/2,inch,,SF/RS,,1000,,
3,HSS Hand / Short Machine / Long Shank,BS-949 / ANSI,BSW/BSF,1/2,inch,,SPPT,,1143,,
3,HSS Hand / Short Machine / Long Shank,BS-949 / ANSI,UNF/UNC,1/2,inch,,Standard,,954,,
3,HSS Hand / Short Machine / Long Shank,BS-949 / ANSI,UNF/UNC,1/2,inch,,SF/RS,,1000,,
3,HSS Hand / Short Machine / Long Shank,BS-949 / ANSI,UNF/UNC,1/2,inch,,SPPT,,1143,,
3,HSS Hand / Short Machine / Long Shank,BS-949 / ANSI,BSP,1/2,inch,,Standard,,2269,,
3,HSS Hand / Short Machine / Long Shank,BS-949 / ANSI,BSPT,1/2,inch,,Standard,,3057,,
3,HSS Hand / Short Machine / Long Shank,BS-949 / ANSI,NPT,1/2,inch,,Standard,,3117,,
3,HSS Hand / Short Machine / Long Shank,BS-949 / ANSI,BSW/BSF,9/16,inch,,Standard,,1381,,
3,HSS Hand / Short Machine / Long Shank,BS-949 / ANSI,BSW/BSF,9/16,inch,,SF/RS,,1453,,
3,HSS Hand / Short Machine / Long Shank,BS-949 / ANSI,BSW/BSF,9/16,inch,,SPPT,,1663,,
3,HSS Hand / Short Machine / Long Shank,BS-949 / ANSI,UNF/UNC,9/16,inch,,Standard,,1381,,
3,HSS Hand / Short Machine / Long Shank,BS-949 / ANSI,UNF/UNC,9/16,inch,,SF/RS,,1447,,
3,HSS Hand / Short Machine / Long Shank,BS-949 / ANSI,UNF/UNC,9/16,inch,,SPPT,,1663,,
3,HSS Hand / Short Machine / Long Shank,BS-949 / ANSI,BSW/BSF,5/8,inch,,Standard,,1381,,
3,HSS Hand / Short Machine / Long Shank,BS-949 / ANSI,BSW/BSF,5/8,inch,,SF/RS,,1447,,
3,HSS Hand / Short Machine / Long Shank,BS-949 / ANSI,BSW/BSF,5/8,inch,,SPPT,,1663,,
3,HSS Hand / Short Machine / Long Shank,BS-949 / ANSI,UNF/UNC,5/8,inch,,Standard,,1381,,
3,HSS Hand / Short Machine / Long Shank,BS-949 / ANSI,UNF/UNC,5/8,inch,,SF/RS,,1447,,
3,HSS Hand / Short Machine / Long Shank,BS-949 / ANSI,UNF/UNC,5/8,inch,,SPPT,,1663,,
3,HSS Hand / Short Machine / Long Shank,BS-949 / ANSI,BSP,5/8,inch,,Standard,,2513,,
3,HSS Hand / Short Machine / Long Shank,BS-949 / ANSI,BSW/BSF,3/4,inch,,Standard,,2095,,
3,HSS Hand / Short Machine / Long Shank,BS-949 / ANSI,BSW/BSF,3/4,inch,,SF/RS,,2201,,
3,HSS Hand / Short Machine / Long Shank,BS-949 / ANSI,BSW/BSF,3/4,inch,,SPPT,,2521,,
3,HSS Hand / Short Machine / Long Shank,BS-949 / ANSI,UNF/UNC,3/4,inch,,Standard,,2095,,
3,HSS Hand / Short Machine / Long Shank,BS-949 / ANSI,UNF/UNC,3/4,inch,,SF/RS,,2201,,
3,HSS Hand / Short Machine / Long Shank,BS-949 / ANSI,UNF/UNC,3/4,inch,,SPPT,,2521,,
3,HSS Hand / Short Machine / Long Shank,BS-949 / ANSI,BSP,3/4,inch,,Standard,,3371,,
3,HSS Hand / Short Machine / Long Shank,BS-949 / ANSI,BSPT,3/4,inch,,Standard,,4528,,
3,HSS Hand / Short Machine / Long Shank,BS-949 / ANSI,NPT,3/4,inch,,Standard,,4619,,
3,HSS Hand / Short Machine / Long Shank,BS-949 / ANSI,BSW/BSF,7/8,inch,,Standard,,2892,,
3,HSS Hand / Short Machine / Long Shank,BS-949 / ANSI,BSW/BSF,7/8,inch,,SF/RS,,3028,,
3,HSS Hand / Short Machine / Long Shank,BS-949 / ANSI,BSW/BSF,7/8,inch,,SPPT,,3467,,
3,HSS Hand / Short Machine / Long Shank,BS-949 / ANSI,UNF/UNC,7/8,inch,,Standard,,2892,,
3,HSS Hand / Short Machine / Long Shank,BS-949 / ANSI,UNF/UNC,7/8,inch,,SF/RS,,3028,,
3,HSS Hand / Short Machine / Long Shank,BS-949 / ANSI,UNF/UNC,7/8,inch,,SPPT,,3467,,
3,HSS Hand / Short Machine / Long Shank,BS-949 / ANSI,BSP,7/8,inch,,Standard,,4159,,
3,HSS Hand / Short Machine / Long Shank,BS-949 / ANSI,BSW/BSF,"1""",inch,,Standard,,3622,,
3,HSS Hand / Short Machine / Long Shank,BS-949 / ANSI,BSW/BSF,"1""",inch,,SF/RS,,3808,,
3,HSS Hand / Short Machine / Long Shank,BS-949 / ANSI,BSW/BSF,"1""",inch,,SPPT,,4352,,
3,HSS Hand / Short Machine / Long Shank,BS-949 / ANSI,UNF/UNC,"1""",inch,,Standard,,3622,,
3,HSS Hand / Short Machine / Long Shank,BS-949 / ANSI,UNF/UNC,"1""",inch,,SF/RS,,3808,,
3,HSS Hand / Short Machine / Long Shank,BS-949 / ANSI,UNF/UNC,"1""",inch,,SPPT,,4352,,
3,HSS Hand / Short Machine / Long Shank,BS-949 / ANSI,BSP,"1""",inch,,Standard,,5257,,
3,HSS Hand / Short Machine / Long Shank,BS-949 / ANSI,BSPT,"1""",inch,,Standard,,7034,,
3,HSS Hand / Short Machine / Long Shank,BS-949 / ANSI,NPT,"1""",inch,,Standard,,7206,,
3,HSS Hand / Short Machine / Long Shank,BS-949 / ANSI,BSW/BSF,"1.1/8""",inch,,Standard,,4866,#,
3,HSS Hand / Short Machine / Long Shank,BS-949 / ANSI,BSW/BSF,"1.1/8""",inch,,SF/RS,,5112,#,
3,HSS Hand / Short Machine / Long Shank,BS-949 / ANSI,BSW/BSF,"1.1/8""",inch,,SPPT,,5840,#,
3,HSS Hand / Short Machine / Long Shank,BS-949 / ANSI,UNF/UNC,"1.1/8""",inch,,Standard,,4866,#,
3,HSS Hand / Short Machine / Long Shank,BS-949 / ANSI,UNF/UNC,"1.1/8""",inch,,SF/RS,,5112,#,
3,HSS Hand / Short Machine / Long Shank,BS-949 / ANSI,UNF/UNC,"1.1/8""",inch,,SPPT,,5840,#,
3,HSS Hand / Short Machine / Long Shank,BS-949 / ANSI,BSP,"1.1/8""",inch,,Standard,,7235,#,
3,HSS Hand / Short Machine / Long Shank,BS-949 / ANSI,BSW/BSF,"1.1/4""",inch,,Standard,,5865,,
3,HSS Hand / Short Machine / Long Shank,BS-949 / ANSI,BSW/BSF,"1.1/4""",inch,,SF/RS,,6158,,
3,HSS Hand / Short Machine / Long Shank,BS-949 / ANSI,BSW/BSF,"1.1/4""",inch,,SPPT,,7043,,
3,HSS Hand / Short Machine / Long Shank,BS-949 / ANSI,UNF/UNC,"1.1/4""",inch,,Standard,,5865,,
3,HSS Hand / Short Machine / Long Shank,BS-949 / ANSI,UNF/UNC,"1.1/4""",inch,,SF/RS,,6158,,
3,HSS Hand / Short Machine / Long Shank,BS-949 / ANSI,UNF/UNC,"1.1/4""",inch,,SPPT,,7043,,
3,HSS Hand / Short Machine / Long Shank,BS-949 / ANSI,BSP,"1.1/4""",inch,,Standard,,7884,,
3,HSS Hand / Short Machine / Long Shank,BS-949 / ANSI,BSPT,"1.1/4""",inch,,Standard,,10061,,
3,HSS Hand / Short Machine / Long Shank,BS-949 / ANSI,NPT,"1.1/4""",inch,,Standard,,10287,,
3,HSS Hand / Short Machine / Long Shank,BS-949 / ANSI,BSW/BSF,"1.3/8""",inch,,Standard,,7563,#,
3,HSS Hand / Short Machine / Long Shank,BS-949 / ANSI,BSW/BSF,"1.3/8""",inch,,SF/RS,,7954,#,
3,HSS Hand / Short Machine / Long Shank,BS-949 / ANSI,BSW/BSF,"1.3/8""",inch,,SPPT,,9078,#,
3,HSS Hand / Short Machine / Long Shank,BS-949 / ANSI,UNF/UNC,"1.3/8""",inch,,Standard,,7563,#,
3,HSS Hand / Short Machine / Long Shank,BS-949 / ANSI,UNF/UNC,"1.3/8""",inch,,SF/RS,,7954,#,
3,HSS Hand / Short Machine / Long Shank,BS-949 / ANSI,UNF/UNC,"1.3/8""",inch,,SPPT,,9078,#,
3,HSS Hand / Short Machine / Long Shank,BS-949 / ANSI,BSW/BSF,"1.1/2""",inch,,Standard,,9089,,
3,HSS Hand / Short Machine / Long Shank,BS-949 / ANSI,BSW/BSF,"1.1/2""",inch,,SF/RS,,9548,,
3,HSS Hand / Short Machine / Long Shank,BS-949 / ANSI,BSW/BSF,"1.1/2""",inch,,SPPT,,10908,,
3,HSS Hand / Short Machine / Long Shank,BS-949 / ANSI,UNF/UNC,"1.1/2""",inch,,Standard,,9089,,
3,HSS Hand / Short Machine / Long Shank,BS-949 / ANSI,UNF/UNC,"1.1/2""",inch,,SF/RS,,9548,,
3,HSS Hand / Short Machine / Long Shank,BS-949 / ANSI,UNF/UNC,"1.1/2""",inch,,SPPT,,10908,,
3,HSS Hand / Short Machine / Long Shank,BS-949 / ANSI,BSP,"1.1/2""",inch,,Standard,,9833,,
3,HSS Hand / Short Machine / Long Shank,BS-949 / ANSI,BSPT,"1.1/2""",inch,,Standard,,12303,,
3,HSS Hand / Short Machine / Long Shank,BS-949 / ANSI,NPT,"1.1/2""",inch,,Standard,,12760,,
3,HSS Hand / Short Machine / Long Shank,BS-949 / ANSI,BSW/BSF,"1.5/8""",inch,,Standard,,10659,~,
3,HSS Hand / Short Machine / Long Shank,BS-949 / ANSI,BSW/BSF,"1.5/8""",inch,,SF/RS,,11193,~,
3,HSS Hand / Short Machine / Long Shank,BS-949 / ANSI,UNF/UNC,"1.5/8""",inch,,Standard,,10659,~,
3,HSS Hand / Short Machine / Long Shank,BS-949 / ANSI,UNF/UNC,"1.5/8""",inch,,SF/RS,,11193,~,
3,HSS Hand / Short Machine / Long Shank,BS-949 / ANSI,BSW/BSF,"1.3/4""",inch,,Standard,,12861,~,
3,HSS Hand / Short Machine / Long Shank,BS-949 / ANSI,BSW/BSF,"1.3/4""",inch,,SF/RS,,13505,~,
3,HSS Hand / Short Machine / Long Shank,BS-949 / ANSI,UNF/UNC,"1.3/4""",inch,,Standard,,12861,~,
3,HSS Hand / Short Machine / Long Shank,BS-949 / ANSI,UNF/UNC,"1.3/4""",inch,,SF/RS,,14712,~,
3,HSS Hand / Short Machine / Long Shank,BS-949 / ANSI,BSP,"1.3/4""",inch,,Standard,,15065,~,
3,HSS Hand / Short Machine / Long Shank,BS-949 / ANSI,BSW/BSF,"2""",inch,,Standard,,17866,~,
3,HSS Hand / Short Machine / Long Shank,BS-949 / ANSI,BSW/BSF,"2""",inch,,SF/RS,,18760,~,
3,HSS Hand / Short Machine / Long Shank,BS-949 / ANSI,UNF/UNC,"2""",inch,,Standard,,17866,~,
3,HSS Hand / Short Machine / Long Shank,BS-949 / ANSI,UNF/UNC,"2""",inch,,SF/RS,,18760,~,
3,HSS Hand / Short Machine / Long Shank,BS-949 / ANSI,BSP,"2""",inch,,Standard,,17648,~,
3,HSS Hand / Short Machine / Long Shank,BS-949 / ANSI,BSPT,"2""",inch,,Standard,,22519,~,
3,HSS Hand / Short Machine / Long Shank,BS-949 / ANSI,NPT,"2""",inch,,Standard,,23056,~,
3,HSS Hand / Short Machine / Long Shank,BS-949 / ANSI,BSW/BSF,"2.1/4""",inch,,Standard,,26686,~,
3,HSS Hand / Short Machine / Long Shank,BS-949 / ANSI,BSW/BSF,"2.1/4""",inch,,SF/RS,,28024,~,
3,HSS Hand / Short Machine / Long Shank,BS-949 / ANSI,BSP,"2.1/4""",inch,,Standard,,30501,~,
3,HSS Hand / Short Machine / Long Shank,BS-949 / ANSI,BSW/BSF,"2.1/2""",inch,,Standard,,35046,~,
3,HSS Hand / Short Machine / Long Shank,BS-949 / ANSI,BSW/BSF,"2.1/2""",inch,,SF/RS,,36799,~,
3,HSS Hand / Short Machine / Long Shank,BS-949 / ANSI,BSP,"2.1/2""",inch,,Standard,,44006,~,
3,HSS Hand / Short Machine / Long Shank,BS-949 / ANSI,BSPT,"2.1/2""",inch,,Standard,,69606,~,
3,HSS Hand / Short Machine / Long Shank,BS-949 / ANSI,NPT,"2.1/2""",inch,,Standard,,72909,~,
3,HSS Hand / Short Machine / Long Shank,BS-949 / ANSI,BSW/BSF,"2.3/4""",inch,,Standard,,43723,~,
3,HSS Hand / Short Machine / Long Shank,BS-949 / ANSI,BSW/BSF,"2.3/4""",inch,,SF/RS,,45912,~,
3,HSS Hand / Short Machine / Long Shank,BS-949 / ANSI,BSP,"2.3/4""",inch,,Standard,,49104,~,
3,HSS Hand / Short Machine / Long Shank,BS-949 / ANSI,BSW/BSF,"3""",inch,,Standard,,58663,~,
3,HSS Hand / Short Machine / Long Shank,BS-949 / ANSI,BSW/BSF,"3""",inch,,SF/RS,,61603,~,
3,HSS Hand / Short Machine / Long Shank,BS-949 / ANSI,BSP,"3""",inch,,Standard,,58444,~,
3,HSS Hand / Short Machine / Long Shank,BS-949 / ANSI,BSPT,"3""",inch,,Standard,,91084,~,
3,HSS Hand / Short Machine / Long Shank,BS-949 / ANSI,NPT,"3""",inch,,Standard,,95423,~,
3,HSS Hand / Short Machine / Long Shank,BS-949 / ANSI,BSP,"3.1/2""",inch,,Standard,,73675,~,
3,HSS Hand / Short Machine / Long Shank,BS-949 / ANSI,BSPT,"3.1/2""",inch,,Standard,,120074,~,
3,HSS Hand / Short Machine / Long Shank,BS-949 / ANSI,NPT,"3.1/2""",inch,,Standard,,125733,~,
3,HSS Hand / Short Machine / Long Shank,BS-949 / ANSI,BSP,"4""",inch,,Standard,,92611,~,
3,HSS Hand / Short Machine / Long Shank,BS-949 / ANSI,BSPT,"4""",inch,,Standard,,151224,~,
3,HSS Hand / Short Machine / Long Shank,BS-949 / ANSI,NPT,"4""",inch,,Standard,,158414,~,
4,HSS Hand / Short Machine / Long Shank,IS-6175,Metric Coarse,1.0 X 0.25,metric,,Standard,,1041,#,
4,HSS Hand / Short Machine / Long Shank,IS-6175,Metric Coarse,1.2 X 0.25,metric,,Standard,,1041,#,
4,HSS Hand / Short Machine / Long Shank,IS-6175,Metric Coarse,1.4 X 0.35,metric,,Standard,,897,#,
4,HSS Hand / Short Machine / Long Shank,IS-6175,Metric Coarse,1.4 X 0.35,metric,,SF/RS,,937,#,
4,HSS Hand / Short Machine / Long Shank,IS-6175,Metric Coarse,1.4 X 0.35,metric,,SPPT,,1088,#,
4,HSS Hand / Short Machine / Long Shank,IS-6175,Metric Coarse,1.6 X 0.35,metric,,Standard,,897,#,
4,HSS Hand / Short Machine / Long Shank,IS-6175,Metric Coarse,1.6 X 0.35,metric,,SF/RS,,937,#,
4,HSS Hand / Short Machine / Long Shank,IS-6175,Metric Coarse,1.6 X 0.35,metric,,SPPT,,1088,#,
4,HSS Hand / Short Machine / Long Shank,IS-6175,Metric Coarse,1.8 X 0.35,metric,,Standard,,897,#,
4,HSS Hand / Short Machine / Long Shank,IS-6175,Metric Coarse,1.8 X 0.35,metric,,SF/RS,,937,#,
4,HSS Hand / Short Machine / Long Shank,IS-6175,Metric Coarse,1.8 X 0.35,metric,,SPPT,,1088,#,
4,HSS Hand / Short Machine / Long Shank,IS-6175,Metric Coarse,2.0 X 0.40,metric,,Standard,,643,,
4,HSS Hand / Short Machine / Long Shank,IS-6175,Metric Coarse,2.0 X 0.40,metric,,SF/RS,,671,,
4,HSS Hand / Short Machine / Long Shank,IS-6175,Metric Coarse,2.0 X 0.40,metric,,SPPT,,760,,
4,HSS Hand / Short Machine / Long Shank,IS-6175,Metric Coarse,2.2 X 0.45,metric,,Standard,,643,#,
4,HSS Hand / Short Machine / Long Shank,IS-6175,Metric Coarse,2.2 X 0.45,metric,,SF/RS,,671,#,
4,HSS Hand / Short Machine / Long Shank,IS-6175,Metric Coarse,2.2 X 0.45,metric,,SPPT,,760,#,
4,HSS Hand / Short Machine / Long Shank,IS-6175,Metric Coarse,2.3 X 0.40,metric,,Standard,,643,#,
4,HSS Hand / Short Machine / Long Shank,IS-6175,Metric Coarse,2.3 X 0.40,metric,,SF/RS,,671,#,
4,HSS Hand / Short Machine / Long Shank,IS-6175,Metric Coarse,2.3 X 0.40,metric,,SPPT,,760,#,
4,HSS Hand / Short Machine / Long Shank,IS-6175,Metric Coarse,2.5 X 0.45,metric,,Standard,,643,,
4,HSS Hand / Short Machine / Long Shank,IS-6175,Metric Coarse,2.5 X 0.45,metric,,SF/RS,,671,,
4,HSS Hand / Short Machine / Long Shank,IS-6175,Metric Coarse,2.5 X 0.45,metric,,SPPT,,760,,
4,HSS Hand / Short Machine / Long Shank,IS-6175,Metric Coarse,2.6 X 0.45,metric,,Standard,,643,,
4,HSS Hand / Short Machine / Long Shank,IS-6175,Metric Coarse,2.6 X 0.45,metric,,SF/RS,,671,,
4,HSS Hand / Short Machine / Long Shank,IS-6175,Metric Coarse,2.6 X 0.45,metric,,SPPT,,760,,
4,HSS Hand / Short Machine / Long Shank,IS-6175,Metric Coarse,3.0 X 0.50,metric,,Standard,,390,,
4,HSS Hand / Short Machine / Long Shank,IS-6175,Metric Coarse,3.0 X 0.50,metric,,SF/RS,,423,,
4,HSS Hand / Short Machine / Long Shank,IS-6175,Metric Coarse,3.0 X 0.50,metric,,SPPT,,491,,
4,HSS Hand / Short Machine / Long Shank,IS-6175,Metric Coarse,3.0 X 0.50,metric,,Long Shank A/C/D,,859,,
4,HSS Hand / Short Machine / Long Shank,IS-6175,Metric Coarse,3.0 X 0.50,metric,,Long Shank B (SPPT),,1011,,
4,HSS Hand / Short Machine / Long Shank,IS-6175,Metric Coarse,3.5 X 0.60,metric,,Standard,,390,,
4,HSS Hand / Short Machine / Long Shank,IS-6175,Metric Coarse,3.5 X 0.60,metric,,SF/RS,,423,,
4,HSS Hand / Short Machine / Long Shank,IS-6175,Metric Coarse,3.5 X 0.60,metric,,SPPT,,491,,
4,HSS Hand / Short Machine / Long Shank,IS-6175,Metric Coarse,3.5 X 0.60,metric,,Long Shank A/C/D,,859,,
4,HSS Hand / Short Machine / Long Shank,IS-6175,Metric Coarse,3.5 X 0.60,metric,,Long Shank B (SPPT),,1011,,
4,HSS Hand / Short Machine / Long Shank,IS-6175,Metric Coarse,4.0 X 0.70,metric,,Standard,,390,,
4,HSS Hand / Short Machine / Long Shank,IS-6175,Metric Coarse,4.0 X 0.70,metric,,SF/RS,,423,,
4,HSS Hand / Short Machine / Long Shank,IS-6175,Metric Coarse,4.0 X 0.70,metric,,SPPT,,491,,
4,HSS Hand / Short Machine / Long Shank,IS-6175,Metric Coarse,4.0 X 0.70,metric,,Long Shank A/C/D,,859,,
4,HSS Hand / Short Machine / Long Shank,IS-6175,Metric Coarse,4.0 X 0.70,metric,,Long Shank B (SPPT),,1011,,
4,HSS Hand / Short Machine / Long Shank,IS-6175,Metric Coarse,4.5 X 0.75,metric,,Standard,,419,#,
4,HSS Hand / Short Machine / Long Shank,IS-6175,Metric Coarse,4.5 X 0.75,metric,,SF/RS,,447,#,
4,HSS Hand / Short Machine / Long Shank,IS-6175,Metric Coarse,4.5 X 0.75,metric,,SPPT,,518,#,
4,HSS Hand / Short Machine / Long Shank,IS-6175,Metric Coarse,4.5 X 0.75,metric,,Long Shank A/C/D,,630,#,
4,HSS Hand / Short Machine / Long Shank,IS-6175,Metric Coarse,4.5 X 0.75,metric,,Long Shank B (SPPT),,748,#,
4,HSS Hand / Short Machine / Long Shank,IS-6175,Metric Coarse,5.0 X 0.80,metric,,Standard,,419,,
4,HSS Hand / Short Machine / Long Shank,IS-6175,Metric Coarse,5.0 X 0.80,metric,,SF/RS,,447,,
4,HSS Hand / Short Machine / Long Shank,IS-6175,Metric Coarse,5.0 X 0.80,metric,,SPPT,,518,,
4,HSS Hand / Short Machine / Long Shank,IS-6175,Metric Coarse,5.0 X 0.80,metric,,Long Shank A/C/D,,616,,
4,HSS Hand / Short Machine / Long Shank,IS-6175,Metric Coarse,5.0 X 0.80,metric,,Long Shank B (SPPT),,748,,
4,HSS Hand / Short Machine / Long Shank,IS-6175,Metric Coarse,6.0 X 1.00,metric,,Standard,,419,,
4,HSS Hand / Short Machine / Long Shank,IS-6175,Metric Coarse,6.0 X 1.00,metric,,SF/RS,,447,,
4,HSS Hand / Short Machine / Long Shank,IS-6175,Metric Coarse,6.0 X 1.00,metric,,SPPT,,518,,
4,HSS Hand / Short Machine / Long Shank,IS-6175,Metric Coarse,6.0 X 1.00,metric,,Long Shank A/C/D,,662,,
4,HSS Hand / Short Machine / Long Shank,IS-6175,Metric Coarse,6.0 X 1.00,metric,,Long Shank B (SPPT),,806,,
4,HSS Hand / Short Machine / Long Shank,IS-6175,Metric Coarse,7.0 X 1.00,metric,,Standard,,535,~,
4,HSS Hand / Short Machine / Long Shank,IS-6175,Metric Coarse,7.0 X 1.00,metric,,SF/RS,,555,~,
4,HSS Hand / Short Machine / Long Shank,IS-6175,Metric Coarse,7.0 X 1.00,metric,,SPPT,,633,~,
4,HSS Hand / Short Machine / Long Shank,IS-6175,Metric Coarse,7.0 X 1.00,metric,,Long Shank A/C/D,,747,~,
4,HSS Hand / Short Machine / Long Shank,IS-6175,Metric Coarse,7.0 X 1.00,metric,,Long Shank B (SPPT),,878,~,
4,HSS Hand / Short Machine / Long Shank,IS-6175,Metric Coarse,8.0 X 1.25,metric,,Standard,,504,,
4,HSS Hand / Short Machine / Long Shank,IS-6175,Metric Coarse,8.0 X 1.25,metric,,SF/RS,,519,,
4,HSS Hand / Short Machine / Long Shank,IS-6175,Metric Coarse,8.0 X 1.25,metric,,SPPT,,599,,
4,HSS Hand / Short Machine / Long Shank,IS-6175,Metric Coarse,8.0 X 1.25,metric,,Long Shank A/C/D,,718,,
4,HSS Hand / Short Machine / Long Shank,IS-6175,Metric Coarse,8.0 X 1.25,metric,,Long Shank B (SPPT),,878,,
4,HSS Hand / Short Machine / Long Shank,IS-6175,Metric Coarse,9.0 X 1.25,metric,,Standard,,609,~,
4,HSS Hand / Short Machine / Long Shank,IS-6175,Metric Coarse,9.0 X 1.25,metric,,SF/RS,,647,~,
4,HSS Hand / Short Machine / Long Shank,IS-6175,Metric Coarse,9.0 X 1.25,metric,,SPPT,,747,~,
4,HSS Hand / Short Machine / Long Shank,IS-6175,Metric Coarse,9.0 X 1.25,metric,,Long Shank A/C/D,,918,~,
4,HSS Hand / Short Machine / Long Shank,IS-6175,Metric Coarse,9.0 X 1.25,metric,,Long Shank B (SPPT),,1095,~,
4,HSS Hand / Short Machine / Long Shank,IS-6175,Metric Coarse,10.0 X 1.50,metric,,Standard,,609,,
4,HSS Hand / Short Machine / Long Shank,IS-6175,Metric Coarse,10.0 X 1.50,metric,,SF/RS,,647,,
4,HSS Hand / Short Machine / Long Shank,IS-6175,Metric Coarse,10.0 X 1.50,metric,,SPPT,,747,,
4,HSS Hand / Short Machine / Long Shank,IS-6175,Metric Coarse,10.0 X 1.50,metric,,Long Shank A/C/D,,918,,
4,HSS Hand / Short Machine / Long Shank,IS-6175,Metric Coarse,10.0 X 1.50,metric,,Long Shank B (SPPT),,1095,,
4,HSS Hand / Short Machine / Long Shank,IS-6175,Metric Coarse,11.0 X 1.50,metric,,Standard,,947,~,
4,HSS Hand / Short Machine / Long Shank,IS-6175,Metric Coarse,11.0 X 1.50,metric,,SF/RS,,1000,~,
4,HSS Hand / Short Machine / Long Shank,IS-6175,Metric Coarse,11.0 X 1.50,metric,,SPPT,,1143,~,
4,HSS Hand / Short Machine / Long Shank,IS-6175,Metric Coarse,11.0 X 1.50,metric,,Long Shank A/C/D,,1333,~,
4,HSS Hand / Short Machine / Long Shank,IS-6175,Metric Coarse,11.0 X 1.50,metric,,Long Shank B (SPPT),,1572,~,
4,HSS Hand / Short Machine / Long Shank,IS-6175,Metric Coarse,12.0 X 1.75,metric,,Standard,,947,,
4,HSS Hand / Short Machine / Long Shank,IS-6175,Metric Coarse,12.0 X 1.75,metric,,SF/RS,,1000,,
4,HSS Hand / Short Machine / Long Shank,IS-6175,Metric Coarse,12.0 X 1.75,metric,,SPPT,,1143,,
4,HSS Hand / Short Machine / Long Shank,IS-6175,Metric Coarse,12.0 X 1.75,metric,,Long Shank A/C/D,,1297,,
4,HSS Hand / Short Machine / Long Shank,IS-6175,Metric Coarse,12.0 X 1.75,metric,,Long Shank B (SPPT),,1534,,
4,HSS Hand / Short Machine / Long Shank,IS-6175,Metric Coarse,14.0 X 2.00,metric,,Standard,,1378,,
4,HSS Hand / Short Machine / Long Shank,IS-6175,Metric Coarse,14.0 X 2.00,metric,,SF/RS,,1453,,
4,HSS Hand / Short Machine / Long Shank,IS-6175,Metric Coarse,14.0 X 2.00,metric,,SPPT,,1663,,
4,HSS Hand / Short Machine / Long Shank,IS-6175,Metric Coarse,14.0 X 2.00,metric,,Long Shank A/C/D,,1882,,
4,HSS Hand / Short Machine / Long Shank,IS-6175,Metric Coarse,14.0 X 2.00,metric,,Long Shank B (SPPT),,2229,,
4,HSS Hand / Short Machine / Long Shank,IS-6175,Metric Coarse,16.0 X 2.00,metric,,Standard,,1378,,
4,HSS Hand / Short Machine / Long Shank,IS-6175,Metric Coarse,16.0 X 2.00,metric,,SF/RS,,1453,,
4,HSS Hand / Short Machine / Long Shank,IS-6175,Metric Coarse,16.0 X 2.00,metric,,SPPT,,1663,,
4,HSS Hand / Short Machine / Long Shank,IS-6175,Metric Coarse,16.0 X 2.00,metric,,Long Shank A/C/D,,1882,,
4,HSS Hand / Short Machine / Long Shank,IS-6175,Metric Coarse,16.0 X 2.00,metric,,Long Shank B (SPPT),,2229,,
4,HSS Hand / Short Machine / Long Shank,IS-6175,Metric Coarse,18.0 X 2.50,metric,,Standard,,2080,,
4,HSS Hand / Short Machine / Long Shank,IS-6175,Metric Coarse,18.0 X 2.50,metric,,SF/RS,,2181,,
4,HSS Hand / Short Machine / Long Shank,IS-6175,Metric Coarse,18.0 X 2.50,metric,,SPPT,,2494,,
4,HSS Hand / Short Machine / Long Shank,IS-6175,Metric Coarse,18.0 X 2.50,metric,,Long Shank A/C/D,,2765,,
4,HSS Hand / Short Machine / Long Shank,IS-6175,Metric Coarse,18.0 X 2.50,metric,,Long Shank B (SPPT),,3250,,
4,HSS Hand / Short Machine / Long Shank,IS-6175,Metric Coarse,20.0 X 2.50,metric,,Standard,,2652,,
4,HSS Hand / Short Machine / Long Shank,IS-6175,Metric Coarse,20.0 X 2.50,metric,,SF/RS,,2784,,
4,HSS Hand / Short Machine / Long Shank,IS-6175,Metric Coarse,20.0 X 2.50,metric,,SPPT,,3178,,
4,HSS Hand / Short Machine / Long Shank,IS-6175,Metric Coarse,20.0 X 2.50,metric,,Long Shank A/C/D,,3396,,
4,HSS Hand / Short Machine / Long Shank,IS-6175,Metric Coarse,20.0 X 2.50,metric,,Long Shank B (SPPT),,3998,,
4,HSS Hand / Short Machine / Long Shank,IS-6175,Metric Coarse,22.0 X 2.50,metric,,Standard,,2843,,
4,HSS Hand / Short Machine / Long Shank,IS-6175,Metric Coarse,22.0 X 2.50,metric,,SF/RS,,2978,,
4,HSS Hand / Short Machine / Long Shank,IS-6175,Metric Coarse,22.0 X 2.50,metric,,SPPT,,3404,,
4,HSS Hand / Short Machine / Long Shank,IS-6175,Metric Coarse,22.0 X 2.50,metric,,Long Shank A/C/D,,3799,,
4,HSS Hand / Short Machine / Long Shank,IS-6175,Metric Coarse,22.0 X 2.50,metric,,Long Shank B (SPPT),,4476,,
4,HSS Hand / Short Machine / Long Shank,IS-6175,Metric Coarse,24.0 X 3.00,metric,,Standard,,3167,,
4,HSS Hand / Short Machine / Long Shank,IS-6175,Metric Coarse,24.0 X 3.00,metric,,SF/RS,,3321,,
4,HSS Hand / Short Machine / Long Shank,IS-6175,Metric Coarse,24.0 X 3.00,metric,,SPPT,,3799,,
4,HSS Hand / Short Machine / Long Shank,IS-6175,Metric Coarse,24.0 X 3.00,metric,,Long Shank A/C/D,,4123,,
4,HSS Hand / Short Machine / Long Shank,IS-6175,Metric Coarse,24.0 X 3.00,metric,,Long Shank B (SPPT),,4858,,
4,HSS Hand / Short Machine / Long Shank,IS-6175,Metric Coarse,25.0 X 3.00,metric,,Standard,,3862,,
4,HSS Hand / Short Machine / Long Shank,IS-6175,Metric Coarse,25.0 X 3.00,metric,,SF/RS,,4055,,
4,HSS Hand / Short Machine / Long Shank,IS-6175,Metric Coarse,25.0 X 3.00,metric,,SPPT,,4633,,
4,HSS Hand / Short Machine / Long Shank,IS-6175,Metric Coarse,25.0 X 3.00,metric,,Long Shank A/C/D,,5162,,
4,HSS Hand / Short Machine / Long Shank,IS-6175,Metric Coarse,25.0 X 3.00,metric,,Long Shank B (SPPT),,6091,,
4,HSS Hand / Short Machine / Long Shank,IS-6175,Metric Coarse,27.0 X 3.00,metric,,Standard,,4795,,
4,HSS Hand / Short Machine / Long Shank,IS-6175,Metric Coarse,27.0 X 3.00,metric,,SF/RS,,5033,,
4,HSS Hand / Short Machine / Long Shank,IS-6175,Metric Coarse,27.0 X 3.00,metric,,SPPT,,5754,,
4,HSS Hand / Short Machine / Long Shank,IS-6175,Metric Coarse,27.0 X 3.00,metric,,Long Shank A/C/D,,5929,,
4,HSS Hand / Short Machine / Long Shank,IS-6175,Metric Coarse,27.0 X 3.00,metric,,Long Shank B (SPPT),,6845,,
4,HSS Hand / Short Machine / Long Shank,IS-6175,Metric Coarse,30.0 X 3.50,metric,,Standard,,5360,,
4,HSS Hand / Short Machine / Long Shank,IS-6175,Metric Coarse,30.0 X 3.50,metric,,SF/RS,,5635,,
4,HSS Hand / Short Machine / Long Shank,IS-6175,Metric Coarse,30.0 X 3.50,metric,,SPPT,,6442,,
4,HSS Hand / Short Machine / Long Shank,IS-6175,Metric Coarse,30.0 X 3.50,metric,,Long Shank A/C/D,,6810,,
4,HSS Hand / Short Machine / Long Shank,IS-6175,Metric Coarse,30.0 X 3.50,metric,,Long Shank B (SPPT),,8035,,
4,HSS Hand / Short Machine / Long Shank,IS-6175,Metric Coarse,33.0 X 3.50,metric,,Standard,,6532,,
4,HSS Hand / Short Machine / Long Shank,IS-6175,Metric Coarse,33.0 X 3.50,metric,,SF/RS,,6860,,
4,HSS Hand / Short Machine / Long Shank,IS-6175,Metric Coarse,33.0 X 3.50,metric,,SPPT,,7838,,
4,HSS Hand / Short Machine / Long Shank,IS-6175,Metric Coarse,33.0 X 3.50,metric,,Long Shank A/C/D,,7996,,
4,HSS Hand / Short Machine / Long Shank,IS-6175,Metric Coarse,33.0 X 3.50,metric,,Long Shank B (SPPT),,13355,,
4,HSS Hand / Short Machine / Long Shank,IS-6175,Metric Coarse,36.0 X 4.00,metric,,Standard,,9089,,
4,HSS Hand / Short Machine / Long Shank,IS-6175,Metric Coarse,36.0 X 4.00,metric,,SF/RS,,9548,,
4,HSS Hand / Short Machine / Long Shank,IS-6175,Metric Coarse,36.0 X 4.00,metric,,SPPT,,10908,,
4,HSS Hand / Short Machine / Long Shank,IS-6175,Metric Coarse,36.0 X 4.00,metric,,Long Shank A/C/D,,11319,,
4,HSS Hand / Short Machine / Long Shank,IS-6175,Metric Coarse,39.0 X 4.00,metric,,Standard,,10680,,
4,HSS Hand / Short Machine / Long Shank,IS-6175,Metric Coarse,39.0 X 4.00,metric,,SF/RS,,11208,,
4,HSS Hand / Short Machine / Long Shank,IS-6175,Metric Coarse,39.0 X 4.00,metric,,SPPT,,12807,,
4,HSS Hand / Short Machine / Long Shank,IS-6175,Metric Coarse,39.0 X 4.00,metric,,Long Shank A/C/D,,12577,,
4,HSS Hand / Short Machine / Long Shank,IS-6175,Metric Coarse,42.0 X 4.50,metric,,Standard,,12442,,
4,HSS Hand / Short Machine / Long Shank,IS-6175,Metric Coarse,42.0 X 4.50,metric,,SF/RS,,13064,,
4,HSS Hand / Short Machine / Long Shank,IS-6175,Metric Coarse,42.0 X 4.50,metric,,SPPT,,14928,,
4,HSS Hand / Short Machine / Long Shank,IS-6175,Metric Coarse,42.0 X 4.50,metric,,Long Shank A/C/D,,16218,,
4,HSS Hand / Short Machine / Long Shank,IS-6175,Metric Coarse,45.0 X 4.50,metric,,Standard,,16752,,
4,HSS Hand / Short Machine / Long Shank,IS-6175,Metric Coarse,45.0 X 4.50,metric,,SF/RS,,17593,,
4,HSS Hand / Short Machine / Long Shank,IS-6175,Metric Coarse,45.0 X 4.50,metric,,SPPT,,20104,,
4,HSS Hand / Short Machine / Long Shank,IS-6175,Metric Coarse,45.0 X 4.50,metric,,Long Shank A/C/D,,19238,,
4,HSS Hand / Short Machine / Long Shank,IS-6175,Metric Coarse,48.0 X 5.00,metric,,Standard,,17866,,
4,HSS Hand / Short Machine / Long Shank,IS-6175,Metric Coarse,48.0 X 5.00,metric,,SF/RS,,18760,,
4,HSS Hand / Short Machine / Long Shank,IS-6175,Metric Coarse,48.0 X 5.00,metric,,SPPT,,21441,,
4,HSS Hand / Short Machine / Long Shank,IS-6175,Metric Coarse,48.0 X 5.00,metric,,Long Shank A/C/D,,21656,,
4,HSS Hand / Short Machine / Long Shank,IS-6175,Metric Coarse,52.0 X 5.00,metric,,Standard,,22424,,
4,HSS Hand / Short Machine / Long Shank,IS-6175,Metric Coarse,52.0 X 5.00,metric,,SF/RS,,23543,,
4,HSS Hand / Short Machine / Long Shank,IS-6175,Metric Coarse,52.0 X 5.00,metric,,SPPT,,26908,,
4,HSS Hand / Short Machine / Long Shank,IS-6175,Metric Coarse,52.0 X 5.00,metric,,Long Shank A/C/D,,25065,,
4,HSS Hand / Short Machine / Long Shank,IS-6175,Metric Coarse,56.0 X 5.50,metric,,Standard,,31912,,
4,HSS Hand / Short Machine / Long Shank,IS-6175,Metric Coarse,56.0 X 5.50,metric,,SF/RS,,33508,,
4,HSS Hand / Short Machine / Long Shank,IS-6175,Metric Coarse,56.0 X 5.50,metric,,SPPT,,38292,,
4,HSS Hand / Short Machine / Long Shank,IS-6175,Metric Coarse,56.0 X 5.50,metric,,Long Shank A/C/D,,35092,,
4,HSS Hand / Short Machine / Long Shank,IS-6175,Metric Coarse,60.0 X 5.50,metric,,Standard,,33633,,
4,HSS Hand / Short Machine / Long Shank,IS-6175,Metric Coarse,60.0 X 5.50,metric,,SF/RS,,35315,,
4,HSS Hand / Short Machine / Long Shank,IS-6175,Metric Coarse,60.0 X 5.50,metric,,SPPT,,40355,,
4,HSS Hand / Short Machine / Long Shank,IS-6175,Metric Coarse,60.0 X 5.50,metric,,Long Shank A/C/D,,38054,,
4,HSS Hand / Short Machine / Long Shank,IS-6175,Metric Coarse,64.0 X 6.00,metric,,Standard,,35378,,
4,HSS Hand / Short Machine / Long Shank,IS-6175,Metric Coarse,64.0 X 6.00,metric,,SF/RS,,37148,,
4,HSS Hand / Short Machine / Long Shank,IS-6175,Metric Coarse,64.0 X 6.00,metric,,SPPT,,42456,,
4,HSS Hand / Short Machine / Long Shank,IS-6175,Metric Coarse,64.0 X 6.00,metric,,Long Shank A/C/D,,42949,,
4,HSS Hand / Short Machine / Long Shank,IS-6175,Metric Coarse,68.0 X 6.00,metric,,Standard,,44132,,
4,HSS Hand / Short Machine / Long Shank,IS-6175,Metric Coarse,68.0 X 6.00,metric,,SF/RS,,46322,,
4,HSS Hand / Short Machine / Long Shank,IS-6175,Metric Coarse,68.0 X 6.00,metric,,SPPT,,52960,,
4,HSS Hand / Short Machine / Long Shank,IS-6175,Metric Coarse,68.0 X 6.00,metric,,Long Shank A/C/D,,59837,,
5,HSS Hand / Short Machine / Long Shank,IS-6175,Metric Coarse,4.0 X 0.35/0.50,metric,,Standard,,583,*,
5,HSS Hand / Short Machine / Long Shank,IS-6175,Metric Coarse,4.0 X 0.35/0.50,metric,,SF/RS,,665,*,
5,HSS Hand / Short Machine / Long Shank,IS-6175,Metric Coarse,4.0 X 0.35/0.50,metric,,SPPT,,699,*,
5,HSS Hand / Short Machine / Long Shank,IS-6175,Metric Coarse,4.0 X 0.75,metric,,Standard,,531,*,
5,HSS Hand / Short Machine / Long Shank,IS-6175,Metric Coarse,4.0 X 0.75,metric,,SF/RS,,593,*,
5,HSS Hand / Short Machine / Long Shank,IS-6175,Metric Coarse,4.0 X 0.75,metric,,SPPT,,676,*,
5,HSS Hand / Short Machine / Long Shank,IS-6175,Metric Coarse,4.0 X 0.75,metric,,Long Shank A/C/D,,1169,*,
5,HSS Hand / Short Machine / Long Shank,IS-6175,Metric Coarse,4.0 X 0.75,metric,,Long Shank B (SPPT),,1304,*,
5,HSS Hand / Short Machine / Long Shank,IS-6175,Metric Coarse,5.0 X 0.50/0.75,metric,,Standard,,570,*,
5,HSS Hand / Short Machine / Long Shank,IS-6175,Metric Coarse,5.0 X 0.50/0.75,metric,,SF/RS,,630,*,
5,HSS Hand / Short Machine / Long Shank,IS-6175,Metric Coarse,5.0 X 0.50/0.75,metric,,SPPT,,683,*,
5,HSS Hand / Short Machine / Long Shank,IS-6175,Metric Coarse,5.0 X 0.50/0.75,metric,,Long Shank A/C/D,,747,*,
5,HSS Hand / Short Machine / Long Shank,IS-6175,Metric Coarse,5.0 X 0.50/0.75,metric,,Long Shank B (SPPT),,879,*,
5,HSS Hand / Short Machine / Long Shank,IS-6175,Metric Coarse,6.0 X 0.75,metric,,Standard,,570,,
5,HSS Hand / Short Machine / Long Shank,IS-6175,Metric Coarse,6.0 X 0.75,metric,,SF/RS,,630,,
5,HSS Hand / Short Machine / Long Shank,IS-6175,Metric Coarse,6.0 X 0.75,metric,,SPPT,,683,,
5,HSS Hand / Short Machine / Long Shank,IS-6175,Metric Coarse,6.0 X 0.75,metric,,Long Shank A/C/D,,747,,
5,HSS Hand / Short Machine / Long Shank,IS-6175,Metric Coarse,6.0 X 0.75,metric,,Long Shank B (SPPT),,879,,
5,HSS Hand / Short Machine / Long Shank,IS-6175,Metric Coarse,8.0 X 1.00,metric,,Standard,,597,,
5,HSS Hand / Short Machine / Long Shank,IS-6175,Metric Coarse,8.0 X 1.00,metric,,SF/RS,,661,,
5,HSS Hand / Short Machine / Long Shank,IS-6175,Metric Coarse,8.0 X 1.00,metric,,SPPT,,714,,
5,HSS Hand / Short Machine / Long Shank,IS-6175,Metric Coarse,8.0 X 1.00,metric,,Long Shank A/C/D,,791,,
5,HSS Hand / Short Machine / Long Shank,IS-6175,Metric Coarse,8.0 X 1.00,metric,,Long Shank B (SPPT),,939,,
5,HSS Hand / Short Machine / Long Shank,IS-6175,Metric Coarse,9.0 X 1.00,metric,,Standard,,737,*,
5,HSS Hand / Short Machine / Long Shank,IS-6175,Metric Coarse,9.0 X 1.00,metric,,SF/RS,,820,*,
5,HSS Hand / Short Machine / Long Shank,IS-6175,Metric Coarse,9.0 X 1.00,metric,,SPPT,,939,*,
5,HSS Hand / Short Machine / Long Shank,IS-6175,Metric Coarse,9.0 X 1.00,metric,,Long Shank A/C/D,,1016,*,
5,HSS Hand / Short Machine / Long Shank,IS-6175,Metric Coarse,9.0 X 1.00,metric,,Long Shank B (SPPT),,1196,*,
5,HSS Hand / Short Machine / Long Shank,IS-6175,Metric Coarse,10.0 X 1.00/1.25,metric,,Standard,,678,,
5,HSS Hand / Short Machine / Long Shank,IS-6175,Metric Coarse,10.0 X 1.00/1.25,metric,,SF/RS,,760,,
5,HSS Hand / Short Machine / Long Shank,IS-6175,Metric Coarse,10.0 X 1.00/1.25,metric,,SPPT,,820,,
5,HSS Hand / Short Machine / Long Shank,IS-6175,Metric Coarse,10.0 X 1.00/1.25,metric,,Long Shank A/C/D,,988,,
5,HSS Hand / Short Machine / Long Shank,IS-6175,Metric Coarse,10.0 X 1.00/1.25,metric,,Long Shank B (SPPT),,1102,,
5,HSS Hand / Short Machine / Long Shank,IS-6175,Metric Coarse,11.0 X 1.00/1.25,metric,,Standard,,1196,*,
5,HSS Hand / Short Machine / Long Shank,IS-6175,Metric Coarse,11.0 X 1.00/1.25,metric,,SF/RS,,1334,*,
5,HSS Hand / Short Machine / Long Shank,IS-6175,Metric Coarse,11.0 X 1.00/1.25,metric,,SPPT,,1526,*,
5,HSS Hand / Short Machine / Long Shank,IS-6175,Metric Coarse,11.0 X 1.00/1.25,metric,,Long Shank A/C/D,,1617,*,
5,HSS Hand / Short Machine / Long Shank,IS-6175,Metric Coarse,11.0 X 1.00/1.25,metric,,Long Shank B (SPPT),,1913,*,
5,HSS Hand / Short Machine / Long Shank,IS-6175,Metric Coarse,12.0 X 1.00/1.25/1.50,metric,,Standard,,1111,*,
5,HSS Hand / Short Machine / Long Shank,IS-6175,Metric Coarse,12.0 X 1.00/1.25/1.50,metric,,SF/RS,,1171,*,
5,HSS Hand / Short Machine / Long Shank,IS-6175,Metric Coarse,12.0 X 1.00/1.25/1.50,metric,,SPPT,,1256,*,
5,HSS Hand / Short Machine / Long Shank,IS-6175,Metric Coarse,12.0 X 1.00/1.25/1.50,metric,,Long Shank A/C/D,,1419,*,
5,HSS Hand / Short Machine / Long Shank,IS-6175,Metric Coarse,12.0 X 1.00/1.25/1.50,metric,,Long Shank B (SPPT),,1671,*,
5,HSS Hand / Short Machine / Long Shank,IS-6175,Metric Coarse,14.0 X 1.50,metric,,Standard,,1381,,
5,HSS Hand / Short Machine / Long Shank,IS-6175,Metric Coarse,14.0 X 1.50,metric,,SF/RS,,1453,,
5,HSS Hand / Short Machine / Long Shank,IS-6175,Metric Coarse,14.0 X 1.50,metric,,SPPT,,1663,,
5,HSS Hand / Short Machine / Long Shank,IS-6175,Metric Coarse,14.0 X 1.50,metric,,Long Shank A/C/D,,1756,,
5,HSS Hand / Short Machine / Long Shank,IS-6175,Metric Coarse,14.0 X 1.50,metric,,Long Shank B (SPPT),,2076,,
5,HSS Hand / Short Machine / Long Shank,IS-6175,Metric Coarse,14.0 X 1.25,metric,,Standard,,1456,*,
5,HSS Hand / Short Machine / Long Shank,IS-6175,Metric Coarse,14.0 X 1.25,metric,,SF/RS,,1539,*,
5,HSS Hand / Short Machine / Long Shank,IS-6175,Metric Coarse,14.0 X 1.25,metric,,SPPT,,1755,*,
5,HSS Hand / Short Machine / Long Shank,IS-6175,Metric Coarse,14.0 X 1.25,metric,,Long Shank A/C/D,,1868,*,
5,HSS Hand / Short Machine / Long Shank,IS-6175,Metric Coarse,14.0 X 1.25,metric,,Long Shank B (SPPT),,2208,*,
5,HSS Hand / Short Machine / Long Shank,IS-6175,Metric Coarse,14.0 X 1.00,metric,,Standard,,1426,*,
5,HSS Hand / Short Machine / Long Shank,IS-6175,Metric Coarse,14.0 X 1.00,metric,,SF/RS,,1500,*,
5,HSS Hand / Short Machine / Long Shank,IS-6175,Metric Coarse,14.0 X 1.00,metric,,SPPT,,1714,*,
5,HSS Hand / Short Machine / Long Shank,IS-6175,Metric Coarse,14.0 X 1.00,metric,,Long Shank A/C/D,,1834,*,
5,HSS Hand / Short Machine / Long Shank,IS-6175,Metric Coarse,14.0 X 1.00,metric,,Long Shank B (SPPT),,2170,*,
5,HSS Hand / Short Machine / Long Shank,IS-6175,Metric Coarse,16.0 X 1.50,metric,,Standard,,1381,,
5,HSS Hand / Short Machine / Long Shank,IS-6175,Metric Coarse,16.0 X 1.50,metric,,SF/RS,,1453,,
5,HSS Hand / Short Machine / Long Shank,IS-6175,Metric Coarse,16.0 X 1.50,metric,,SPPT,,1663,,
5,HSS Hand / Short Machine / Long Shank,IS-6175,Metric Coarse,16.0 X 1.50,metric,,Long Shank A/C/D,,1756,,
5,HSS Hand / Short Machine / Long Shank,IS-6175,Metric Coarse,16.0 X 1.50,metric,,Long Shank B (SPPT),,2229,,
5,HSS Hand / Short Machine / Long Shank,IS-6175,Metric Coarse,16.0 X 1.00,metric,,Standard,,1426,*,
5,HSS Hand / Short Machine / Long Shank,IS-6175,Metric Coarse,16.0 X 1.00,metric,,SF/RS,,1500,*,
5,HSS Hand / Short Machine / Long Shank,IS-6175,Metric Coarse,16.0 X 1.00,metric,,SPPT,,1714,*,
5,HSS Hand / Short Machine / Long Shank,IS-6175,Metric Coarse,16.0 X 1.00,metric,,Long Shank A/C/D,,1972,*,
5,HSS Hand / Short Machine / Long Shank,IS-6175,Metric Coarse,16.0 X 1.00,metric,,Long Shank B (SPPT),,2330,*,
5,HSS Hand / Short Machine / Long Shank,IS-6175,Metric Coarse,18.0 X 1.50,metric,,Standard,,2367,,
5,HSS Hand / Short Machine / Long Shank,IS-6175,Metric Coarse,18.0 X 1.50,metric,,SF/RS,,2487,,
5,HSS Hand / Short Machine / Long Shank,IS-6175,Metric Coarse,18.0 X 1.50,metric,,SPPT,,2647,,
5,HSS Hand / Short Machine / Long Shank,IS-6175,Metric Coarse,18.0 X 1.50,metric,,Long Shank A/C/D,,2955,,
5,HSS Hand / Short Machine / Long Shank,IS-6175,Metric Coarse,18.0 X 1.50,metric,,Long Shank B (SPPT),,3754,,
5,HSS Hand / Short Machine / Long Shank,IS-6175,Metric Coarse,18.0 X 1.00/2.00,metric,,Standard,,2594,*,
5,HSS Hand / Short Machine / Long Shank,IS-6175,Metric Coarse,18.0 X 1.00/2.00,metric,,SF/RS,,2725,*,
5,HSS Hand / Short Machine / Long Shank,IS-6175,Metric Coarse,18.0 X 1.00/2.00,metric,,SPPT,,2901,*,
5,HSS Hand / Short Machine / Long Shank,IS-6175,Metric Coarse,18.0 X 1.00/2.00,metric,,Long Shank A/C/D,,3218,*,
5,HSS Hand / Short Machine / Long Shank,IS-6175,Metric Coarse,18.0 X 1.00/2.00,metric,,Long Shank B (SPPT),,3795,*,
5,HSS Hand / Short Machine / Long Shank,IS-6175,Metric Coarse,20.0 X 1.50,metric,,Standard,,2996,,
5,HSS Hand / Short Machine / Long Shank,IS-6175,Metric Coarse,20.0 X 1.50,metric,,SF/RS,,3141,,
5,HSS Hand / Short Machine / Long Shank,IS-6175,Metric Coarse,20.0 X 1.50,metric,,SPPT,,3339,,
5,HSS Hand / Short Machine / Long Shank,IS-6175,Metric Coarse,20.0 X 1.50,metric,,Long Shank A/C/D,,3849,,
5,HSS Hand / Short Machine / Long Shank,IS-6175,Metric Coarse,20.0 X 1.50,metric,,Long Shank B (SPPT),,4546,,
5,HSS Hand / Short Machine / Long Shank,IS-6175,Metric Coarse,20.0 X 1.00/2.00,metric,,Standard,,2985,*,
5,HSS Hand / Short Machine / Long Shank,IS-6175,Metric Coarse,20.0 X 1.00/2.00,metric,,SF/RS,,3371,*,
5,HSS Hand / Short Machine / Long Shank,IS-6175,Metric Coarse,20.0 X 1.00/2.00,metric,,SPPT,,3858,*,
5,HSS Hand / Short Machine / Long Shank,IS-6175,Metric Coarse,20.0 X 1.00/2.00,metric,,Long Shank A/C/D,,4243,*,
5,HSS Hand / Short Machine / Long Shank,IS-6175,Metric Coarse,20.0 X 1.00/2.00,metric,,Long Shank B (SPPT),,5381,*,
5,HSS Hand / Short Machine / Long Shank,IS-6175,Metric Coarse,22.0 X 1.50,metric,,Standard,,3264,,
5,HSS Hand / Short Machine / Long Shank,IS-6175,Metric Coarse,22.0 X 1.50,metric,,SF/RS,,3427,,
5,HSS Hand / Short Machine / Long Shank,IS-6175,Metric Coarse,22.0 X 1.50,metric,,SPPT,,3645,,
5,HSS Hand / Short Machine / Long Shank,IS-6175,Metric Coarse,22.0 X 1.50,metric,,Long Shank A/C/D,,3996,,
5,HSS Hand / Short Machine / Long Shank,IS-6175,Metric Coarse,22.0 X 1.50,metric,,Long Shank B (SPPT),,4717,,
5,HSS Hand / Short Machine / Long Shank,IS-6175,Metric Coarse,22.0 X 1.00/2.00,metric,,Standard,,3516,*,
5,HSS Hand / Short Machine / Long Shank,IS-6175,Metric Coarse,22.0 X 1.00/2.00,metric,,SF/RS,,3695,*,
5,HSS Hand / Short Machine / Long Shank,IS-6175,Metric Coarse,22.0 X 1.00/2.00,metric,,SPPT,,4221,*,
5,HSS Hand / Short Machine / Long Shank,IS-6175,Metric Coarse,22.0 X 1.00/2.00,metric,,Long Shank A/C/D,,4307,*,
5,HSS Hand / Short Machine / Long Shank,IS-6175,Metric Coarse,22.0 X 1.00/2.00,metric,,Long Shank B (SPPT),,5458,*,
5,HSS Hand / Short Machine / Long Shank,IS-6175,Metric Coarse,24.0 X 1.50,metric,,Standard,,3573,,
5,HSS Hand / Short Machine / Long Shank,IS-6175,Metric Coarse,24.0 X 1.50,metric,,SF/RS,,3754,,
5,HSS Hand / Short Machine / Long Shank,IS-6175,Metric Coarse,24.0 X 1.50,metric,,SPPT,,3987,,
5,HSS Hand / Short Machine / Long Shank,IS-6175,Metric Coarse,24.0 X 1.50,metric,,Long Shank A/C/D,,4458,,
5,HSS Hand / Short Machine / Long Shank,IS-6175,Metric Coarse,24.0 X 1.50,metric,,Long Shank B (SPPT),,5265,,
5,HSS Hand / Short Machine / Long Shank,IS-6175,Metric Coarse,24.0 X 2.00,metric,,Standard,,3554,*,
5,HSS Hand / Short Machine / Long Shank,IS-6175,Metric Coarse,24.0 X 2.00,metric,,SF/RS,,4011,*,
5,HSS Hand / Short Machine / Long Shank,IS-6175,Metric Coarse,24.0 X 2.00,metric,,SPPT,,4591,*,
5,HSS Hand / Short Machine / Long Shank,IS-6175,Metric Coarse,24.0 X 2.00,metric,,Long Shank A/C/D,,4697,*,
5,HSS Hand / Short Machine / Long Shank,IS-6175,Metric Coarse,24.0 X 2.00,metric,,Long Shank B (SPPT),,5959,*,
5,HSS Hand / Short Machine / Long Shank,IS-6175,Metric Coarse,25.0 X 1.00/1.50,metric,,Standard,,3783,*,
5,HSS Hand / Short Machine / Long Shank,IS-6175,Metric Coarse,25.0 X 1.00/1.50,metric,,SF/RS,,4272,*,
5,HSS Hand / Short Machine / Long Shank,IS-6175,Metric Coarse,25.0 X 1.00/1.50,metric,,SPPT,,4885,*,
5,HSS Hand / Short Machine / Long Shank,IS-6175,Metric Coarse,25.0 X 1.00/1.50,metric,,Long Shank A/C/D,,5458,*,
5,HSS Hand / Short Machine / Long Shank,IS-6175,Metric Coarse,25.0 X 1.00/1.50,metric,,Long Shank B (SPPT),,6448,*,
5,HSS Hand / Short Machine / Long Shank,IS-6175,Metric Coarse,27.0 X 1.50/2.00,metric,,Standard,,5338,*,
5,HSS Hand / Short Machine / Long Shank,IS-6175,Metric Coarse,27.0 X 1.50/2.00,metric,,SF/RS,,5597,*,
5,HSS Hand / Short Machine / Long Shank,IS-6175,Metric Coarse,27.0 X 1.50/2.00,metric,,SPPT,,6402,*,
5,HSS Hand / Short Machine / Long Shank,IS-6175,Metric Coarse,27.0 X 1.50/2.00,metric,,Long Shank A/C/D,,7005,*,
5,HSS Hand / Short Machine / Long Shank,IS-6175,Metric Coarse,27.0 X 1.50/2.00,metric,,Long Shank B (SPPT),,7690,*,
5,HSS Hand / Short Machine / Long Shank,IS-6175,Metric Coarse,30.0 X 1.50/2.00,metric,,Standard,,6002,*,
5,HSS Hand / Short Machine / Long Shank,IS-6175,Metric Coarse,30.0 X 1.50/2.00,metric,,SF/RS,,6301,*,
5,HSS Hand / Short Machine / Long Shank,IS-6175,Metric Coarse,30.0 X 1.50/2.00,metric,,SPPT,,7198,*,
5,HSS Hand / Short Machine / Long Shank,IS-6175,Metric Coarse,30.0 X 1.50/2.00,metric,,Long Shank A/C/D,,7878,*,
5,HSS Hand / Short Machine / Long Shank,IS-6175,Metric Coarse,30.0 X 1.50/2.00,metric,,Long Shank B (SPPT),,9299,*,
5,HSS Hand / Short Machine / Long Shank,IS-6175,Metric Coarse,33.0 X 1.50/2.00/3.00,metric,,Standard,,7328,*,
5,HSS Hand / Short Machine / Long Shank,IS-6175,Metric Coarse,33.0 X 1.50/2.00/3.00,metric,,SF/RS,,7699,*,
5,HSS Hand / Short Machine / Long Shank,IS-6175,Metric Coarse,33.0 X 1.50/2.00/3.00,metric,,Long Shank A/C/D,,9522,*,
5,HSS Hand / Short Machine / Long Shank,IS-6175,Metric Coarse,33.0 X 1.50/2.00/3.00,metric,,Long Shank B (SPPT),,11253,*,
5,HSS Hand / Short Machine / Long Shank,IS-6175,Metric Coarse,36.0 X 1.50/2.50/3.00,metric,,Standard,,10167,*,
5,HSS Hand / Short Machine / Long Shank,IS-6175,Metric Coarse,36.0 X 1.50/2.50/3.00,metric,,SF/RS,,10669,*,
5,HSS Hand / Short Machine / Long Shank,IS-6175,Metric Coarse,36.0 X 1.50/2.50/3.00,metric,,Long Shank A/C/D,,13114,*,
5,HSS Hand / Short Machine / Long Shank,IS-6175,Metric Coarse,36.0 X 1.50/2.50/3.00,metric,,Long Shank B (SPPT),,15469,*,
5,HSS Hand / Short Machine / Long Shank,IS-6175,Metric Coarse,39.0 X 1.50/2.00/3.00,metric,,Standard,,12672,*,
5,HSS Hand / Short Machine / Long Shank,IS-6175,Metric Coarse,39.0 X 1.50/2.00/3.00,metric,,SF/RS,,13310,*,
5,HSS Hand / Short Machine / Long Shank,IS-6175,Metric Coarse,39.0 X 1.50/2.00/3.00,metric,,Long Shank A/C/D,,16474,*,
5,HSS Hand / Short Machine / Long Shank,IS-6175,Metric Coarse,42.0 X 1.50/2.50/3.00/4.00,metric,,Standard,,14077,*,
5,HSS Hand / Short Machine / Long Shank,IS-6175,Metric Coarse,42.0 X 1.50/2.50/3.00/4.00,metric,,SF/RS,,14774,*,
5,HSS Hand / Short Machine / Long Shank,IS-6175,Metric Coarse,42.0 X 1.50/2.50/3.00/4.00,metric,,Long Shank A/C/D,,18008,*,
5,HSS Hand / Short Machine / Long Shank,IS-6175,Metric Coarse,45.0 X 1.50/3.00,metric,,Standard,,19505,*,
5,HSS Hand / Short Machine / Long Shank,IS-6175,Metric Coarse,45.0 X 1.50/3.00,metric,,SF/RS,,20602,*,
5,HSS Hand / Short Machine / Long Shank,IS-6175,Metric Coarse,45.0 X 1.50/3.00,metric,,Long Shank A/C/D,,25105,*,
5,HSS Hand / Short Machine / Long Shank,IS-6175,Metric Coarse,48.0 X 1.50/2.00/3.00/4.00,metric,,Standard,,20276,*,
5,HSS Hand / Short Machine / Long Shank,IS-6175,Metric Coarse,48.0 X 1.50/2.00/3.00/4.00,metric,,SF/RS,,21292,*,
5,HSS Hand / Short Machine / Long Shank,IS-6175,Metric Coarse,48.0 X 1.50/2.00/3.00/4.00,metric,,Long Shank A/C/D,,25750,*,
5,HSS Hand / Short Machine / Long Shank,IS-6175,Metric Coarse,50.0 X 1.50/2.00/3.00,metric,,Standard,,22408,*,
5,HSS Hand / Short Machine / Long Shank,IS-6175,Metric Coarse,50.0 X 1.50/2.00/3.00,metric,,SF/RS,,23526,*,
5,HSS Hand / Short Machine / Long Shank,IS-6175,Metric Coarse,50.0 X 1.50/2.00/3.00,metric,,Long Shank A/C/D,,28459,*,
5,HSS Hand / Short Machine / Long Shank,IS-6175,Metric Coarse,52.0 X 1.50/2.00,metric,,Standard,,25250,*,
5,HSS Hand / Short Machine / Long Shank,IS-6175,Metric Coarse,52.0 X 1.50/2.00,metric,,SF/RS,,26520,*,
5,HSS Hand / Short Machine / Long Shank,IS-6175,Metric Coarse,52.0 X 1.50/2.00,metric,,Long Shank A/C/D,,32068,*,
6,HSS Hand / Short Machine / Long Shank,BS-949,BSW,1/8,inch,,Long Shank A/C/D,,865,,
6,HSS Hand / Short Machine / Long Shank,BS-949,BSW,1/8,inch,,Long Shank B (SPPT),,1022,,
6,HSS Hand / Short Machine / Long Shank,BS-949,BSW,5/32,inch,,Long Shank A/C/D,,865,,
6,HSS Hand / Short Machine / Long Shank,BS-949,BSW,5/32,inch,,Long Shank B (SPPT),,1022,,
6,HSS Hand / Short Machine / Long Shank,BS-949,BSW,3/16,inch,,Long Shank A/C/D,,671,,
6,HSS Hand / Short Machine / Long Shank,BS-949,BSW,3/16,inch,,Long Shank B (SPPT),,789,,
6,HSS Hand / Short Machine / Long Shank,BS-949,BSB,1/4,inch,,Standard,,417,,
6,HSS Hand / Short Machine / Long Shank,BS-949,BSW,1/4,inch,,Long Shank A/C/D,,721,,
6,HSS Hand / Short Machine / Long Shank,BS-949,BSW,1/4,inch,,Long Shank B (SPPT),,855,,
6,HSS Hand / Short Machine / Long Shank,BS-949,BSB,5/16,inch,,Standard,,603,,
6,HSS Hand / Short Machine / Long Shank,BS-949,BSW,5/16,inch,,Long Shank A/C/D,,784,,
6,HSS Hand / Short Machine / Long Shank,BS-949,BSW,5/16,inch,,Long Shank B (SPPT),,881,,
6,HSS Hand / Short Machine / Long Shank,BS-949,BSB,3/8,inch,,Standard,,706,,
6,HSS Hand / Short Machine / Long Shank,BS-949,BSW,3/8,inch,,Long Shank A/C/D,,968,,
6,HSS Hand / Short Machine / Long Shank,BS-949,BSW,3/8,inch,,Long Shank B (SPPT),,1092,,
6,HSS Hand / Short Machine / Long Shank,BS-949,BSB,7/16,inch,,Standard,,892,,
6,HSS Hand / Short Machine / Long Shank,BS-949,BSW,7/16,inch,,Long Shank A/C/D,,1057,,
6,HSS Hand / Short Machine / Long Shank,BS-949,BSW,7/16,inch,,Long Shank B (SPPT),,1247,,
6,HSS Hand / Short Machine / Long Shank,BS-949,BSB,1/2,inch,,Standard,,968,,
6,HSS Hand / Short Machine / Long Shank,BS-949,BSW,1/2,inch,,Long Shank A/C/D,,1376,,
6,HSS Hand / Short Machine / Long Shank,BS-949,BSW,1/2,inch,,Long Shank B (SPPT),,1620,,
6,HSS Hand / Short Machine / Long Shank,BS-949,BSB,9/16,inch,,Standard,,1731,,
6,HSS Hand / Short Machine / Long Shank,BS-949,BSW,9/16,inch,,Long Shank A/C/D,,1988,,
6,HSS Hand / Short Machine / Long Shank,BS-949,BSW,9/16,inch,,Long Shank B (SPPT),,2339,,
6,HSS Hand / Short Machine / Long Shank,BS-949,BSB,5/8,inch,,Standard,,1731,,
6,HSS Hand / Short Machine / Long Shank,BS-949,BSW,5/8,inch,,Long Shank A/C/D,,1988,,
6,HSS Hand / Short Machine / Long Shank,BS-949,BSW,5/8,inch,,Long Shank B (SPPT),,2339,,
6,HSS Hand / Short Machine / Long Shank,BS-949,BSB,3/4,inch,,Standard,,2270,,
6,HSS Hand / Short Machine / Long Shank,BS-949,BSW,3/4,inch,,Long Shank A/C/D,,3554,,
6,HSS Hand / Short Machine / Long Shank,BS-949,BSW,3/4,inch,,Long Shank B (SPPT),,4194,,
6,HSS Hand / Short Machine / Long Shank,BS-949,BSB,7/8,inch,,Standard,,2843,,
6,HSS Hand / Short Machine / Long Shank,BS-949,BSW,7/8,inch,,Long Shank A/C/D,,3676,,
6,HSS Hand / Short Machine / Long Shank,BS-949,BSW,7/8,inch,,Long Shank B (SPPT),,4333,,
6,HSS Hand / Short Machine / Long Shank,BS-949,BSB,"1""",inch,,Standard,,3579,,
6,HSS Hand / Short Machine / Long Shank,BS-949,BSW,"1""",inch,,Long Shank A/C/D,,4456,,
6,HSS Hand / Short Machine / Long Shank,BS-949,BSW,"1""",inch,,Long Shank B (SPPT),,5261,,
8,TOTEM GOLD (TiN coated),BS-949 / ANSI,BSW/BSF/UNC/UNF,1/8,inch,,STD GOLD,,496,,
8,TOTEM GOLD (TiN coated),BS-949 / ANSI,BSW/BSF/UNC/UNF,1/8,inch,,SPPT GOLD,,592,,
8,TOTEM GOLD (TiN coated),BS-949 / ANSI,BSP,1/8,inch,,STD GOLD,,902,,
8,TOTEM GOLD (TiN coated),BS-949 / ANSI,BSPT,1/8,inch,,STD GOLD,,1154,,
8,TOTEM GOLD (TiN coated),BS-949 / ANSI,NPT,1/8,inch,,STD GOLD,,1179,,
8,TOTEM GOLD (TiN coated),BS-949 / ANSI,BSW/BSF/UNC/UNF,5/32,inch,,STD GOLD,,496,,
8,TOTEM GOLD (TiN coated),BS-949 / ANSI,BSW/BSF/UNC/UNF,5/32,inch,,SPPT GOLD,,592,,
8,TOTEM GOLD (TiN coated),BS-949 / ANSI,BSW/BSF/UNC/UNF,3/16,inch,,STD GOLD,,510,,
8,TOTEM GOLD (TiN coated),BS-949 / ANSI,BSW/BSF/UNC/UNF,3/16,inch,,SPPT GOLD,,620,,
8,TOTEM GOLD (TiN coated),BS-949 / ANSI,BSW/BSF/UNC/UNF,1/4,inch,,STD GOLD,,510,,
8,TOTEM GOLD (TiN coated),BS-949 / ANSI,BSW/BSF/UNC/UNF,1/4,inch,,SPPT GOLD,,620,,
8,TOTEM GOLD (TiN coated),BS-949 / ANSI,BSP,1/4,inch,,STD GOLD,,1328,,
8,TOTEM GOLD (TiN coated),BS-949 / ANSI,BSPT,1/4,inch,,STD GOLD,,1922,,
8,TOTEM GOLD (TiN coated),BS-949 / ANSI,NPT,1/4,inch,,STD GOLD,,1962,,
8,TOTEM GOLD (TiN coated),BS-949 / ANSI,BSW/BSF/UNC/UNF,5/16,inch,,STD GOLD,,575,,
8,TOTEM GOLD (TiN coated),BS-949 / ANSI,BSW/BSF/UNC/UNF,5/16,inch,,SPPT GOLD,,685,,
8,TOTEM GOLD (TiN coated),BS-949 / ANSI,BSW/BSF/UNC/UNF,3/8,inch,,STD GOLD,,700,,
8,TOTEM GOLD (TiN coated),BS-949 / ANSI,BSW/BSF/UNC/UNF,3/8,inch,,SPPT GOLD,,836,,
8,TOTEM GOLD (TiN coated),BS-949 / ANSI,BSP,3/8,inch,,STD GOLD,,2006,,
8,TOTEM GOLD (TiN coated),BS-949 / ANSI,BSPT,3/8,inch,,STD GOLD,,2575,,
8,TOTEM GOLD (TiN coated),BS-949 / ANSI,NPT,3/8,inch,,STD GOLD,,2608,,
8,TOTEM GOLD (TiN coated),BS-949 / ANSI,BSW/BSF/UNC/UNF,7/16,inch,,STD GOLD,,884,,
8,TOTEM GOLD (TiN coated),BS-949 / ANSI,BSW/BSF/UNC/UNF,7/16,inch,,SPPT GOLD,,1056,,
8,TOTEM GOLD (TiN coated),BS-949 / ANSI,BSW/BSF/UNC/UNF,1/2,inch,,STD GOLD,,1102,,
8,TOTEM GOLD (TiN coated),BS-949 / ANSI,BSW/BSF/UNC/UNF,1/2,inch,,SPPT GOLD,,1320,,
8,TOTEM GOLD (TiN coated),BS-949 / ANSI,BSP,1/2,inch,,STD GOLD,,2804,,
8,TOTEM GOLD (TiN coated),BS-949 / ANSI,BSPT,1/2,inch,,STD GOLD,,3622,,
8,TOTEM GOLD (TiN coated),BS-949 / ANSI,NPT,1/2,inch,,STD GOLD,,3684,,
8,TOTEM GOLD (TiN coated),BS-949 / ANSI,BSW/BSF/UNC/UNF,9/16,inch,,STD GOLD,,1454,,
8,TOTEM GOLD (TiN coated),BS-949 / ANSI,BSW/BSF/UNC/UNF,9/16,inch,,SPPT GOLD,,1751,,
8,TOTEM GOLD (TiN coated),BS-949 / ANSI,BSW/BSF/UNC/UNF,5/8,inch,,STD GOLD,,1454,,
8,TOTEM GOLD (TiN coated),BS-949 / ANSI,BSW/BSF/UNC/UNF,5/8,inch,,SPPT GOLD,,1751,,
8,TOTEM GOLD (TiN coated),BS-949 / ANSI,BSP,5/8,inch,,STD GOLD,,3057,,
8,TOTEM GOLD (TiN coated),BS-949 / ANSI,BSW/BSF/UNC/UNF,3/4,inch,,STD GOLD,,2752,,
8,TOTEM GOLD (TiN coated),BS-949 / ANSI,BSW/BSF/UNC/UNF,3/4,inch,,SPPT GOLD,,3241,,
8,TOTEM GOLD (TiN coated),BS-949 / ANSI,BSP,3/4,inch,,STD GOLD,,3947,,
8,TOTEM GOLD (TiN coated),BS-949 / ANSI,BSPT,3/4,inch,,STD GOLD,,5149,,
8,TOTEM GOLD (TiN coated),BS-949 / ANSI,NPT,3/4,inch,,STD GOLD,,5243,,
8,TOTEM GOLD (TiN coated),BS-949 / ANSI,BSW/BSF/UNC/UNF,7/8,inch,,STD GOLD,,3500,,
8,TOTEM GOLD (TiN coated),BS-949 / ANSI,BSW/BSF/UNC/UNF,7/8,inch,,SPPT GOLD,,4096,,
8,TOTEM GOLD (TiN coated),BS-949 / ANSI,BSP,7/8,inch,,STD GOLD,,4765,,
8,TOTEM GOLD (TiN coated),BS-949 / ANSI,BSW/BSF/UNC/UNF,"1""",inch,,STD GOLD,,4192,,
8,TOTEM GOLD (TiN coated),BS-949 / ANSI,BSW/BSF/UNC/UNF,"1""",inch,,SPPT GOLD,,4950,,
8,TOTEM GOLD (TiN coated),BS-949 / ANSI,BSP,"1""",inch,,STD GOLD,,5905,,
8,TOTEM GOLD (TiN coated),BS-949 / ANSI,BSPT,"1""",inch,,STD GOLD,,7748,,
8,TOTEM GOLD (TiN coated),BS-949 / ANSI,NPT,"1""",inch,,STD GOLD,,7927,,
8,TOTEM GOLD (TiN coated),BS-949 / ANSI,BSW/BSF/UNC/UNF,"1.1/8""",inch,,STD GOLD,,5550,#,
8,TOTEM GOLD (TiN coated),BS-949 / ANSI,BSW/BSF/UNC/UNF,"1.1/8""",inch,,SPPT GOLD,,6559,#,
8,TOTEM GOLD (TiN coated),BS-949 / ANSI,BSP,"1.1/8""",inch,,STD GOLD,,8295,#,
8,TOTEM GOLD (TiN coated),BS-949 / ANSI,BSW/BSF/UNC/UNF,"1.1/4""",inch,,STD GOLD,,6587,,
8,TOTEM GOLD (TiN coated),BS-949 / ANSI,BSW/BSF/UNC/UNF,"1.1/4""",inch,,SPPT GOLD,,7808,,
8,TOTEM GOLD (TiN coated),BS-949 / ANSI,BSP,"1.1/4""",inch,,STD GOLD,,8968,,
8,TOTEM GOLD (TiN coated),BS-949 / ANSI,BSPT,"1.1/4""",inch,,STD GOLD,,11228,,
8,TOTEM GOLD (TiN coated),BS-949 / ANSI,NPT,"1.1/4""",inch,,STD GOLD,,11462,,
8,TOTEM GOLD (TiN coated),BS-949 / ANSI,BSW/BSF/UNC/UNF,"1.3/8""",inch,,STD GOLD,,8348,#,
8,TOTEM GOLD (TiN coated),BS-949 / ANSI,BSW/BSF/UNC/UNF,"1.3/8""",inch,,SPPT GOLD,,9920,#,
8,TOTEM GOLD (TiN coated),BS-949 / ANSI,BSW/BSF/UNC/UNF,"1.1/2""",inch,,STD GOLD,,10161,,
8,TOTEM GOLD (TiN coated),BS-949 / ANSI,BSW/BSF/UNC/UNF,"1.1/2""",inch,,SPPT GOLD,,12047,,
8,TOTEM GOLD (TiN coated),BS-949 / ANSI,BSP,"1.1/2""",inch,,STD GOLD,,11328,,
8,TOTEM GOLD (TiN coated),BS-949 / ANSI,BSPT,"1.1/2""",inch,,STD GOLD,,13890,,
8,TOTEM GOLD (TiN coated),BS-949 / ANSI,NPT,"1.1/2""",inch,,STD GOLD,,14364,,
8,TOTEM GOLD (TiN coated),BS-949 / ANSI,BSW/BSF/UNC/UNF,"1.5/8""",inch,,STD GOLD,,11789,~,
8,TOTEM GOLD (TiN coated),BS-949 / ANSI,BSW/BSF/UNC/UNF,"1.3/4""",inch,,STD GOLD,,14075,~,
8,TOTEM GOLD (TiN coated),BS-949 / ANSI,BSP,"1.3/4""",inch,,STD GOLD,,17654,~,
8,TOTEM GOLD (TiN coated),BS-949 / ANSI,BSW/BSF/UNC/UNF,"2""",inch,,STD GOLD,,20413,~,
8,TOTEM GOLD (TiN coated),BS-949 / ANSI,BSP,"2""",inch,,STD GOLD,,20335,~,
8,TOTEM GOLD (TiN coated),BS-949 / ANSI,BSPT,"2""",inch,,STD GOLD,,25390,~,
8,TOTEM GOLD (TiN coated),BS-949 / ANSI,NPT,"2""",inch,,STD GOLD,,25947,~,
8,TOTEM GOLD (TiN coated),BS-949 / ANSI,BSW/BSF/UNC/UNF,"2.1/4""",inch,,STD GOLD,,29564,~,
8,TOTEM GOLD (TiN coated),BS-949 / ANSI,BSP,"2.1/4""",inch,,STD GOLD,,34122,~,
8,TOTEM GOLD (TiN coated),BS-949 / ANSI,BSW/BSF/UNC/UNF,"2.1/2""",inch,,STD GOLD,,38655,~,
8,TOTEM GOLD (TiN coated),BS-949 / ANSI,BSP,"2.1/2""",inch,,STD GOLD,,48137,~,
8,TOTEM GOLD (TiN coated),BS-949 / ANSI,BSPT,"2.1/2""",inch,,STD GOLD,,74520,~,
8,TOTEM GOLD (TiN coated),BS-949 / ANSI,NPT,"2.1/2""",inch,,STD GOLD,,70861,~,
8,TOTEM GOLD (TiN coated),BS-949 / ANSI,BSW/BSF/UNC/UNF,"2.3/4""",inch,,STD GOLD,,47659,~,
8,TOTEM GOLD (TiN coated),BS-949 / ANSI,BSP,"2.3/4""",inch,,STD GOLD,,53876,~,
8,TOTEM GOLD (TiN coated),BS-949 / ANSI,BSW/BSF/UNC/UNF,"3""",inch,,STD GOLD,,63579,~,
8,TOTEM GOLD (TiN coated),BS-949 / ANSI,BSP,"3""",inch,,STD GOLD,,63569,~,
8,TOTEM GOLD (TiN coated),BS-949 / ANSI,BSPT,"3""",inch,,STD GOLD,,97224,~,
8,TOTEM GOLD (TiN coated),BS-949 / ANSI,NPT,"3""",inch,,STD GOLD,,101727,~,
8,TOTEM GOLD (TiN coated),BS-949 / ANSI,BSP,"3.1/2""",inch,,STD GOLD,,79783,~,
8,TOTEM GOLD (TiN coated),BS-949 / ANSI,BSPT,"3.1/2""",inch,,STD GOLD,,127932,~,
8,TOTEM GOLD (TiN coated),BS-949 / ANSI,NPT,"3.1/2""",inch,,STD GOLD,,133803,~,
8,TOTEM GOLD (TiN coated),BS-949 / ANSI,BSP,"4""",inch,,STD GOLD,,99432,~,
8,TOTEM GOLD (TiN coated),BS-949 / ANSI,BSPT,"4""",inch,,STD GOLD,,160257,~,
8,TOTEM GOLD (TiN coated),BS-949 / ANSI,NPT,"4""",inch,,STD GOLD,,167718,~,
9,TOTEM GOLD (TiN coated),IS-6175,Metric Coarse,1.0 X 0.25,metric,,STD GOLD,,1145,#,
9,TOTEM GOLD (TiN coated),IS-6175,Metric Coarse,1.2 X 0.25,metric,,STD GOLD,,1145,#,
9,TOTEM GOLD (TiN coated),IS-6175,Metric Coarse,1.4 X 0.35,metric,,STD GOLD,,997,#,
9,TOTEM GOLD (TiN coated),IS-6175,Metric Coarse,1.6 X 0.35,metric,,STD GOLD,,997,#,
9,TOTEM GOLD (TiN coated),IS-6175,Metric Coarse,1.6 X 0.35,metric,,SPPT GOLD,,1194,#,
9,TOTEM GOLD (TiN coated),IS-6175,Metric Coarse,1.8 X 0.35,metric,,STD GOLD,,997,#,
9,TOTEM GOLD (TiN coated),IS-6175,Metric Coarse,1.8 X 0.35,metric,,SPPT GOLD,,1194,#,
9,TOTEM GOLD (TiN coated),IS-6175,Metric Coarse,2.0 X 0.40,metric,,STD GOLD,,732,,
9,TOTEM GOLD (TiN coated),IS-6175,Metric Coarse,2.0 X 0.40,metric,,SPPT GOLD,,855,,
9,TOTEM GOLD (TiN coated),IS-6175,Metric Coarse,2.2 X 0.45,metric,,STD GOLD,,732,#,
9,TOTEM GOLD (TiN coated),IS-6175,Metric Coarse,2.2 X 0.45,metric,,SPPT GOLD,,855,#,
9,TOTEM GOLD (TiN coated),IS-6175,Metric Coarse,2.3 X 0.40,metric,,STD GOLD,,732,#,
9,TOTEM GOLD (TiN coated),IS-6175,Metric Coarse,2.3 X 0.40,metric,,SPPT GOLD,,855,#,
9,TOTEM GOLD (TiN coated),IS-6175,Metric Coarse,2.5 X 0.45,metric,,STD GOLD,,732,,
9,TOTEM GOLD (TiN coated),IS-6175,Metric Coarse,2.5 X 0.45,metric,,SPPT GOLD,,855,,
9,TOTEM GOLD (TiN coated),IS-6175,Metric Coarse,2.6 X 0.45,metric,,STD GOLD,,732,,
9,TOTEM GOLD (TiN coated),IS-6175,Metric Coarse,2.6 X 0.45,metric,,SPPT GOLD,,855,,
9,TOTEM GOLD (TiN coated),IS-6175,Metric Coarse,3.0 X 0.50,metric,,STD GOLD,,496,,
9,TOTEM GOLD (TiN coated),IS-6175,Metric Coarse,3.0 X 0.50,metric,,SPPT GOLD,,592,,
9,TOTEM GOLD (TiN coated),IS-6175,Metric Coarse,3.0 X 0.50,metric,,Long Shank A/C/D GOLD,,959,,
9,TOTEM GOLD (TiN coated),IS-6175,Metric Coarse,3.0 X 0.50,metric,,Long Shank B GOLD,,1118,,
9,TOTEM GOLD (TiN coated),IS-6175,Metric Coarse,3.5 X 0.60,metric,,STD GOLD,,496,,
9,TOTEM GOLD (TiN coated),IS-6175,Metric Coarse,3.5 X 0.60,metric,,SPPT GOLD,,592,,
9,TOTEM GOLD (TiN coated),IS-6175,Metric Coarse,3.5 X 0.60,metric,,Long Shank A/C/D GOLD,,959,,
9,TOTEM GOLD (TiN coated),IS-6175,Metric Coarse,3.5 X 0.60,metric,,Long Shank B GOLD,,1118,,
9,TOTEM GOLD (TiN coated),IS-6175,Metric Coarse,4.0 X 0.70,metric,,STD GOLD,,496,,
9,TOTEM GOLD (TiN coated),IS-6175,Metric Coarse,4.0 X 0.70,metric,,SPPT GOLD,,592,,
9,TOTEM GOLD (TiN coated),IS-6175,Metric Coarse,4.0 X 0.70,metric,,Long Shank A/C/D GOLD,,959,,
9,TOTEM GOLD (TiN coated),IS-6175,Metric Coarse,4.0 X 0.70,metric,,Long Shank B GOLD,,1118,,
9,TOTEM GOLD (TiN coated),IS-6175,Metric Coarse,4.5 X 0.75,metric,,STD GOLD,,506,#,
9,TOTEM GOLD (TiN coated),IS-6175,Metric Coarse,4.5 X 0.75,metric,,SPPT GOLD,,609,#,
9,TOTEM GOLD (TiN coated),IS-6175,Metric Coarse,4.5 X 0.75,metric,,Long Shank A/C/D GOLD,,727,#,
9,TOTEM GOLD (TiN coated),IS-6175,Metric Coarse,4.5 X 0.75,metric,,Long Shank B GOLD,,851,#,
9,TOTEM GOLD (TiN coated),IS-6175,Metric Coarse,5.0 X 0.80,metric,,STD GOLD,,510,,
9,TOTEM GOLD (TiN coated),IS-6175,Metric Coarse,5.0 X 0.80,metric,,SPPT GOLD,,620,,
9,TOTEM GOLD (TiN coated),IS-6175,Metric Coarse,5.0 X 0.80,metric,,Long Shank A/C/D GOLD,,713,,
9,TOTEM GOLD (TiN coated),IS-6175,Metric Coarse,5.0 X 0.80,metric,,Long Shank B GOLD,,851,,
9,TOTEM GOLD (TiN coated),IS-6175,Metric Coarse,6.0 X 1.00,metric,,STD GOLD,,510,,
9,TOTEM GOLD (TiN coated),IS-6175,Metric Coarse,6.0 X 1.00,metric,,SPPT GOLD,,620,,
9,TOTEM GOLD (TiN coated),IS-6175,Metric Coarse,6.0 X 1.00,metric,,Long Shank A/C/D GOLD,,760,,
9,TOTEM GOLD (TiN coated),IS-6175,Metric Coarse,6.0 X 1.00,metric,,Long Shank B GOLD,,911,,
9,TOTEM GOLD (TiN coated),IS-6175,Metric Coarse,7.0 X 1.00,metric,,STD GOLD,,650,~,
9,TOTEM GOLD (TiN coated),IS-6175,Metric Coarse,7.0 X 1.00,metric,,SPPT GOLD,,752,~,
9,TOTEM GOLD (TiN coated),IS-6175,Metric Coarse,7.0 X 1.00,metric,,Long Shank A/C/D GOLD,,876,~,
9,TOTEM GOLD (TiN coated),IS-6175,Metric Coarse,7.0 X 1.00,metric,,Long Shank B GOLD,,1010,~,
9,TOTEM GOLD (TiN coated),IS-6175,Metric Coarse,8.0 X 1.25,metric,,STD GOLD,,575,,
9,TOTEM GOLD (TiN coated),IS-6175,Metric Coarse,8.0 X 1.25,metric,,SPPT GOLD,,685,,
9,TOTEM GOLD (TiN coated),IS-6175,Metric Coarse,8.0 X 1.25,metric,,Long Shank A/C/D GOLD,,845,,
9,TOTEM GOLD (TiN coated),IS-6175,Metric Coarse,8.0 X 1.25,metric,,Long Shank B GOLD,,1010,,
9,TOTEM GOLD (TiN coated),IS-6175,Metric Coarse,9.0 X 1.25,metric,,STD GOLD,,781,~,
9,TOTEM GOLD (TiN coated),IS-6175,Metric Coarse,9.0 X 1.25,metric,,SPPT GOLD,,924,~,
9,TOTEM GOLD (TiN coated),IS-6175,Metric Coarse,9.0 X 1.25,metric,,Long Shank A/C/D GOLD,,1110,~,
9,TOTEM GOLD (TiN coated),IS-6175,Metric Coarse,9.0 X 1.25,metric,,Long Shank B GOLD,,1294,~,
9,TOTEM GOLD (TiN coated),IS-6175,Metric Coarse,10.0 X 1.50,metric,,STD GOLD,,711,,
9,TOTEM GOLD (TiN coated),IS-6175,Metric Coarse,10.0 X 1.50,metric,,SPPT GOLD,,855,,
9,TOTEM GOLD (TiN coated),IS-6175,Metric Coarse,10.0 X 1.50,metric,,Long Shank A/C/D GOLD,,1110,,
9,TOTEM GOLD (TiN coated),IS-6175,Metric Coarse,10.0 X 1.50,metric,,Long Shank B GOLD,,1294,,
9,TOTEM GOLD (TiN coated),IS-6175,Metric Coarse,11.0 X 1.50,metric,,STD GOLD,,1173,~,
9,TOTEM GOLD (TiN coated),IS-6175,Metric Coarse,11.0 X 1.50,metric,,SPPT GOLD,,1376,~,
9,TOTEM GOLD (TiN coated),IS-6175,Metric Coarse,11.0 X 1.50,metric,,Long Shank A/C/D GOLD,,1583,~,
9,TOTEM GOLD (TiN coated),IS-6175,Metric Coarse,11.0 X 1.50,metric,,Long Shank B GOLD,,1830,~,
9,TOTEM GOLD (TiN coated),IS-6175,Metric Coarse,12.0 X 1.75,metric,,STD GOLD,,1086,,
9,TOTEM GOLD (TiN coated),IS-6175,Metric Coarse,12.0 X 1.75,metric,,SPPT GOLD,,1320,,
9,TOTEM GOLD (TiN coated),IS-6175,Metric Coarse,12.0 X 1.75,metric,,Long Shank A/C/D GOLD,,1544,,
9,TOTEM GOLD (TiN coated),IS-6175,Metric Coarse,12.0 X 1.75,metric,,Long Shank B GOLD,,1792,,
9,TOTEM GOLD (TiN coated),IS-6175,Metric Coarse,14.0 X 2.00,metric,,STD GOLD,,1442,,
9,TOTEM GOLD (TiN coated),IS-6175,Metric Coarse,14.0 X 2.00,metric,,SPPT GOLD,,1735,,
9,TOTEM GOLD (TiN coated),IS-6175,Metric Coarse,14.0 X 2.00,metric,,Long Shank A/C/D GOLD,,2229,,
9,TOTEM GOLD (TiN coated),IS-6175,Metric Coarse,14.0 X 2.00,metric,,Long Shank B GOLD,,2588,,
9,TOTEM GOLD (TiN coated),IS-6175,Metric Coarse,16.0 X 2.00,metric,,STD GOLD,,1442,,
9,TOTEM GOLD (TiN coated),IS-6175,Metric Coarse,16.0 X 2.00,metric,,SPPT GOLD,,1735,,
9,TOTEM GOLD (TiN coated),IS-6175,Metric Coarse,16.0 X 2.00,metric,,Long Shank A/C/D GOLD,,2229,,
9,TOTEM GOLD (TiN coated),IS-6175,Metric Coarse,16.0 X 2.00,metric,,Long Shank B GOLD,,2588,,
9,TOTEM GOLD (TiN coated),IS-6175,Metric Coarse,18.0 X 2.50,metric,,STD GOLD,,2736,,
9,TOTEM GOLD (TiN coated),IS-6175,Metric Coarse,18.0 X 2.50,metric,,SPPT GOLD,,3209,,
9,TOTEM GOLD (TiN coated),IS-6175,Metric Coarse,18.0 X 2.50,metric,,Long Shank A/C/D GOLD,,3333,,
9,TOTEM GOLD (TiN coated),IS-6175,Metric Coarse,18.0 X 2.50,metric,,Long Shank B GOLD,,3837,,
9,TOTEM GOLD (TiN coated),IS-6175,Metric Coarse,20.0 X 2.50,metric,,STD GOLD,,3388,,
9,TOTEM GOLD (TiN coated),IS-6175,Metric Coarse,20.0 X 2.50,metric,,SPPT GOLD,,3990,,
9,TOTEM GOLD (TiN coated),IS-6175,Metric Coarse,20.0 X 2.50,metric,,Long Shank A/C/D GOLD,,3989,,
9,TOTEM GOLD (TiN coated),IS-6175,Metric Coarse,20.0 X 2.50,metric,,Long Shank B GOLD,,4613,,
9,TOTEM GOLD (TiN coated),IS-6175,Metric Coarse,22.0 X 2.50,metric,,STD GOLD,,3293,,
9,TOTEM GOLD (TiN coated),IS-6175,Metric Coarse,22.0 X 2.50,metric,,SPPT GOLD,,3967,,
9,TOTEM GOLD (TiN coated),IS-6175,Metric Coarse,22.0 X 2.50,metric,,Long Shank A/C/D GOLD,,4408,,
9,TOTEM GOLD (TiN coated),IS-6175,Metric Coarse,22.0 X 2.50,metric,,Long Shank B GOLD,,5107,,
9,TOTEM GOLD (TiN coated),IS-6175,Metric Coarse,24.0 X 3.00,metric,,STD GOLD,,3719,,
9,TOTEM GOLD (TiN coated),IS-6175,Metric Coarse,24.0 X 3.00,metric,,SPPT GOLD,,4377,,
9,TOTEM GOLD (TiN coated),IS-6175,Metric Coarse,24.0 X 3.00,metric,,Long Shank A/C/D GOLD,,4743,,
9,TOTEM GOLD (TiN coated),IS-6175,Metric Coarse,24.0 X 3.00,metric,,Long Shank B GOLD,,5506,,
9,TOTEM GOLD (TiN coated),IS-6175,Metric Coarse,25.0 X 3.00,metric,,STD GOLD,,4508,,
9,TOTEM GOLD (TiN coated),IS-6175,Metric Coarse,25.0 X 3.00,metric,,SPPT GOLD,,5306,,
9,TOTEM GOLD (TiN coated),IS-6175,Metric Coarse,25.0 X 3.00,metric,,Long Shank A/C/D GOLD,,5821,,
9,TOTEM GOLD (TiN coated),IS-6175,Metric Coarse,25.0 X 3.00,metric,,Long Shank B GOLD,,6786,,
9,TOTEM GOLD (TiN coated),IS-6175,Metric Coarse,27.0 X 3.00,metric,,STD GOLD,,5425,,
9,TOTEM GOLD (TiN coated),IS-6175,Metric Coarse,27.0 X 3.00,metric,,SPPT GOLD,,6420,,
9,TOTEM GOLD (TiN coated),IS-6175,Metric Coarse,27.0 X 3.00,metric,,Long Shank A/C/D GOLD,,6618,,
9,TOTEM GOLD (TiN coated),IS-6175,Metric Coarse,27.0 X 3.00,metric,,Long Shank B GOLD,,7568,,
9,TOTEM GOLD (TiN coated),IS-6175,Metric Coarse,30.0 X 3.50,metric,,STD GOLD,,6012,,
9,TOTEM GOLD (TiN coated),IS-6175,Metric Coarse,30.0 X 3.50,metric,,SPPT GOLD,,7134,,
9,TOTEM GOLD (TiN coated),IS-6175,Metric Coarse,30.0 X 3.50,metric,,Long Shank A/C/D GOLD,,7532,,
9,TOTEM GOLD (TiN coated),IS-6175,Metric Coarse,30.0 X 3.50,metric,,Long Shank B GOLD,,8803,,
9,TOTEM GOLD (TiN coated),IS-6175,Metric Coarse,33.0 X 3.50,metric,,STD GOLD,,7278,,
9,TOTEM GOLD (TiN coated),IS-6175,Metric Coarse,33.0 X 3.50,metric,,SPPT GOLD,,8632,,
9,TOTEM GOLD (TiN coated),IS-6175,Metric Coarse,33.0 X 3.50,metric,,Long Shank A/C/D GOLD,,8792,,
9,TOTEM GOLD (TiN coated),IS-6175,Metric Coarse,33.0 X 3.50,metric,,Long Shank B GOLD,,14354,,
9,TOTEM GOLD (TiN coated),IS-6175,Metric Coarse,36.0 X 4.00,metric,,STD GOLD,,10193,,
9,TOTEM GOLD (TiN coated),IS-6175,Metric Coarse,36.0 X 4.00,metric,,SPPT GOLD,,12078,,
9,TOTEM GOLD (TiN coated),IS-6175,Metric Coarse,36.0 X 4.00,metric,,Long Shank A/C/D GOLD,,12610,,
9,TOTEM GOLD (TiN coated),IS-6175,Metric Coarse,39.0 X 4.00,metric,,STD GOLD,,11811,,
9,TOTEM GOLD (TiN coated),IS-6175,Metric Coarse,39.0 X 4.00,metric,,SPPT GOLD,,14018,,
9,TOTEM GOLD (TiN coated),IS-6175,Metric Coarse,39.0 X 4.00,metric,,Long Shank A/C/D GOLD,,13915,,
9,TOTEM GOLD (TiN coated),IS-6175,Metric Coarse,42.0 X 4.50,metric,,STD GOLD,,13697,,
9,TOTEM GOLD (TiN coated),IS-6175,Metric Coarse,42.0 X 4.50,metric,,SPPT GOLD,,16278,,
9,TOTEM GOLD (TiN coated),IS-6175,Metric Coarse,42.0 X 4.50,metric,,Long Shank A/C/D GOLD,,17695,,
9,TOTEM GOLD (TiN coated),IS-6175,Metric Coarse,45.0 X 4.50,metric,,STD GOLD,,18113,,
9,TOTEM GOLD (TiN coated),IS-6175,Metric Coarse,45.0 X 4.50,metric,,SPPT GOLD,,21591,,
9,TOTEM GOLD (TiN coated),IS-6175,Metric Coarse,45.0 X 4.50,metric,,Long Shank A/C/D GOLD,,20829,,
9,TOTEM GOLD (TiN coated),IS-6175,Metric Coarse,48.0 X 5.00,metric,,STD GOLD,,19581,,
9,TOTEM GOLD (TiN coated),IS-6175,Metric Coarse,48.0 X 5.00,metric,,SPPT GOLD,,23289,,
9,TOTEM GOLD (TiN coated),IS-6175,Metric Coarse,48.0 X 5.00,metric,,Long Shank A/C/D GOLD,,23709,,
9,TOTEM GOLD (TiN coated),IS-6175,Metric Coarse,52.0 X 5.00,metric,,STD GOLD,,25142,,
9,TOTEM GOLD (TiN coated),IS-6175,Metric Coarse,52.0 X 5.00,metric,,SPPT GOLD,,29795,,
9,TOTEM GOLD (TiN coated),IS-6175,Metric Coarse,52.0 X 5.00,metric,,Long Shank A/C/D GOLD,,28368,,
9,TOTEM GOLD (TiN coated),IS-6175,Metric Coarse,56.0 X 5.50,metric,,STD GOLD,,34987,,
9,TOTEM GOLD (TiN coated),IS-6175,Metric Coarse,56.0 X 5.50,metric,,SPPT GOLD,,41609,,
9,TOTEM GOLD (TiN coated),IS-6175,Metric Coarse,56.0 X 5.50,metric,,Long Shank A/C/D GOLD,,38775,,
9,TOTEM GOLD (TiN coated),IS-6175,Metric Coarse,60.0 X 5.50,metric,,STD GOLD,,36773,,
9,TOTEM GOLD (TiN coated),IS-6175,Metric Coarse,60.0 X 5.50,metric,,SPPT GOLD,,43749,,
9,TOTEM GOLD (TiN coated),IS-6175,Metric Coarse,60.0 X 5.50,metric,,Long Shank A/C/D GOLD,,41848,,
9,TOTEM GOLD (TiN coated),IS-6175,Metric Coarse,64.0 X 6.00,metric,,STD GOLD,,38999,,
9,TOTEM GOLD (TiN coated),IS-6175,Metric Coarse,64.0 X 6.00,metric,,SPPT GOLD,,46345,,
9,TOTEM GOLD (TiN coated),IS-6175,Metric Coarse,64.0 X 6.00,metric,,Long Shank A/C/D GOLD,,47454,,
9,TOTEM GOLD (TiN coated),IS-6175,Metric Coarse,68.0 X 6.00,metric,,STD GOLD,,48084,,
9,TOTEM GOLD (TiN coated),IS-6175,Metric Coarse,68.0 X 6.00,metric,,SPPT GOLD,,57245,,
9,TOTEM GOLD (TiN coated),IS-6175,Metric Coarse,68.0 X 6.00,metric,,Long Shank A/C/D GOLD,,64979,,
10,TOTEM GOLD (TiN coated),IS-6175,Metric Coarse,4.0 X 0.35/0.50,metric,,STD GOLD,,670,*,
10,TOTEM GOLD (TiN coated),IS-6175,Metric Coarse,4.0 X 0.35/0.50,metric,,SPPT GOLD,,790,*,
10,TOTEM GOLD (TiN coated),IS-6175,Metric Coarse,4.0 X 0.75,metric,,STD GOLD,,617,*,
10,TOTEM GOLD (TiN coated),IS-6175,Metric Coarse,4.0 X 0.75,metric,,SPPT GOLD,,768,*,
10,TOTEM GOLD (TiN coated),IS-6175,Metric Coarse,4.0 X 0.75,metric,,Long Shank A/C/D GOLD,,1280,*,
10,TOTEM GOLD (TiN coated),IS-6175,Metric Coarse,4.0 X 0.75,metric,,Long Shank B GOLD,,1422,*,
10,TOTEM GOLD (TiN coated),IS-6175,Metric Coarse,5.0 X 0.50/0.75,metric,,STD GOLD,,663,*,
10,TOTEM GOLD (TiN coated),IS-6175,Metric Coarse,5.0 X 0.50/0.75,metric,,SPPT GOLD,,779,*,
10,TOTEM GOLD (TiN coated),IS-6175,Metric Coarse,5.0 X 0.50/0.75,metric,,Long Shank A/C/D GOLD,,850,*,
10,TOTEM GOLD (TiN coated),IS-6175,Metric Coarse,5.0 X 0.50/0.75,metric,,Long Shank B GOLD,,987,*,
10,TOTEM GOLD (TiN coated),IS-6175,Metric Coarse,6.0 X 0.75,metric,,STD GOLD,,663,,
10,TOTEM GOLD (TiN coated),IS-6175,Metric Coarse,6.0 X 0.75,metric,,SPPT GOLD,,779,,
10,TOTEM GOLD (TiN coated),IS-6175,Metric Coarse,6.0 X 0.75,metric,,Long Shank A/C/D GOLD,,850,,
10,TOTEM GOLD (TiN coated),IS-6175,Metric Coarse,6.0 X 0.75,metric,,Long Shank B GOLD,,987,,
10,TOTEM GOLD (TiN coated),IS-6175,Metric Coarse,8.0 X 1.00,metric,,STD GOLD,,809,,
10,TOTEM GOLD (TiN coated),IS-6175,Metric Coarse,8.0 X 1.00,metric,,SPPT GOLD,,945,,
10,TOTEM GOLD (TiN coated),IS-6175,Metric Coarse,8.0 X 1.00,metric,,Long Shank A/C/D GOLD,,920,,
10,TOTEM GOLD (TiN coated),IS-6175,Metric Coarse,8.0 X 1.00,metric,,Long Shank B GOLD,,1073,,
10,TOTEM GOLD (TiN coated),IS-6175,Metric Coarse,9.0 X 1.00,metric,,STD GOLD,,912,*,
10,TOTEM GOLD (TiN coated),IS-6175,Metric Coarse,9.0 X 1.00,metric,,SPPT GOLD,,790,*,
10,TOTEM GOLD (TiN coated),IS-6175,Metric Coarse,9.0 X 1.00,metric,,Long Shank A/C/D GOLD,,1212,*,
10,TOTEM GOLD (TiN coated),IS-6175,Metric Coarse,9.0 X 1.00,metric,,Long Shank B GOLD,,1397,*,
10,TOTEM GOLD (TiN coated),IS-6175,Metric Coarse,10.0 X 1.00/1.25,metric,,STD GOLD,,902,,
10,TOTEM GOLD (TiN coated),IS-6175,Metric Coarse,10.0 X 1.00/1.25,metric,,SPPT GOLD,,1066,,
10,TOTEM GOLD (TiN coated),IS-6175,Metric Coarse,10.0 X 1.00/1.25,metric,,Long Shank A/C/D GOLD,,1183,,
10,TOTEM GOLD (TiN coated),IS-6175,Metric Coarse,10.0 X 1.00/1.25,metric,,Long Shank B GOLD,,1300,,
10,TOTEM GOLD (TiN coated),IS-6175,Metric Coarse,11.0 X 1.00/1.25,metric,,STD GOLD,,1430,*,
10,TOTEM GOLD (TiN coated),IS-6175,Metric Coarse,11.0 X 1.00/1.25,metric,,SPPT GOLD,,790,*,
10,TOTEM GOLD (TiN coated),IS-6175,Metric Coarse,11.0 X 1.00/1.25,metric,,Long Shank A/C/D GOLD,,1876,*,
10,TOTEM GOLD (TiN coated),IS-6175,Metric Coarse,11.0 X 1.00/1.25,metric,,Long Shank B GOLD,,2184,*,
10,TOTEM GOLD (TiN coated),IS-6175,Metric Coarse,12.0 X 1.00/1.25/1.50,metric,,STD GOLD,,1434,*,
10,TOTEM GOLD (TiN coated),IS-6175,Metric Coarse,12.0 X 1.00/1.25/1.50,metric,,SPPT GOLD,,1601,*,
10,TOTEM GOLD (TiN coated),IS-6175,Metric Coarse,12.0 X 1.00/1.25/1.50,metric,,Long Shank A/C/D GOLD,,1672,*,
10,TOTEM GOLD (TiN coated),IS-6175,Metric Coarse,12.0 X 1.00/1.25/1.50,metric,,Long Shank B GOLD,,1932,*,
10,TOTEM GOLD (TiN coated),IS-6175,Metric Coarse,14.0 X 1.50,metric,,STD GOLD,,1792,,
10,TOTEM GOLD (TiN coated),IS-6175,Metric Coarse,14.0 X 1.50,metric,,SPPT GOLD,,2113,,
10,TOTEM GOLD (TiN coated),IS-6175,Metric Coarse,14.0 X 1.50,metric,,Long Shank A/C/D GOLD,,2098,,
10,TOTEM GOLD (TiN coated),IS-6175,Metric Coarse,14.0 X 1.50,metric,,Long Shank B GOLD,,2431,,
10,TOTEM GOLD (TiN coated),IS-6175,Metric Coarse,14.0 X 1.25,metric,,STD GOLD,,1758,*,
10,TOTEM GOLD (TiN coated),IS-6175,Metric Coarse,14.0 X 1.25,metric,,SPPT GOLD,,2068,*,
10,TOTEM GOLD (TiN coated),IS-6175,Metric Coarse,14.0 X 1.25,metric,,Long Shank A/C/D GOLD,,2214,*,
10,TOTEM GOLD (TiN coated),IS-6175,Metric Coarse,14.0 X 1.25,metric,,Long Shank B GOLD,,2566,*,
10,TOTEM GOLD (TiN coated),IS-6175,Metric Coarse,14.0 X 1.00,metric,,STD GOLD,,1726,*,
10,TOTEM GOLD (TiN coated),IS-6175,Metric Coarse,14.0 X 1.00,metric,,SPPT GOLD,,2025,*,
10,TOTEM GOLD (TiN coated),IS-6175,Metric Coarse,14.0 X 1.00,metric,,Long Shank A/C/D GOLD,,2179,*,
10,TOTEM GOLD (TiN coated),IS-6175,Metric Coarse,14.0 X 1.00,metric,,Long Shank B GOLD,,2528,*,
10,TOTEM GOLD (TiN coated),IS-6175,Metric Coarse,16.0 X 1.50,metric,,STD GOLD,,1792,,
10,TOTEM GOLD (TiN coated),IS-6175,Metric Coarse,16.0 X 1.50,metric,,SPPT GOLD,,2113,,
10,TOTEM GOLD (TiN coated),IS-6175,Metric Coarse,16.0 X 1.50,metric,,Long Shank A/C/D GOLD,,2098,,
10,TOTEM GOLD (TiN coated),IS-6175,Metric Coarse,16.0 X 1.50,metric,,Long Shank B GOLD,,2588,,
10,TOTEM GOLD (TiN coated),IS-6175,Metric Coarse,16.0 X 1.00,metric,,STD GOLD,,1726,*,
10,TOTEM GOLD (TiN coated),IS-6175,Metric Coarse,16.0 X 1.00,metric,,SPPT GOLD,,2025,*,
10,TOTEM GOLD (TiN coated),IS-6175,Metric Coarse,16.0 X 1.00,metric,,Long Shank A/C/D GOLD,,2322,*,
10,TOTEM GOLD (TiN coated),IS-6175,Metric Coarse,16.0 X 1.00,metric,,Long Shank B GOLD,,2693,*,
10,TOTEM GOLD (TiN coated),IS-6175,Metric Coarse,18.0 X 1.50,metric,,STD GOLD,,3064,,
10,TOTEM GOLD (TiN coated),IS-6175,Metric Coarse,18.0 X 1.50,metric,,SPPT GOLD,,3384,,
10,TOTEM GOLD (TiN coated),IS-6175,Metric Coarse,18.0 X 1.50,metric,,Long Shank A/C/D GOLD,,3531,,
10,TOTEM GOLD (TiN coated),IS-6175,Metric Coarse,18.0 X 1.50,metric,,Long Shank B GOLD,,4360,,
10,TOTEM GOLD (TiN coated),IS-6175,Metric Coarse,18.0 X 1.00/2.00,metric,,STD GOLD,,3108,*,
10,TOTEM GOLD (TiN coated),IS-6175,Metric Coarse,18.0 X 1.00/2.00,metric,,SPPT GOLD,,2025,*,
10,TOTEM GOLD (TiN coated),IS-6175,Metric Coarse,18.0 X 1.00/2.00,metric,,Long Shank A/C/D GOLD,,3804,*,
10,TOTEM GOLD (TiN coated),IS-6175,Metric Coarse,18.0 X 1.00/2.00,metric,,Long Shank B GOLD,,4401,*,
10,TOTEM GOLD (TiN coated),IS-6175,Metric Coarse,20.0 X 1.50,metric,,STD GOLD,,3783,,
10,TOTEM GOLD (TiN coated),IS-6175,Metric Coarse,20.0 X 1.50,metric,,SPPT GOLD,,3209,,
10,TOTEM GOLD (TiN coated),IS-6175,Metric Coarse,20.0 X 1.50,metric,,Long Shank A/C/D GOLD,,4458,,
10,TOTEM GOLD (TiN coated),IS-6175,Metric Coarse,20.0 X 1.50,metric,,Long Shank B GOLD,,5182,,
10,TOTEM GOLD (TiN coated),IS-6175,Metric Coarse,20.0 X 1.00/2.00,metric,,STD GOLD,,3555,*,
10,TOTEM GOLD (TiN coated),IS-6175,Metric Coarse,20.0 X 1.00/2.00,metric,,SPPT GOLD,,4461,*,
10,TOTEM GOLD (TiN coated),IS-6175,Metric Coarse,20.0 X 1.00/2.00,metric,,Long Shank A/C/D GOLD,,4869,*,
10,TOTEM GOLD (TiN coated),IS-6175,Metric Coarse,20.0 X 1.00/2.00,metric,,Long Shank B GOLD,,6048,*,
10,TOTEM GOLD (TiN coated),IS-6175,Metric Coarse,22.0 X 1.50,metric,,STD GOLD,,3886,,
10,TOTEM GOLD (TiN coated),IS-6175,Metric Coarse,22.0 X 1.50,metric,,SPPT GOLD,,4281,,
10,TOTEM GOLD (TiN coated),IS-6175,Metric Coarse,22.0 X 1.50,metric,,Long Shank A/C/D GOLD,,4612,,
10,TOTEM GOLD (TiN coated),IS-6175,Metric Coarse,22.0 X 1.50,metric,,Long Shank B GOLD,,5360,,
10,TOTEM GOLD (TiN coated),IS-6175,Metric Coarse,22.0 X 1.00/2.00,metric,,STD GOLD,,4148,*,
10,TOTEM GOLD (TiN coated),IS-6175,Metric Coarse,22.0 X 1.00/2.00,metric,,SPPT GOLD,,4880,*,
10,TOTEM GOLD (TiN coated),IS-6175,Metric Coarse,22.0 X 1.00/2.00,metric,,Long Shank A/C/D GOLD,,4934,*,
10,TOTEM GOLD (TiN coated),IS-6175,Metric Coarse,22.0 X 1.00/2.00,metric,,Long Shank B GOLD,,6129,*,
10,TOTEM GOLD (TiN coated),IS-6175,Metric Coarse,24.0 X 1.50,metric,,STD GOLD,,4206,,
10,TOTEM GOLD (TiN coated),IS-6175,Metric Coarse,24.0 X 1.50,metric,,SPPT GOLD,,4637,,
10,TOTEM GOLD (TiN coated),IS-6175,Metric Coarse,24.0 X 1.50,metric,,Long Shank A/C/D GOLD,,5091,,
10,TOTEM GOLD (TiN coated),IS-6175,Metric Coarse,24.0 X 1.50,metric,,Long Shank B GOLD,,5928,,
10,TOTEM GOLD (TiN coated),IS-6175,Metric Coarse,24.0 X 2.00,metric,,STD GOLD,,4188,*,
10,TOTEM GOLD (TiN coated),IS-6175,Metric Coarse,24.0 X 2.00,metric,,SPPT GOLD,,5262,*,
10,TOTEM GOLD (TiN coated),IS-6175,Metric Coarse,24.0 X 2.00,metric,,Long Shank A/C/D GOLD,,5339,*,
10,TOTEM GOLD (TiN coated),IS-6175,Metric Coarse,24.0 X 2.00,metric,,Long Shank B GOLD,,6650,*,
10,TOTEM GOLD (TiN coated),IS-6175,Metric Coarse,25.0 X 1.00/1.50,metric,,STD GOLD,,4425,*,
10,TOTEM GOLD (TiN coated),IS-6175,Metric Coarse,25.0 X 1.00/1.50,metric,,SPPT GOLD,,5568,*,
10,TOTEM GOLD (TiN coated),IS-6175,Metric Coarse,25.0 X 1.00/1.50,metric,,Long Shank A/C/D GOLD,,6129,*,
10,TOTEM GOLD (TiN coated),IS-6175,Metric Coarse,25.0 X 1.00/1.50,metric,,Long Shank B GOLD,,7156,*,
10,TOTEM GOLD (TiN coated),IS-6175,Metric Coarse,27.0 X 1.50/2.00,metric,,STD GOLD,,6039,*,
10,TOTEM GOLD (TiN coated),IS-6175,Metric Coarse,27.0 X 1.50/2.00,metric,,SPPT GOLD,,7142,*,
10,TOTEM GOLD (TiN coated),IS-6175,Metric Coarse,27.0 X 1.50/2.00,metric,,Long Shank A/C/D GOLD,,7734,*,
10,TOTEM GOLD (TiN coated),IS-6175,Metric Coarse,27.0 X 1.50/2.00,metric,,Long Shank B GOLD,,8444,*,
10,TOTEM GOLD (TiN coated),IS-6175,Metric Coarse,30.0 X 1.50/2.00,metric,,STD GOLD,,6727,*,
10,TOTEM GOLD (TiN coated),IS-6175,Metric Coarse,30.0 X 1.50/2.00,metric,,SPPT GOLD,,7970,*,
10,TOTEM GOLD (TiN coated),IS-6175,Metric Coarse,30.0 X 1.50/2.00,metric,,Long Shank A/C/D GOLD,,8639,*,
10,TOTEM GOLD (TiN coated),IS-6175,Metric Coarse,30.0 X 1.50/2.00,metric,,Long Shank B GOLD,,10115,*,
10,TOTEM GOLD (TiN coated),IS-6175,Metric Coarse,33.0 X 1.50/2.00/3.00,metric,,STD GOLD,,8104,*,
10,TOTEM GOLD (TiN coated),IS-6175,Metric Coarse,33.0 X 1.50/2.00/3.00,metric,,Long Shank A/C/D GOLD,,10376,*,
10,TOTEM GOLD (TiN coated),IS-6175,Metric Coarse,33.0 X 1.50/2.00/3.00,metric,,Long Shank B GOLD,,12172,*,
10,TOTEM GOLD (TiN coated),IS-6175,Metric Coarse,36.0 X 1.50/2.50/3.00,metric,,STD GOLD,,11279,*,
10,TOTEM GOLD (TiN coated),IS-6175,Metric Coarse,36.0 X 1.50/2.50/3.00,metric,,Long Shank A/C/D GOLD,,14473,*,
10,TOTEM GOLD (TiN coated),IS-6175,Metric Coarse,36.0 X 1.50/2.50/3.00,metric,,Long Shank B GOLD,,16916,*,
10,TOTEM GOLD (TiN coated),IS-6175,Metric Coarse,39.0 X 1.50/2.00/3.00,metric,,STD GOLD,,13879,*,
10,TOTEM GOLD (TiN coated),IS-6175,Metric Coarse,39.0 X 1.50/2.00/3.00,metric,,Long Shank A/C/D GOLD,,17960,*,
10,TOTEM GOLD (TiN coated),IS-6175,Metric Coarse,42.0 X 1.50/2.50/3.00/4.00,metric,,STD GOLD,,15336,*,
10,TOTEM GOLD (TiN coated),IS-6175,Metric Coarse,42.0 X 1.50/2.50/3.00/4.00,metric,,Long Shank A/C/D GOLD,,19551,*,
10,TOTEM GOLD (TiN coated),IS-6175,Metric Coarse,45.0 X 1.50/3.00,metric,,STD GOLD,,20969,*,
10,TOTEM GOLD (TiN coated),IS-6175,Metric Coarse,45.0 X 1.50/3.00,metric,,Long Shank A/C/D GOLD,,26915,*,
10,TOTEM GOLD (TiN coated),IS-6175,Metric Coarse,48.0 X 1.50/2.00/3.00/4.00,metric,,STD GOLD,,22080,*,
10,TOTEM GOLD (TiN coated),IS-6175,Metric Coarse,48.0 X 1.50/2.00/3.00/4.00,metric,,Long Shank A/C/D GOLD,,27761,*,
10,TOTEM GOLD (TiN coated),IS-6175,Metric Coarse,50.0 X 1.50/2.00/3.00,metric,,STD GOLD,,24294,*,
10,TOTEM GOLD (TiN coated),IS-6175,Metric Coarse,50.0 X 1.50/2.00/3.00,metric,,Long Shank A/C/D GOLD,,30572,*,
10,TOTEM GOLD (TiN coated),IS-6175,Metric Coarse,52.0 X 1.50/2.00,metric,,STD GOLD,,28075,*,
10,TOTEM GOLD (TiN coated),IS-6175,Metric Coarse,52.0 X 1.50/2.00,metric,,Long Shank A/C/D GOLD,,35149,*,
11,High Performance Taps HSSE,IS-6175 / BS-949,Metric,1.4X.35,metric,,STD XL Bright,,1257,,
11,High Performance Taps HSSE,IS-6175 / BS-949,Metric,1.4X.35,metric,,STD XL Gold,,1322,,
11,High Performance Taps HSSE,IS-6175 / BS-949,Metric,1.4X.35,metric,,SPPT XL Bright,,1525,,
11,High Performance Taps HSSE,IS-6175 / BS-949,Metric,1.4X.35,metric,,SPPT XL Gold,,1590,,
11,High Performance Taps HSSE,IS-6175 / BS-949,Metric,1.6X.35,metric,,STD XL Bright,,1257,,
11,High Performance Taps HSSE,IS-6175 / BS-949,Metric,1.6X.35,metric,,STD XL Gold,,1322,,
11,High Performance Taps HSSE,IS-6175 / BS-949,Metric,1.6X.35,metric,,SPPT XL Bright,,1525,,
11,High Performance Taps HSSE,IS-6175 / BS-949,Metric,1.6X.35,metric,,SPPT XL Gold,,1590,,
11,High Performance Taps HSSE,IS-6175 / BS-949,Metric,1.8X.35,metric,,STD XL Bright,,1257,,
11,High Performance Taps HSSE,IS-6175 / BS-949,Metric,1.8X.35,metric,,STD XL Gold,,1322,,
11,High Performance Taps HSSE,IS-6175 / BS-949,Metric,1.8X.35,metric,,SPPT XL Bright,,1525,,
11,High Performance Taps HSSE,IS-6175 / BS-949,Metric,1.8X.35,metric,,SPPT XL Gold,,1590,,
11,High Performance Taps HSSE,IS-6175 / BS-949,Metric,2X.4,metric,,STD XL Bright,,900,,
11,High Performance Taps HSSE,IS-6175 / BS-949,Metric,2X.4,metric,,STD XL Gold,,965,,
11,High Performance Taps HSSE,IS-6175 / BS-949,Metric,2X.4,metric,,SPPT XL Bright,,1065,,
11,High Performance Taps HSSE,IS-6175 / BS-949,Metric,2X.4,metric,,SPPT XL Gold,,1130,,
11,High Performance Taps HSSE,IS-6175 / BS-949,Metric,2.5X.45,metric,,STD XL Bright,,900,,
11,High Performance Taps HSSE,IS-6175 / BS-949,Metric,2.5X.45,metric,,STD XL Gold,,965,,
11,High Performance Taps HSSE,IS-6175 / BS-949,Metric,2.5X.45,metric,,SPPT XL Bright,,1065,,
11,High Performance Taps HSSE,IS-6175 / BS-949,Metric,2.5X.45,metric,,SPPT XL Gold,,1130,,
11,High Performance Taps HSSE,IS-6175 / BS-949,Metric,3X.5,metric,,SPIREX Bright,,568,,
11,High Performance Taps HSSE,IS-6175 / BS-949,Metric,3X.5,metric,,SPIREX Gold,,683,,
11,High Performance Taps HSSE,IS-6175 / BS-949,Metric,3X.5,metric,,STD XL Bright,,573,,
11,High Performance Taps HSSE,IS-6175 / BS-949,Metric,3X.5,metric,,STD XL Gold,,638,,
11,High Performance Taps HSSE,IS-6175 / BS-949,Metric,3X.5,metric,,SPPT XL Bright,,681,,
11,High Performance Taps HSSE,IS-6175 / BS-949,Metric,3X.5,metric,,SPPT XL Gold,,746,,
11,High Performance Taps HSSE,IS-6175 / BS-949,Metric,3X.5,metric,,LS 'C' XL Bright,,1158,,
11,High Performance Taps HSSE,IS-6175 / BS-949,Metric,3X.5,metric,,LS 'C' XL Gold,,1223,,
11,High Performance Taps HSSE,IS-6175 / BS-949,Metric,3X.5,metric,,LS 'B' XL Bright,,1364,,
11,High Performance Taps HSSE,IS-6175 / BS-949,Metric,3X.5,metric,,LS 'B' XL Gold,,1429,,
11,High Performance Taps HSSE,IS-6175 / BS-949,Metric,4X.7,metric,,SPIREX Bright,,568,,
11,High Performance Taps HSSE,IS-6175 / BS-949,Metric,4X.7,metric,,SPIREX Gold,,683,,
11,High Performance Taps HSSE,IS-6175 / BS-949,Metric,4X.7,metric,,STD XL Bright,,573,,
11,High Performance Taps HSSE,IS-6175 / BS-949,Metric,4X.7,metric,,STD XL Gold,,638,,
11,High Performance Taps HSSE,IS-6175 / BS-949,Metric,4X.7,metric,,SPPT XL Bright,,681,,
11,High Performance Taps HSSE,IS-6175 / BS-949,Metric,4X.7,metric,,SPPT XL Gold,,746,,
11,High Performance Taps HSSE,IS-6175 / BS-949,Metric,4X.7,metric,,LS 'C' XL Bright,,1158,,
11,High Performance Taps HSSE,IS-6175 / BS-949,Metric,4X.7,metric,,LS 'C' XL Gold,,1223,,
11,High Performance Taps HSSE,IS-6175 / BS-949,Metric,4X.7,metric,,LS 'B' XL Bright,,1364,,
11,High Performance Taps HSSE,IS-6175 / BS-949,Metric,4X.7,metric,,LS 'B' XL Gold,,1429,,
11,High Performance Taps HSSE,IS-6175 / BS-949,Metric,5X.5,metric,,SPIREX Bright,,772,,
11,High Performance Taps HSSE,IS-6175 / BS-949,Metric,5X.5,metric,,SPIREX Gold,,844,,
11,High Performance Taps HSSE,IS-6175 / BS-949,Metric,5X.5,metric,,STD XL Bright,,799,,
11,High Performance Taps HSSE,IS-6175 / BS-949,Metric,5X.5,metric,,STD XL Gold,,870,,
11,High Performance Taps HSSE,IS-6175 / BS-949,Metric,5X.5,metric,,SPPT XL Bright,,956,,
11,High Performance Taps HSSE,IS-6175 / BS-949,Metric,5X.5,metric,,SPPT XL Gold,,1027,,
11,High Performance Taps HSSE,IS-6175 / BS-949,Metric,5X.8,metric,,SPIREX Bright,,594,,
11,High Performance Taps HSSE,IS-6175 / BS-949,Metric,5X.8,metric,,SPIREX Gold,,713,,
11,High Performance Taps HSSE,IS-6175 / BS-949,Metric,5X.8,metric,,STD XL Bright,,582,,
11,High Performance Taps HSSE,IS-6175 / BS-949,Metric,5X.8,metric,,STD XL Gold,,653,,
11,High Performance Taps HSSE,IS-6175 / BS-949,Metric,5X.8,metric,,SPPT XL Bright,,702,,
11,High Performance Taps HSSE,IS-6175 / BS-949,Metric,5X.8,metric,,SPPT XL Gold,,773,,
11,High Performance Taps HSSE,IS-6175 / BS-949,Metric,5X.8,metric,,LS 'C' XL Bright,,831,,
11,High Performance Taps HSSE,IS-6175 / BS-949,Metric,5X.8,metric,,LS 'C' XL Gold,,902,,
11,High Performance Taps HSSE,IS-6175 / BS-949,Metric,5X.8,metric,,LS 'B' XL Bright,,1010,,
11,High Performance Taps HSSE,IS-6175 / BS-949,Metric,5X.8,metric,,LS 'B' XL Gold,,1081,,
11,High Performance Taps HSSE,IS-6175 / BS-949,Metric,6X.75,metric,,SPIREX Bright,,772,,
11,High Performance Taps HSSE,IS-6175 / BS-949,Metric,6X.75,metric,,SPIREX Gold,,844,,
11,High Performance Taps HSSE,IS-6175 / BS-949,Metric,6X.75,metric,,STD XL Bright,,799,,
11,High Performance Taps HSSE,IS-6175 / BS-949,Metric,6X.75,metric,,STD XL Gold,,870,,
11,High Performance Taps HSSE,IS-6175 / BS-949,Metric,6X.75,metric,,SPPT XL Bright,,956,,
11,High Performance Taps HSSE,IS-6175 / BS-949,Metric,6X.75,metric,,SPPT XL Gold,,1027,,
11,High Performance Taps HSSE,IS-6175 / BS-949,Metric,6X1,metric,,SPIREX Bright,,609,,
11,High Performance Taps HSSE,IS-6175 / BS-949,Metric,6X1,metric,,SPIREX Gold,,732,,
11,High Performance Taps HSSE,IS-6175 / BS-949,Metric,6X1,metric,,STD XL Bright,,582,,
11,High Performance Taps HSSE,IS-6175 / BS-949,Metric,6X1,metric,,STD XL Gold,,653,,
11,High Performance Taps HSSE,IS-6175 / BS-949,Metric,6X1,metric,,SPPT XL Bright,,702,,
11,High Performance Taps HSSE,IS-6175 / BS-949,Metric,6X1,metric,,SPPT XL Gold,,773,,
11,High Performance Taps HSSE,IS-6175 / BS-949,Metric,6X1,metric,,LS 'C' XL Bright,,892,,
11,High Performance Taps HSSE,IS-6175 / BS-949,Metric,6X1,metric,,LS 'C' XL Gold,,964,,
11,High Performance Taps HSSE,IS-6175 / BS-949,Metric,6X1,metric,,LS 'B' XL Bright,,1087,,
11,High Performance Taps HSSE,IS-6175 / BS-949,Metric,6X1,metric,,LS 'B' XL Gold,,1158,,
11,High Performance Taps HSSE,IS-6175 / BS-949,Metric,8X.75,metric,,SPIREX Bright,,908,,
11,High Performance Taps HSSE,IS-6175 / BS-949,Metric,8X.75,metric,,SPIREX Gold,,1003,,
11,High Performance Taps HSSE,IS-6175 / BS-949,Metric,8X.75,metric,,STD XL Bright,,837,,
11,High Performance Taps HSSE,IS-6175 / BS-949,Metric,8X.75,metric,,STD XL Gold,,933,,
11,High Performance Taps HSSE,IS-6175 / BS-949,Metric,8X.75,metric,,SPPT XL Bright,,1000,,
11,High Performance Taps HSSE,IS-6175 / BS-949,Metric,8X.75,metric,,SPPT XL Gold,,1096,,
11,High Performance Taps HSSE,IS-6175 / BS-949,Metric,8X1,metric,,SPIREX Bright,,817,,
11,High Performance Taps HSSE,IS-6175 / BS-949,Metric,8X1,metric,,SPIREX Gold,,981,,
11,High Performance Taps HSSE,IS-6175 / BS-949,Metric,8X1,metric,,STD XL Bright,,748,,
11,High Performance Taps HSSE,IS-6175 / BS-949,Metric,8X1,metric,,STD XL Gold,,844,,
11,High Performance Taps HSSE,IS-6175 / BS-949,Metric,8X1,metric,,SPPT XL Bright,,859,,
11,High Performance Taps HSSE,IS-6175 / BS-949,Metric,8X1,metric,,SPPT XL Gold,,954,,
11,High Performance Taps HSSE,IS-6175 / BS-949,Metric,8X1,metric,,LS 'C' XL Bright,,1067,,
11,High Performance Taps HSSE,IS-6175 / BS-949,Metric,8X1,metric,,LS 'C' XL Gold,,1162,,
11,High Performance Taps HSSE,IS-6175 / BS-949,Metric,8X1,metric,,LS 'B' XL Bright,,1266,,
11,High Performance Taps HSSE,IS-6175 / BS-949,Metric,8X1,metric,,LS 'B' XL Gold,,1362,,
11,High Performance Taps HSSE,IS-6175 / BS-949,Metric,8X1.25,metric,,SPIREX Bright,,668,,
11,High Performance Taps HSSE,IS-6175 / BS-949,Metric,8X1.25,metric,,SPIREX Gold,,799,,
11,High Performance Taps HSSE,IS-6175 / BS-949,Metric,8X1.25,metric,,STD XL Bright,,671,,
11,High Performance Taps HSSE,IS-6175 / BS-949,Metric,8X1.25,metric,,STD XL Gold,,767,,
11,High Performance Taps HSSE,IS-6175 / BS-949,Metric,8X1.25,metric,,SPPT XL Bright,,801,,
11,High Performance Taps HSSE,IS-6175 / BS-949,Metric,8X1.25,metric,,SPPT XL Gold,,895,,
11,High Performance Taps HSSE,IS-6175 / BS-949,Metric,8X1.25,metric,,LS 'C' XL Bright,,968,,
11,High Performance Taps HSSE,IS-6175 / BS-949,Metric,8X1.25,metric,,LS 'C' XL Gold,,1064,,
11,High Performance Taps HSSE,IS-6175 / BS-949,Metric,8X1.25,metric,,LS 'B' XL Bright,,1185,,
11,High Performance Taps HSSE,IS-6175 / BS-949,Metric,8X1.25,metric,,LS 'B' XL Gold,,1279,,
11,High Performance Taps HSSE,IS-6175 / BS-949,Metric,10X1,metric,,SPIREX Bright,,937,,
11,High Performance Taps HSSE,IS-6175 / BS-949,Metric,10X1,metric,,SPIREX Gold,,1128,,
11,High Performance Taps HSSE,IS-6175 / BS-949,Metric,10X1,metric,,STD XL Bright,,948,,
11,High Performance Taps HSSE,IS-6175 / BS-949,Metric,10X1,metric,,STD XL Gold,,1097,,
11,High Performance Taps HSSE,IS-6175 / BS-949,Metric,10X1,metric,,SPPT XL Bright,,1137,,
11,High Performance Taps HSSE,IS-6175 / BS-949,Metric,10X1,metric,,SPPT XL Gold,,1286,,
11,High Performance Taps HSSE,IS-6175 / BS-949,Metric,10X1,metric,,LS 'C' XL Bright,,1333,,
11,High Performance Taps HSSE,IS-6175 / BS-949,Metric,10X1,metric,,LS 'C' XL Gold,,1482,,
11,High Performance Taps HSSE,IS-6175 / BS-949,Metric,10X1,metric,,LS 'B' XL Bright,,1486,,
11,High Performance Taps HSSE,IS-6175 / BS-949,Metric,10X1,metric,,LS 'B' XL Gold,,1635,,
11,High Performance Taps HSSE,IS-6175 / BS-949,Metric,10X1.25,metric,,SPIREX Bright,,937,,
11,High Performance Taps HSSE,IS-6175 / BS-949,Metric,10X1.25,metric,,SPIREX Gold,,1128,,
11,High Performance Taps HSSE,IS-6175 / BS-949,Metric,10X1.25,metric,,STD XL Bright,,948,,
11,High Performance Taps HSSE,IS-6175 / BS-949,Metric,10X1.25,metric,,STD XL Gold,,1097,,
11,High Performance Taps HSSE,IS-6175 / BS-949,Metric,10X1.25,metric,,SPPT XL Bright,,1137,,
11,High Performance Taps HSSE,IS-6175 / BS-949,Metric,10X1.25,metric,,SPPT XL Gold,,1286,,
11,High Performance Taps HSSE,IS-6175 / BS-949,Metric,10X1.25,metric,,LS 'C' XL Bright,,1333,,
11,High Performance Taps HSSE,IS-6175 / BS-949,Metric,10X1.25,metric,,LS 'C' XL Gold,,1482,,
11,High Performance Taps HSSE,IS-6175 / BS-949,Metric,10X1.25,metric,,LS 'B' XL Bright,,1486,,
11,High Performance Taps HSSE,IS-6175 / BS-949,Metric,10X1.25,metric,,LS 'B' XL Gold,,1635,,
11,High Performance Taps HSSE,IS-6175 / BS-949,Metric,10X1.5,metric,,SPIREX Bright,,817,,
11,High Performance Taps HSSE,IS-6175 / BS-949,Metric,10X1.5,metric,,SPIREX Gold,,981,,
11,High Performance Taps HSSE,IS-6175 / BS-949,Metric,10X1.5,metric,,STD XL Bright,,817,,
11,High Performance Taps HSSE,IS-6175 / BS-949,Metric,10X1.5,metric,,STD XL Gold,,966,,
11,High Performance Taps HSSE,IS-6175 / BS-949,Metric,10X1.5,metric,,SPPT XL Bright,,982,,
11,High Performance Taps HSSE,IS-6175 / BS-949,Metric,10X1.5,metric,,SPPT XL Gold,,1131,,
11,High Performance Taps HSSE,IS-6175 / BS-949,Metric,10X1.5,metric,,LS 'C' XL Bright,,1239,,
11,High Performance Taps HSSE,IS-6175 / BS-949,Metric,10X1.5,metric,,LS 'C' XL Gold,,1387,,
11,High Performance Taps HSSE,IS-6175 / BS-949,Metric,10X1.5,metric,,LS 'B' XL Bright,,1478,,
11,High Performance Taps HSSE,IS-6175 / BS-949,Metric,10X1.5,metric,,LS 'B' XL Gold,,1627,,
11,High Performance Taps HSSE,IS-6175 / BS-949,Metric,12X1,metric,,SPIREX Bright,,1423,,
11,High Performance Taps HSSE,IS-6175 / BS-949,Metric,12X1,metric,,SPIREX Gold,,1707,,
11,High Performance Taps HSSE,IS-6175 / BS-949,Metric,12X1,metric,,STD XL Bright,,1462,,
11,High Performance Taps HSSE,IS-6175 / BS-949,Metric,12X1,metric,,STD XL Gold,,1652,,
11,High Performance Taps HSSE,IS-6175 / BS-949,Metric,12X1,metric,,SPPT XL Bright,,1759,,
11,High Performance Taps HSSE,IS-6175 / BS-949,Metric,12X1,metric,,SPPT XL Gold,,1949,,
11,High Performance Taps HSSE,IS-6175 / BS-949,Metric,12X1,metric,,LS 'C' XL Bright,,1915,,
11,High Performance Taps HSSE,IS-6175 / BS-949,Metric,12X1,metric,,LS 'C' XL Gold,,2105,,
11,High Performance Taps HSSE,IS-6175 / BS-949,Metric,12X1,metric,,LS 'B' XL Bright,,2254,,
11,High Performance Taps HSSE,IS-6175 / BS-949,Metric,12X1,metric,,LS 'B' XL Gold,,2444,,
11,High Performance Taps HSSE,IS-6175 / BS-949,Metric,12X1.25,metric,,SPIREX Bright,,1423,,
11,High Performance Taps HSSE,IS-6175 / BS-949,Metric,12X1.25,metric,,SPIREX Gold,,1707,,
11,High Performance Taps HSSE,IS-6175 / BS-949,Metric,12X1.25,metric,,STD XL Bright,,1462,,
11,High Performance Taps HSSE,IS-6175 / BS-949,Metric,12X1.25,metric,,STD XL Gold,,1652,,
11,High Performance Taps HSSE,IS-6175 / BS-949,Metric,12X1.25,metric,,SPPT XL Bright,,1759,,
11,High Performance Taps HSSE,IS-6175 / BS-949,Metric,12X1.25,metric,,SPPT XL Gold,,1949,,
11,High Performance Taps HSSE,IS-6175 / BS-949,Metric,12X1.25,metric,,LS 'C' XL Bright,,1915,,
11,High Performance Taps HSSE,IS-6175 / BS-949,Metric,12X1.25,metric,,LS 'C' XL Gold,,2105,,
11,High Performance Taps HSSE,IS-6175 / BS-949,Metric,12X1.25,metric,,LS 'B' XL Bright,,2254,,
11,High Performance Taps HSSE,IS-6175 / BS-949,Metric,12X1.25,metric,,LS 'B' XL Gold,,2444,,
11,High Performance Taps HSSE,IS-6175 / BS-949,Metric,12X1.5,metric,,SPIREX Bright,,1423,,
11,High Performance Taps HSSE,IS-6175 / BS-949,Metric,12X1.5,metric,,SPIREX Gold,,1707,,
11,High Performance Taps HSSE,IS-6175 / BS-949,Metric,12X1.5,metric,,STD XL Bright,,1462,,
11,High Performance Taps HSSE,IS-6175 / BS-949,Metric,12X1.5,metric,,STD XL Gold,,1652,,
11,High Performance Taps HSSE,IS-6175 / BS-949,Metric,12X1.5,metric,,SPPT XL Bright,,1759,,
11,High Performance Taps HSSE,IS-6175 / BS-949,Metric,12X1.5,metric,,SPPT XL Gold,,1949,,
11,High Performance Taps HSSE,IS-6175 / BS-949,Metric,12X1.5,metric,,LS 'C' XL Bright,,1915,,
11,High Performance Taps HSSE,IS-6175 / BS-949,Metric,12X1.5,metric,,LS 'C' XL Gold,,2105,,
11,High Performance Taps HSSE,IS-6175 / BS-949,Metric,12X1.5,metric,,LS 'B' XL Bright,,2254,,
11,High Performance Taps HSSE,IS-6175 / BS-949,Metric,12X1.5,metric,,LS 'B' XL Gold,,2444,,
11,High Performance Taps HSSE,IS-6175 / BS-949,Metric,12X1.75,metric,,SPIREX Bright,,1231,,
11,High Performance Taps HSSE,IS-6175 / BS-949,Metric,12X1.75,metric,,SPIREX Gold,,1480,,
11,High Performance Taps HSSE,IS-6175 / BS-949,Metric,12X1.75,metric,,STD XL Bright,,1271,,
11,High Performance Taps HSSE,IS-6175 / BS-949,Metric,12X1.75,metric,,STD XL Gold,,1460,,
11,High Performance Taps HSSE,IS-6175 / BS-949,Metric,12X1.75,metric,,SPPT XL Bright,,1518,,
11,High Performance Taps HSSE,IS-6175 / BS-949,Metric,12X1.75,metric,,SPPT XL Gold,,1708,,
11,High Performance Taps HSSE,IS-6175 / BS-949,Metric,12X1.75,metric,,LS 'C' XL Bright,,1750,,
11,High Performance Taps HSSE,IS-6175 / BS-949,Metric,12X1.75,metric,,LS 'C' XL Gold,,1940,,
11,High Performance Taps HSSE,IS-6175 / BS-949,Metric,12X1.75,metric,,LS 'B' XL Bright,,2069,,
11,High Performance Taps HSSE,IS-6175 / BS-949,Metric,12X1.75,metric,,LS 'B' XL Gold,,2259,,
11,High Performance Taps HSSE,IS-6175 / BS-949,Metric,14X1.0 / 1.25,metric,,SPIREX Bright,,1881,,
11,High Performance Taps HSSE,IS-6175 / BS-949,Metric,14X1.0 / 1.25,metric,,SPIREX Gold,,2127,,
11,High Performance Taps HSSE,IS-6175 / BS-949,Metric,14X1.0 / 1.25,metric,,STD XL Bright,,2039,,
11,High Performance Taps HSSE,IS-6175 / BS-949,Metric,14X1.0 / 1.25,metric,,STD XL Gold,,2287,,
11,High Performance Taps HSSE,IS-6175 / BS-949,Metric,14X1.0 / 1.25,metric,,SPPT XL Bright,,2460,,
11,High Performance Taps HSSE,IS-6175 / BS-949,Metric,14X1.0 / 1.25,metric,,SPPT XL Gold,,2706,,
11,High Performance Taps HSSE,IS-6175 / BS-949,Metric,14X1.0 / 1.25,metric,,LS 'C' XL Bright,,2521,,
11,High Performance Taps HSSE,IS-6175 / BS-949,Metric,14X1.0 / 1.25,metric,,LS 'C' XL Gold,,2768,,
11,High Performance Taps HSSE,IS-6175 / BS-949,Metric,14X1.0 / 1.25,metric,,LS 'B' XL Bright,,2977,,
11,High Performance Taps HSSE,IS-6175 / BS-949,Metric,14X1.0 / 1.25,metric,,LS 'B' XL Gold,,3224,,
11,High Performance Taps HSSE,IS-6175 / BS-949,Metric,14X1.5,metric,,SPIREX Bright,,1664,,
11,High Performance Taps HSSE,IS-6175 / BS-949,Metric,14X1.5,metric,,SPIREX Gold,,1999,,
11,High Performance Taps HSSE,IS-6175 / BS-949,Metric,14X1.5,metric,,STD XL Bright,,1702,,
11,High Performance Taps HSSE,IS-6175 / BS-949,Metric,14X1.5,metric,,STD XL Gold,,1948,,
11,High Performance Taps HSSE,IS-6175 / BS-949,Metric,14X1.5,metric,,SPPT XL Bright,,2043,,
11,High Performance Taps HSSE,IS-6175 / BS-949,Metric,14X1.5,metric,,SPPT XL Gold,,2289,,
11,High Performance Taps HSSE,IS-6175 / BS-949,Metric,14X1.5,metric,,LS 'C' XL Bright,,2369,,
11,High Performance Taps HSSE,IS-6175 / BS-949,Metric,14X1.5,metric,,LS 'C' XL Gold,,2616,,
11,High Performance Taps HSSE,IS-6175 / BS-949,Metric,14X1.5,metric,,LS 'B' XL Bright,,2801,,
11,High Performance Taps HSSE,IS-6175 / BS-949,Metric,14X1.5,metric,,LS 'B' XL Gold,,3047,,
11,High Performance Taps HSSE,IS-6175 / BS-949,Metric,14X2,metric,,SPIREX Bright,,1664,,
11,High Performance Taps HSSE,IS-6175 / BS-949,Metric,14X2,metric,,SPIREX Gold,,1999,,
11,High Performance Taps HSSE,IS-6175 / BS-949,Metric,14X2,metric,,STD XL Bright,,1670,,
11,High Performance Taps HSSE,IS-6175 / BS-949,Metric,14X2,metric,,STD XL Gold,,1917,,
11,High Performance Taps HSSE,IS-6175 / BS-949,Metric,14X2,metric,,SPPT XL Bright,,2005,,
11,High Performance Taps HSSE,IS-6175 / BS-949,Metric,14X2,metric,,SPPT XL Gold,,2253,,
11,High Performance Taps HSSE,IS-6175 / BS-949,Metric,14X2,metric,,LS 'C' XL Bright,,2539,,
11,High Performance Taps HSSE,IS-6175 / BS-949,Metric,14X2,metric,,LS 'C' XL Gold,,2786,,
11,High Performance Taps HSSE,IS-6175 / BS-949,Metric,14X2,metric,,LS 'B' XL Bright,,3006,,
11,High Performance Taps HSSE,IS-6175 / BS-949,Metric,14X2,metric,,LS 'B' XL Gold,,3254,,
11,High Performance Taps HSSE,IS-6175 / BS-949,Metric,16X1.0,metric,,SPIREX Bright,,1881,,
11,High Performance Taps HSSE,IS-6175 / BS-949,Metric,16X1.0,metric,,SPIREX Gold,,2127,,
11,High Performance Taps HSSE,IS-6175 / BS-949,Metric,16X1.0,metric,,STD XL Bright,,1997,,
11,High Performance Taps HSSE,IS-6175 / BS-949,Metric,16X1.0,metric,,STD XL Gold,,2244,,
11,High Performance Taps HSSE,IS-6175 / BS-949,Metric,16X1.0,metric,,SPPT XL Bright,,2401,,
11,High Performance Taps HSSE,IS-6175 / BS-949,Metric,16X1.0,metric,,SPPT XL Gold,,2648,,
11,High Performance Taps HSSE,IS-6175 / BS-949,Metric,16X1.0,metric,,LS 'C' XL Bright,,2661,,
11,High Performance Taps HSSE,IS-6175 / BS-949,Metric,16X1.0,metric,,LS 'C' XL Gold,,2908,,
11,High Performance Taps HSSE,IS-6175 / BS-949,Metric,16X1.0,metric,,LS 'B' XL Bright,,3144,,
11,High Performance Taps HSSE,IS-6175 / BS-949,Metric,16X1.0,metric,,LS 'B' XL Gold,,3390,,
11,High Performance Taps HSSE,IS-6175 / BS-949,Metric,16X1.5,metric,,SPIREX Bright,,1664,,
11,High Performance Taps HSSE,IS-6175 / BS-949,Metric,16X1.5,metric,,SPIREX Gold,,1999,,
11,High Performance Taps HSSE,IS-6175 / BS-949,Metric,16X1.5,metric,,STD XL Bright,,1702,,
11,High Performance Taps HSSE,IS-6175 / BS-949,Metric,16X1.5,metric,,STD XL Gold,,1948,,
11,High Performance Taps HSSE,IS-6175 / BS-949,Metric,16X1.5,metric,,SPPT XL Bright,,2043,,
11,High Performance Taps HSSE,IS-6175 / BS-949,Metric,16X1.5,metric,,SPPT XL Gold,,2289,,
11,High Performance Taps HSSE,IS-6175 / BS-949,Metric,16X1.5,metric,,LS 'C' XL Bright,,2369,,
11,High Performance Taps HSSE,IS-6175 / BS-949,Metric,16X1.5,metric,,LS 'C' XL Gold,,2616,,
11,High Performance Taps HSSE,IS-6175 / BS-949,Metric,16X1.5,metric,,LS 'B' XL Bright,,3006,,
11,High Performance Taps HSSE,IS-6175 / BS-949,Metric,16X1.5,metric,,LS 'B' XL Gold,,3254,,
11,High Performance Taps HSSE,IS-6175 / BS-949,Metric,16X2,metric,,SPIREX Bright,,1664,,
11,High Performance Taps HSSE,IS-6175 / BS-949,Metric,16X2,metric,,SPIREX Gold,,1999,,
11,High Performance Taps HSSE,IS-6175 / BS-949,Metric,16X2,metric,,STD XL Bright,,1670,,
11,High Performance Taps HSSE,IS-6175 / BS-949,Metric,16X2,metric,,STD XL Gold,,1917,,
11,High Performance Taps HSSE,IS-6175 / BS-949,Metric,16X2,metric,,SPPT XL Bright,,2005,,
11,High Performance Taps HSSE,IS-6175 / BS-949,Metric,16X2,metric,,SPPT XL Gold,,2253,,
11,High Performance Taps HSSE,IS-6175 / BS-949,Metric,16X2,metric,,LS 'C' XL Bright,,2539,,
11,High Performance Taps HSSE,IS-6175 / BS-949,Metric,16X2,metric,,LS 'C' XL Gold,,2786,,
11,High Performance Taps HSSE,IS-6175 / BS-949,Metric,16X2,metric,,LS 'B' XL Bright,,3006,,
11,High Performance Taps HSSE,IS-6175 / BS-949,Metric,16X2,metric,,LS 'B' XL Gold,,3254,,
11,High Performance Taps HSSE,IS-6175 / BS-949,Metric,18X1.0 / 2.0,metric,,SPIREX Bright,,3043,,
11,High Performance Taps HSSE,IS-6175 / BS-949,Metric,18X1.0 / 2.0,metric,,SPIREX Gold,,3458,,
11,High Performance Taps HSSE,IS-6175 / BS-949,Metric,18X1.0 / 2.0,metric,,STD XL Bright,,3634,,
11,High Performance Taps HSSE,IS-6175 / BS-949,Metric,18X1.0 / 2.0,metric,,STD XL Gold,,4050,,
11,High Performance Taps HSSE,IS-6175 / BS-949,Metric,18X1.0 / 2.0,metric,,SPPT XL Bright,,4065,,
11,High Performance Taps HSSE,IS-6175 / BS-949,Metric,18X1.0 / 2.0,metric,,SPPT XL Gold,,4480,,
11,High Performance Taps HSSE,IS-6175 / BS-949,Metric,18X1.0 / 2.0,metric,,LS 'C' XL Bright,,4341,,
11,High Performance Taps HSSE,IS-6175 / BS-949,Metric,18X1.0 / 2.0,metric,,LS 'C' XL Gold,,4756,,
11,High Performance Taps HSSE,IS-6175 / BS-949,Metric,18X1.0 / 2.0,metric,,LS 'B' XL Bright,,5121,,
11,High Performance Taps HSSE,IS-6175 / BS-949,Metric,18X1.0 / 2.0,metric,,LS 'B' XL Gold,,5536,,
11,High Performance Taps HSSE,IS-6175 / BS-949,Metric,18X1.5,metric,,SPIREX Bright,,2658,,
11,High Performance Taps HSSE,IS-6175 / BS-949,Metric,18X1.5,metric,,SPIREX Gold,,3189,,
11,High Performance Taps HSSE,IS-6175 / BS-949,Metric,18X1.5,metric,,STD XL Bright,,3193,,
11,High Performance Taps HSSE,IS-6175 / BS-949,Metric,18X1.5,metric,,STD XL Gold,,3609,,
11,High Performance Taps HSSE,IS-6175 / BS-949,Metric,18X1.5,metric,,SPPT XL Bright,,3571,,
11,High Performance Taps HSSE,IS-6175 / BS-949,Metric,18X1.5,metric,,SPPT XL Gold,,3986,,
11,High Performance Taps HSSE,IS-6175 / BS-949,Metric,18X1.5,metric,,LS 'C' XL Bright,,3985,,
11,High Performance Taps HSSE,IS-6175 / BS-949,Metric,18X1.5,metric,,LS 'C' XL Gold,,4401,,
11,High Performance Taps HSSE,IS-6175 / BS-949,Metric,18X1.5,metric,,LS 'B' XL Bright,,5064,,
11,High Performance Taps HSSE,IS-6175 / BS-949,Metric,18X1.5,metric,,LS 'B' XL Gold,,5480,,
11,High Performance Taps HSSE,IS-6175 / BS-949,Metric,18X2.5,metric,,SPIREX Bright,,2340,,
11,High Performance Taps HSSE,IS-6175 / BS-949,Metric,18X2.5,metric,,SPIREX Gold,,2806,,
11,High Performance Taps HSSE,IS-6175 / BS-949,Metric,18X2.5,metric,,STD XL Bright,,2806,,
11,High Performance Taps HSSE,IS-6175 / BS-949,Metric,18X2.5,metric,,STD XL Gold,,3222,,
11,High Performance Taps HSSE,IS-6175 / BS-949,Metric,18X2.5,metric,,SPPT XL Bright,,3365,,
11,High Performance Taps HSSE,IS-6175 / BS-949,Metric,18X2.5,metric,,SPPT XL Gold,,3781,,
11,High Performance Taps HSSE,IS-6175 / BS-949,Metric,18X2.5,metric,,LS 'C' XL Bright,,3730,,
11,High Performance Taps HSSE,IS-6175 / BS-949,Metric,18X2.5,metric,,LS 'C' XL Gold,,4146,,
11,High Performance Taps HSSE,IS-6175 / BS-949,Metric,18X2.5,metric,,LS 'B' XL Bright,,4385,,
11,High Performance Taps HSSE,IS-6175 / BS-949,Metric,18X2.5,metric,,LS 'B' XL Gold,,4800,,
11,High Performance Taps HSSE,IS-6175 / BS-949,Metric,20X1.0 / 2.0,metric,,SPIREX Bright,,3841,,
11,High Performance Taps HSSE,IS-6175 / BS-949,Metric,20X1.0 / 2.0,metric,,SPIREX Gold,,4298,,
11,High Performance Taps HSSE,IS-6175 / BS-949,Metric,20X1.0 / 2.0,metric,,STD XL Bright,,4183,,
11,High Performance Taps HSSE,IS-6175 / BS-949,Metric,20X1.0 / 2.0,metric,,STD XL Gold,,4640,,
11,High Performance Taps HSSE,IS-6175 / BS-949,Metric,20X1.0 / 2.0,metric,,SPPT XL Bright,,5405,,
11,High Performance Taps HSSE,IS-6175 / BS-949,Metric,20X1.0 / 2.0,metric,,SPPT XL Gold,,5863,,
11,High Performance Taps HSSE,IS-6175 / BS-949,Metric,20X1.0 / 2.0,metric,,LS 'C' XL Bright,,5726,,
11,High Performance Taps HSSE,IS-6175 / BS-949,Metric,20X1.0 / 2.0,metric,,LS 'C' XL Gold,,6182,,
11,High Performance Taps HSSE,IS-6175 / BS-949,Metric,20X1.0 / 2.0,metric,,LS 'B' XL Bright,,7259,,
11,High Performance Taps HSSE,IS-6175 / BS-949,Metric,20X1.0 / 2.0,metric,,LS 'B' XL Gold,,7717,,
11,High Performance Taps HSSE,IS-6175 / BS-949,Metric,20X1.5,metric,,SPIREX Bright,,3355,,
11,High Performance Taps HSSE,IS-6175 / BS-949,Metric,20X1.5,metric,,SPIREX Gold,,4027,,
11,High Performance Taps HSSE,IS-6175 / BS-949,Metric,20X1.5,metric,,STD XL Bright,,4041,,
11,High Performance Taps HSSE,IS-6175 / BS-949,Metric,20X1.5,metric,,STD XL Gold,,4499,,
11,High Performance Taps HSSE,IS-6175 / BS-949,Metric,20X1.5,metric,,SPPT XL Bright,,4505,,
11,High Performance Taps HSSE,IS-6175 / BS-949,Metric,20X1.5,metric,,SPPT XL Gold,,4962,,
11,High Performance Taps HSSE,IS-6175 / BS-949,Metric,20X1.5,metric,,LS 'C' XL Bright,,5193,,
11,High Performance Taps HSSE,IS-6175 / BS-949,Metric,20X1.5,metric,,LS 'C' XL Gold,,5650,,
11,High Performance Taps HSSE,IS-6175 / BS-949,Metric,20X1.5,metric,,LS 'B' XL Bright,,6133,,
11,High Performance Taps HSSE,IS-6175 / BS-949,Metric,20X1.5,metric,,LS 'B' XL Gold,,6590,,
11,High Performance Taps HSSE,IS-6175 / BS-949,Metric,20X2.5,metric,,SPIREX Bright,,3157,,
11,High Performance Taps HSSE,IS-6175 / BS-949,Metric,20X2.5,metric,,SPIREX Gold,,3785,,
11,High Performance Taps HSSE,IS-6175 / BS-949,Metric,20X2.5,metric,,STD XL Bright,,3578,,
11,High Performance Taps HSSE,IS-6175 / BS-949,Metric,20X2.5,metric,,STD XL Gold,,4036,,
11,High Performance Taps HSSE,IS-6175 / BS-949,Metric,20X2.5,metric,,SPPT XL Bright,,4287,,
11,High Performance Taps HSSE,IS-6175 / BS-949,Metric,20X2.5,metric,,SPPT XL Gold,,4743,,
11,High Performance Taps HSSE,IS-6175 / BS-949,Metric,20X2.5,metric,,LS 'C' XL Bright,,4580,,
11,High Performance Taps HSSE,IS-6175 / BS-949,Metric,20X2.5,metric,,LS 'C' XL Gold,,5038,,
11,High Performance Taps HSSE,IS-6175 / BS-949,Metric,20X2.5,metric,,LS 'B' XL Bright,,5393,,
11,High Performance Taps HSSE,IS-6175 / BS-949,Metric,20X2.5,metric,,LS 'B' XL Gold,,5851,,
11,High Performance Taps HSSE,IS-6175 / BS-949,Metric,22X1.5,metric,,SPIREX Bright,,7632,,
11,High Performance Taps HSSE,IS-6175 / BS-949,Metric,22X1.5,metric,,SPIREX Gold,,8065,,
11,High Performance Taps HSSE,IS-6175 / BS-949,Metric,22X1.5,metric,,STD XL Bright,,4573,,
11,High Performance Taps HSSE,IS-6175 / BS-949,Metric,22X1.5,metric,,STD XL Gold,,5072,,
11,High Performance Taps HSSE,IS-6175 / BS-949,Metric,22X1.5,metric,,SPPT XL Bright,,5106,,
11,High Performance Taps HSSE,IS-6175 / BS-949,Metric,22X1.5,metric,,SPPT XL Gold,,5605,,
11,High Performance Taps HSSE,IS-6175 / BS-949,Metric,22X1.5,metric,,LS 'C' XL Bright,,5391,,
11,High Performance Taps HSSE,IS-6175 / BS-949,Metric,22X1.5,metric,,LS 'C' XL Gold,,5891,,
11,High Performance Taps HSSE,IS-6175 / BS-949,Metric,22X1.5,metric,,LS 'B' XL Bright,,6365,,
11,High Performance Taps HSSE,IS-6175 / BS-949,Metric,22X1.5,metric,,LS 'B' XL Gold,,6863,,
11,High Performance Taps HSSE,IS-6175 / BS-949,Metric,22X2.5,metric,,SPIREX Bright,,4978,,
11,High Performance Taps HSSE,IS-6175 / BS-949,Metric,22X2.5,metric,,SPIREX Gold,,5411,,
11,High Performance Taps HSSE,IS-6175 / BS-949,Metric,22X2.5,metric,,STD XL Bright,,3861,,
11,High Performance Taps HSSE,IS-6175 / BS-949,Metric,22X2.5,metric,,STD XL Gold,,4360,,
11,High Performance Taps HSSE,IS-6175 / BS-949,Metric,22X2.5,metric,,SPPT XL Bright,,4770,,
11,High Performance Taps HSSE,IS-6175 / BS-949,Metric,22X2.5,metric,,SPPT XL Gold,,5269,,
11,High Performance Taps HSSE,IS-6175 / BS-949,Metric,22X2.5,metric,,LS 'C' XL Bright,,5126,,
11,High Performance Taps HSSE,IS-6175 / BS-949,Metric,22X2.5,metric,,LS 'C' XL Gold,,5625,,
11,High Performance Taps HSSE,IS-6175 / BS-949,Metric,22X2.5,metric,,LS 'B' XL Bright,,6038,,
11,High Performance Taps HSSE,IS-6175 / BS-949,Metric,22X2.5,metric,,LS 'B' XL Gold,,6536,,
11,High Performance Taps HSSE,IS-6175 / BS-949,Metric,24X1.5,metric,,SPIREX Bright,,7927,,
11,High Performance Taps HSSE,IS-6175 / BS-949,Metric,24X1.5,metric,,SPIREX Gold,,8360,,
11,High Performance Taps HSSE,IS-6175 / BS-949,Metric,24X1.5,metric,,STD XL Bright,,5005,,
11,High Performance Taps HSSE,IS-6175 / BS-949,Metric,24X1.5,metric,,STD XL Gold,,5504,,
11,High Performance Taps HSSE,IS-6175 / BS-949,Metric,24X1.5,metric,,SPPT XL Bright,,5586,,
11,High Performance Taps HSSE,IS-6175 / BS-949,Metric,24X1.5,metric,,SPPT XL Gold,,6085,,
11,High Performance Taps HSSE,IS-6175 / BS-949,Metric,24X1.5,metric,,LS 'C' XL Bright,,6014,,
11,High Performance Taps HSSE,IS-6175 / BS-949,Metric,24X1.5,metric,,LS 'C' XL Gold,,6513,,
11,High Performance Taps HSSE,IS-6175 / BS-949,Metric,24X1.5,metric,,LS 'B' XL Bright,,7103,,
11,High Performance Taps HSSE,IS-6175 / BS-949,Metric,24X1.5,metric,,LS 'B' XL Gold,,7602,,
11,High Performance Taps HSSE,IS-6175 / BS-949,Metric,24X3,metric,,SPIREX Bright,,5545,,
11,High Performance Taps HSSE,IS-6175 / BS-949,Metric,24X3,metric,,SPIREX Gold,,5980,,
11,High Performance Taps HSSE,IS-6175 / BS-949,Metric,24X3,metric,,STD XL Bright,,4436,,
11,High Performance Taps HSSE,IS-6175 / BS-949,Metric,24X3,metric,,STD XL Gold,,4935,,
11,High Performance Taps HSSE,IS-6175 / BS-949,Metric,24X3,metric,,SPPT XL Bright,,5323,,
11,High Performance Taps HSSE,IS-6175 / BS-949,Metric,24X3,metric,,SPPT XL Gold,,5822,,
11,High Performance Taps HSSE,IS-6175 / BS-949,Metric,24X3,metric,,LS 'C' XL Bright,,5564,,
11,High Performance Taps HSSE,IS-6175 / BS-949,Metric,24X3,metric,,LS 'C' XL Gold,,6062,,
11,High Performance Taps HSSE,IS-6175 / BS-949,Metric,24X3,metric,,LS 'B' XL Bright,,6553,,
11,High Performance Taps HSSE,IS-6175 / BS-949,Metric,24X3,metric,,LS 'B' XL Gold,,7052,,
11,High Performance Taps HSSE,IS-6175 / BS-949,Metric,25X1.5,metric,,SPIREX Bright,,7927,,
11,High Performance Taps HSSE,IS-6175 / BS-949,Metric,25X1.5,metric,,SPIREX Gold,,8425,,
11,High Performance Taps HSSE,IS-6175 / BS-949,Metric,25X1.5,metric,,STD XL Bright,,5301,,
11,High Performance Taps HSSE,IS-6175 / BS-949,Metric,25X1.5,metric,,STD XL Gold,,5800,,
11,High Performance Taps HSSE,IS-6175 / BS-949,Metric,25X1.5,metric,,SPPT XL Bright,,6843,,
11,High Performance Taps HSSE,IS-6175 / BS-949,Metric,25X1.5,metric,,SPPT XL Gold,,7341,,
11,High Performance Taps HSSE,IS-6175 / BS-949,Metric,25X1.5,metric,,LS 'C' XL Bright,,7363,,
11,High Performance Taps HSSE,IS-6175 / BS-949,Metric,25X1.5,metric,,LS 'C' XL Gold,,7862,,
11,High Performance Taps HSSE,IS-6175 / BS-949,Metric,25X1.5,metric,,LS 'B' XL Bright,,8699,,
11,High Performance Taps HSSE,IS-6175 / BS-949,Metric,25X1.5,metric,,LS 'B' XL Gold,,9197,,
11,High Performance Taps HSSE,IS-6175 / BS-949,Metric,25X3,metric,,SPIREX Bright,,5804,,
11,High Performance Taps HSSE,IS-6175 / BS-949,Metric,25X3,metric,,SPIREX Gold,,6302,,
11,High Performance Taps HSSE,IS-6175 / BS-949,Metric,25X3,metric,,STD XL Bright,,5411,,
11,High Performance Taps HSSE,IS-6175 / BS-949,Metric,25X3,metric,,STD XL Gold,,5910,,
11,High Performance Taps HSSE,IS-6175 / BS-949,Metric,25X3,metric,,SPPT XL Bright,,6490,,
11,High Performance Taps HSSE,IS-6175 / BS-949,Metric,25X3,metric,,SPPT XL Gold,,6989,,
11,High Performance Taps HSSE,IS-6175 / BS-949,Metric,25X3,metric,,LS 'C' XL Bright,,6964,,
11,High Performance Taps HSSE,IS-6175 / BS-949,Metric,25X3,metric,,LS 'C' XL Gold,,7464,,
11,High Performance Taps HSSE,IS-6175 / BS-949,Metric,25X3,metric,,LS 'B' XL Bright,,8217,,
11,High Performance Taps HSSE,IS-6175 / BS-949,Metric,25X3,metric,,LS 'B' XL Gold,,8716,,
11,High Performance Taps HSSE,IS-6175 / BS-949,Metric,26X1.5,metric,,SPIREX Bright,,9134,,
11,High Performance Taps HSSE,IS-6175 / BS-949,Metric,26X1.5,metric,,SPIREX Gold,,9634,,
11,High Performance Taps HSSE,IS-6175 / BS-949,Metric,26X1.5,metric,,STD XL Bright,,7479,,
11,High Performance Taps HSSE,IS-6175 / BS-949,Metric,26X1.5,metric,,STD XL Gold,,7977,,
11,High Performance Taps HSSE,IS-6175 / BS-949,Metric,26X1.5,metric,,SPPT XL Bright,,8968,,
11,High Performance Taps HSSE,IS-6175 / BS-949,Metric,26X1.5,metric,,SPPT XL Gold,,9468,,
11,High Performance Taps HSSE,IS-6175 / BS-949,Metric,26X1.5,metric,,LS 'C' XL Bright,,9450,,
11,High Performance Taps HSSE,IS-6175 / BS-949,Metric,26X1.5,metric,,LS 'C' XL Gold,,9950,,
11,High Performance Taps HSSE,IS-6175 / BS-949,Metric,26X1.5,metric,,LS 'B' XL Bright,,10374,,
11,High Performance Taps HSSE,IS-6175 / BS-949,Metric,26X1.5,metric,,LS 'B' XL Gold,,10872,,
11,High Performance Taps HSSE,IS-6175 / BS-949,Metric,27X1.5,metric,,SPIREX Bright,,12730,,
11,High Performance Taps HSSE,IS-6175 / BS-949,Metric,27X1.5,metric,,SPIREX Gold,,13180,,
11,High Performance Taps HSSE,IS-6175 / BS-949,Metric,27X1.5,metric,,STD XL Bright,,7479,,
11,High Performance Taps HSSE,IS-6175 / BS-949,Metric,27X1.5,metric,,STD XL Gold,,7977,,
11,High Performance Taps HSSE,IS-6175 / BS-949,Metric,27X1.5,metric,,SPPT XL Bright,,8968,,
11,High Performance Taps HSSE,IS-6175 / BS-949,Metric,27X1.5,metric,,SPPT XL Gold,,9468,,
11,High Performance Taps HSSE,IS-6175 / BS-949,Metric,27X1.5,metric,,LS 'C' XL Bright,,9450,,
11,High Performance Taps HSSE,IS-6175 / BS-949,Metric,27X1.5,metric,,LS 'C' XL Gold,,9950,,
11,High Performance Taps HSSE,IS-6175 / BS-949,Metric,27X1.5,metric,,LS 'B' XL Bright,,10374,,
11,High Performance Taps HSSE,IS-6175 / BS-949,Metric,27X1.5,metric,,LS 'B' XL Gold,,10872,,
11,High Performance Taps HSSE,IS-6175 / BS-949,Metric,27X3,metric,,SPIREX Bright,,7756,,
11,High Performance Taps HSSE,IS-6175 / BS-949,Metric,27X3,metric,,SPIREX Gold,,8206,,
11,High Performance Taps HSSE,IS-6175 / BS-949,Metric,27X3,metric,,STD XL Bright,,6719,,
11,High Performance Taps HSSE,IS-6175 / BS-949,Metric,27X3,metric,,STD XL Gold,,7218,,
11,High Performance Taps HSSE,IS-6175 / BS-949,Metric,27X3,metric,,SPPT XL Bright,,8062,,
11,High Performance Taps HSSE,IS-6175 / BS-949,Metric,27X3,metric,,SPPT XL Gold,,8560,,
11,High Performance Taps HSSE,IS-6175 / BS-949,Metric,27X3,metric,,LS 'C' XL Bright,,7999,,
11,High Performance Taps HSSE,IS-6175 / BS-949,Metric,27X3,metric,,LS 'C' XL Gold,,8498,,
11,High Performance Taps HSSE,IS-6175 / BS-949,Metric,27X3,metric,,LS 'B' XL Bright,,9235,,
11,High Performance Taps HSSE,IS-6175 / BS-949,Metric,27X3,metric,,LS 'B' XL Gold,,9733,,
11,High Performance Taps HSSE,IS-6175 / BS-949,Metric,30X1.5,metric,,SPIREX Bright,,13309,,
11,High Performance Taps HSSE,IS-6175 / BS-949,Metric,30X1.5,metric,,SPIREX Gold,,14363,,
11,High Performance Taps HSSE,IS-6175 / BS-949,Metric,30X1.5,metric,,STD XL Bright,,8407,,
11,High Performance Taps HSSE,IS-6175 / BS-949,Metric,30X1.5,metric,,STD XL Gold,,8907,,
11,High Performance Taps HSSE,IS-6175 / BS-949,Metric,30X1.5,metric,,SPPT XL Bright,,10085,,
11,High Performance Taps HSSE,IS-6175 / BS-949,Metric,30X1.5,metric,,SPPT XL Gold,,10584,,
11,High Performance Taps HSSE,IS-6175 / BS-949,Metric,30X1.5,metric,,LS 'C' XL Bright,,10627,,
11,High Performance Taps HSSE,IS-6175 / BS-949,Metric,30X1.5,metric,,LS 'C' XL Gold,,11125,,
11,High Performance Taps HSSE,IS-6175 / BS-949,Metric,30X1.5,metric,,LS 'B' XL Bright,,12546,,
11,High Performance Taps HSSE,IS-6175 / BS-949,Metric,30X1.5,metric,,LS 'B' XL Gold,,13044,,
11,High Performance Taps HSSE,IS-6175 / BS-949,Metric,30X3.5,metric,,SPIREX Bright,,11494,,
11,High Performance Taps HSSE,IS-6175 / BS-949,Metric,30X3.5,metric,,SPIREX Gold,,11943,,
11,High Performance Taps HSSE,IS-6175 / BS-949,Metric,30X3.5,metric,,STD XL Bright,,7509,,
11,High Performance Taps HSSE,IS-6175 / BS-949,Metric,30X3.5,metric,,STD XL Gold,,8007,,
11,High Performance Taps HSSE,IS-6175 / BS-949,Metric,30X3.5,metric,,SPPT XL Bright,,9026,,
11,High Performance Taps HSSE,IS-6175 / BS-949,Metric,30X3.5,metric,,SPPT XL Gold,,9524,,
11,High Performance Taps HSSE,IS-6175 / BS-949,Metric,30X3.5,metric,,LS 'C' XL Bright,,9188,,
11,High Performance Taps HSSE,IS-6175 / BS-949,Metric,30X3.5,metric,,LS 'C' XL Gold,,9687,,
11,High Performance Taps HSSE,IS-6175 / BS-949,Metric,30X3.5,metric,,LS 'B' XL Bright,,10841,,
11,High Performance Taps HSSE,IS-6175 / BS-949,Metric,30X3.5,metric,,LS 'B' XL Gold,,11340,,
11,High Performance Taps HSSE,IS-6175 / BS-949,Metric,33X1.5,metric,,SPIREX Bright,,17483,,
11,High Performance Taps HSSE,IS-6175 / BS-949,Metric,33X1.5,metric,,SPIREX Gold,,17933,,
11,High Performance Taps HSSE,IS-6175 / BS-949,Metric,33X1.5,metric,,STD XL Bright,,10265,,
11,High Performance Taps HSSE,IS-6175 / BS-949,Metric,33X1.5,metric,,STD XL Gold,,10993,,
11,High Performance Taps HSSE,IS-6175 / BS-949,Metric,33X1.5,metric,,SPPT XL Bright,,12309,,
11,High Performance Taps HSSE,IS-6175 / BS-949,Metric,33X1.5,metric,,SPPT XL Gold,,13037,,
11,High Performance Taps HSSE,IS-6175 / BS-949,Metric,33X1.5,metric,,LS 'C' XL Bright,,12846,,
11,High Performance Taps HSSE,IS-6175 / BS-949,Metric,33X1.5,metric,,LS 'C' XL Gold,,13574,,
11,High Performance Taps HSSE,IS-6175 / BS-949,Metric,33X1.5,metric,,LS 'B' XL Bright,,15180,,
11,High Performance Taps HSSE,IS-6175 / BS-949,Metric,33X1.5,metric,,LS 'B' XL Gold,,15908,,
11,High Performance Taps HSSE,IS-6175 / BS-949,Metric,33X3.5,metric,,SPIREX Bright,,15263,,
11,High Performance Taps HSSE,IS-6175 / BS-949,Metric,33X3.5,metric,,SPIREX Gold,,16022,,
11,High Performance Taps HSSE,IS-6175 / BS-949,Metric,33X3.5,metric,,STD XL Bright,,9151,,
11,High Performance Taps HSSE,IS-6175 / BS-949,Metric,33X3.5,metric,,STD XL Gold,,9879,,
11,High Performance Taps HSSE,IS-6175 / BS-949,Metric,33X3.5,metric,,SPPT XL Bright,,10979,,
11,High Performance Taps HSSE,IS-6175 / BS-949,Metric,33X3.5,metric,,SPPT XL Gold,,11707,,
11,High Performance Taps HSSE,IS-6175 / BS-949,Metric,33X3.5,metric,,LS 'C' XL Bright,,10788,,
11,High Performance Taps HSSE,IS-6175 / BS-949,Metric,33X3.5,metric,,LS 'C' XL Gold,,11517,,
11,High Performance Taps HSSE,IS-6175 / BS-949,Metric,33X3.5,metric,,LS 'B' XL Bright,,18017,,
11,High Performance Taps HSSE,IS-6175 / BS-949,Metric,33X3.5,metric,,LS 'B' XL Gold,,18745,,
11,High Performance Taps HSSE,IS-6175 / BS-949,Metric,36X1.5,metric,,SPIREX Bright,,19568,,
11,High Performance Taps HSSE,IS-6175 / BS-949,Metric,36X1.5,metric,,SPIREX Gold,,20296,,
11,High Performance Taps HSSE,IS-6175 / BS-949,Metric,36X1.5,metric,,STD XL Bright,,14243,,
11,High Performance Taps HSSE,IS-6175 / BS-949,Metric,36X1.5,metric,,STD XL Gold,,14971,,
11,High Performance Taps HSSE,IS-6175 / BS-949,Metric,36X1.5,metric,,SPPT XL Bright,,17078,,
11,High Performance Taps HSSE,IS-6175 / BS-949,Metric,36X1.5,metric,,SPPT XL Gold,,17806,,
11,High Performance Taps HSSE,IS-6175 / BS-949,Metric,36X1.5,metric,,LS 'C' XL Bright,,17692,,
11,High Performance Taps HSSE,IS-6175 / BS-949,Metric,36X1.5,metric,,LS 'C' XL Gold,,18421,,
11,High Performance Taps HSSE,IS-6175 / BS-949,Metric,36X1.5,metric,,LS 'B' XL Bright,,20868,,
11,High Performance Taps HSSE,IS-6175 / BS-949,Metric,36X1.5,metric,,LS 'B' XL Gold,,21596,,
11,High Performance Taps HSSE,IS-6175 / BS-949,Metric,36X4,metric,,SPIREX Bright,,15919,,
11,High Performance Taps HSSE,IS-6175 / BS-949,Metric,36X4,metric,,SPIREX Gold,,16678,,
11,High Performance Taps HSSE,IS-6175 / BS-949,Metric,36X4,metric,,STD XL Bright,,12735,,
11,High Performance Taps HSSE,IS-6175 / BS-949,Metric,36X4,metric,,STD XL Gold,,13463,,
11,High Performance Taps HSSE,IS-6175 / BS-949,Metric,36X4,metric,,SPPT XL Bright,,15281,,
11,High Performance Taps HSSE,IS-6175 / BS-949,Metric,36X4,metric,,SPPT XL Gold,,16009,,
11,High Performance Taps HSSE,IS-6175 / BS-949,Metric,36X4,metric,,LS 'C' XL Bright,,15270,,
11,High Performance Taps HSSE,IS-6175 / BS-949,Metric,36X4,metric,,LS 'C' XL Gold,,15998,,
11,High Performance Taps HSSE,IS-6175 / BS-949,Metric,39X1.5,metric,,SPIREX Bright,,21547,,
11,High Performance Taps HSSE,IS-6175 / BS-949,Metric,39X1.5,metric,,SPIREX Gold,,22275,,
11,High Performance Taps HSSE,IS-6175 / BS-949,Metric,39X1.5,metric,,STD XL Bright,,17752,,
11,High Performance Taps HSSE,IS-6175 / BS-949,Metric,39X1.5,metric,,STD XL Gold,,18480,,
11,High Performance Taps HSSE,IS-6175 / BS-949,Metric,39X1.5,metric,,SPPT XL Bright,,20947,,
11,High Performance Taps HSSE,IS-6175 / BS-949,Metric,39X1.5,metric,,SPPT XL Gold,,21676,,
11,High Performance Taps HSSE,IS-6175 / BS-949,Metric,39X1.5,metric,,LS 'C' XL Bright,,22226,,
11,High Performance Taps HSSE,IS-6175 / BS-949,Metric,39X1.5,metric,,LS 'C' XL Gold,,22954,,
11,High Performance Taps HSSE,IS-6175 / BS-949,Metric,39X4,metric,,SPIREX Bright,,17955,,
11,High Performance Taps HSSE,IS-6175 / BS-949,Metric,39X4,metric,,SPIREX Gold,,18742,,
11,High Performance Taps HSSE,IS-6175 / BS-949,Metric,39X4,metric,,STD XL Bright,,14962,,
11,High Performance Taps HSSE,IS-6175 / BS-949,Metric,39X4,metric,,STD XL Gold,,15690,,
11,High Performance Taps HSSE,IS-6175 / BS-949,Metric,39X4,metric,,SPPT XL Bright,,17941,,
11,High Performance Taps HSSE,IS-6175 / BS-949,Metric,39X4,metric,,SPPT XL Gold,,18669,,
11,High Performance Taps HSSE,IS-6175 / BS-949,Metric,39X4,metric,,LS 'C' XL Bright,,16968,,
11,High Performance Taps HSSE,IS-6175 / BS-949,Metric,39X4,metric,,LS 'C' XL Gold,,17696,,
11,High Performance Taps HSSE,IS-6175 / BS-949,Metric,40X1.5,metric,,SPIREX Bright,,21547,,
11,High Performance Taps HSSE,IS-6175 / BS-949,Metric,40X1.5,metric,,SPIREX Gold,,22275,,
11,High Performance Taps HSSE,IS-6175 / BS-949,Metric,40X1.5,metric,,STD XL Bright,,16559,,
11,High Performance Taps HSSE,IS-6175 / BS-949,Metric,40X1.5,metric,,STD XL Gold,,17288,,
11,High Performance Taps HSSE,IS-6175 / BS-949,Metric,40X1.5,metric,,SPPT XL Bright,,19622,,
11,High Performance Taps HSSE,IS-6175 / BS-949,Metric,40X1.5,metric,,SPPT XL Gold,,20350,,
11,High Performance Taps HSSE,IS-6175 / BS-949,Metric,40X1.5,metric,,LS 'C' XL Bright,,22836,,
11,High Performance Taps HSSE,IS-6175 / BS-949,Metric,40X1.5,metric,,LS 'C' XL Gold,,23564,,
11,High Performance Taps HSSE,IS-6175 / BS-949,Metric,42X4.5,metric,,SPIREX Bright,,21787,,
11,High Performance Taps HSSE,IS-6175 / BS-949,Metric,42X4.5,metric,,SPIREX Gold,,22574,,
11,High Performance Taps HSSE,IS-6175 / BS-949,Metric,42X4.5,metric,,STD XL Bright,,17431,,
11,High Performance Taps HSSE,IS-6175 / BS-949,Metric,42X4.5,metric,,STD XL Gold,,18159,,
11,High Performance Taps HSSE,IS-6175 / BS-949,Metric,42X4.5,metric,,SPPT XL Bright,,20913,,
11,High Performance Taps HSSE,IS-6175 / BS-949,Metric,42X4.5,metric,,SPPT XL Gold,,21641,,
11,High Performance Taps HSSE,IS-6175 / BS-949,Metric,42X4.5,metric,,LS 'C' XL Bright,,21879,,
11,High Performance Taps HSSE,IS-6175 / BS-949,Metric,42X4.5,metric,,LS 'C' XL Gold,,22607,,
11,High Performance Taps HSSE,IS-6175 / BS-949,Metric,45X4.5,metric,,SPIREX Bright,,27118,,
11,High Performance Taps HSSE,IS-6175 / BS-949,Metric,45X4.5,metric,,SPIREX Gold,,27847,,
11,High Performance Taps HSSE,IS-6175 / BS-949,Metric,45X4.5,metric,,STD XL Bright,,23469,,
11,High Performance Taps HSSE,IS-6175 / BS-949,Metric,45X4.5,metric,,STD XL Gold,,24197,,
11,High Performance Taps HSSE,IS-6175 / BS-949,Metric,45X4.5,metric,,SPPT XL Bright,,28164,,
11,High Performance Taps HSSE,IS-6175 / BS-949,Metric,45X4.5,metric,,SPPT XL Gold,,28893,,
11,High Performance Taps HSSE,IS-6175 / BS-949,Metric,45X4.5,metric,,LS 'C' XL Bright,,25955,,
11,High Performance Taps HSSE,IS-6175 / BS-949,Metric,45X4.5,metric,,LS 'C' XL Gold,,26683,,
3,HSS Hand / Short Machine / Long Shank,BS-949,BA,0,number,,Standard,,507,,
3,HSS Hand / Short Machine / Long Shank,BS-949,BA,0,number,,SPPT,,603,,
3,HSS Hand / Short Machine / Long Shank,BS-949,UNF/UNC,0,number,,Standard,,953,,
3,HSS Hand / Short Machine / Long Shank,BS-949,BA,7,number,,Standard,,664,,
3,HSS Hand / Short Machine / Long Shank,BS-949,BA,7,number,,SPPT,,791,,
3,HSS Hand / Short Machine / Long Shank,BS-949,BA,1,number,,Standard,,507,,
3,HSS Hand / Short Machine / Long Shank,BS-949,BA,1,number,,SPPT,,603,,
3,HSS Hand / Short Machine / Long Shank,BS-949,UNF/UNC,1,number,,Standard,,953,,
3,HSS Hand / Short Machine / Long Shank,BS-949,BA,8,number,,Standard,,664,,
3,HSS Hand / Short Machine / Long Shank,BS-949,BA,8,number,,SPPT,,791,,
3,HSS Hand / Short Machine / Long Shank,BS-949,UNF/UNC,8,number,,Standard,,461,,
3,HSS Hand / Short Machine / Long Shank,BS-949,UNF/UNC,8,number,,SPPT,,552,,
3,HSS Hand / Short Machine / Long Shank,BS-949,BA,2,number,,Standard,,447,,
3,HSS Hand / Short Machine / Long Shank,BS-949,BA,2,number,,SPPT,,546,,
3,HSS Hand / Short Machine / Long Shank,BS-949,UNF/UNC,2,number,,Standard,,674,,
3,HSS Hand / Short Machine / Long Shank,BS-949,UNF/UNC,2,number,,SPPT,,820,,
3,HSS Hand / Short Machine / Long Shank,BS-949,BA,9,number,,Standard,,953,,
3,HSS Hand / Short Machine / Long Shank,BS-949,BA,9,number,,SPPT,,1143,,
3,HSS Hand / Short Machine / Long Shank,BS-949,BA,3,number,,Standard,,447,,
3,HSS Hand / Short Machine / Long Shank,BS-949,BA,3,number,,SPPT,,546,,
3,HSS Hand / Short Machine / Long Shank,BS-949,UNF/UNC,3,number,,Standard,,674,,
3,HSS Hand / Short Machine / Long Shank,BS-949,UNF/UNC,3,number,,SPPT,,820,,
3,HSS Hand / Short Machine / Long Shank,BS-949,BA,10,number,,Standard,,953,,
3,HSS Hand / Short Machine / Long Shank,BS-949,BA,10,number,,SPPT,,1143,,
3,HSS Hand / Short Machine / Long Shank,BS-949,UNF/UNC,10,number,,Standard,,461,,
3,HSS Hand / Short Machine / Long Shank,BS-949,UNF/UNC,10,number,,SPPT,,552,,
3,HSS Hand / Short Machine / Long Shank,BS-949,BA,4,number,,Standard,,447,,
3,HSS Hand / Short Machine / Long Shank,BS-949,BA,4,number,,SPPT,,546,,
3,HSS Hand / Short Machine / Long Shank,BS-949,UNF/UNC,4,number,,Standard,,461,,
3,HSS Hand / Short Machine / Long Shank,BS-949,UNF/UNC,4,number,,SPPT,,552,,
3,HSS Hand / Short Machine / Long Shank,BS-949,BA,11,number,,Standard,,1514,,
3,HSS Hand / Short Machine / Long Shank,BS-949,BA,11,number,,SPPT,,1819,,
3,HSS Hand / Short Machine / Long Shank,BS-949,BA,5,number,,Standard,,447,,
3,HSS Hand / Short Machine / Long Shank,BS-949,BA,5,number,,SPPT,,546,,
3,HSS Hand / Short Machine / Long Shank,BS-949,UNF/UNC,5,number,,Standard,,461,,
3,HSS Hand / Short Machine / Long Shank,BS-949,UNF/UNC,5,number,,SPPT,,552,,
3,HSS Hand / Short Machine / Long Shank,BS-949,BA,12,number,,Standard,,1514,,
3,HSS Hand / Short Machine / Long Shank,BS-949,BA,12,number,,SPPT,,1819,,
3,HSS Hand / Short Machine / Long Shank,BS-949,UNF/UNC,12,number,,Standard,,566,,
3,HSS Hand / Short Machine / Long Shank,BS-949,UNF/UNC,12,number,,SPPT,,674,,
3,HSS Hand / Short Machine / Long Shank,BS-949,BA,6,number,,Standard,,491,,
3,HSS Hand / Short Machine / Long Shank,BS-949,BA,6,number,,SPPT,,586,,
3,HSS Hand / Short Machine / Long Shank,BS-949,UNF/UNC,6,number,,Standard,,461,,
3,HSS Hand / Short Machine / Long Shank,BS-949,UNF/UNC,6,number,,SPPT,,562,,
6,HSS Hand / Short Machine / Long Shank,BS-949 Special Pitch,Special Pitch,11/64,inch,"40,  48",Standard,,447,*,
6,HSS Hand / Short Machine / Long Shank,BS-949 Special Pitch,Special Pitch,3/16,inch,28,Standard,,447,*,
6,HSS Hand / Short Machine / Long Shank,BS-949 Special Pitch,Special Pitch,15/64,inch,"28,  40",Standard,,447,*,
6,HSS Hand / Short Machine / Long Shank,BS-949 Special Pitch,Special Pitch,1/4,inch,32,Standard,,447,*,
6,HSS Hand / Short Machine / Long Shank,BS-949 Special Pitch,Special Pitch,9/32,inch,"28,  40",Standard,,553,*,
6,HSS Hand / Short Machine / Long Shank,BS-949 Special Pitch,Special Pitch,5/16,inch,"30,  40",Standard,,519,*,
6,HSS Hand / Short Machine / Long Shank,BS-949 Special Pitch,Special Pitch,3/8,inch,"28,  40",Standard,,630,*,
6,HSS Hand / Short Machine / Long Shank,BS-949 Special Pitch,Special Pitch,7/16,inch,"28, 32, 40",Standard,,813,*,
6,HSS Hand / Short Machine / Long Shank,BS-949 Special Pitch,Special Pitch,1/2,inch,"32, 40",Standard,,1000,*,
6,HSS Hand / Short Machine / Long Shank,BS-949 Special Pitch,Special Pitch,9/16,inch,20,Standard,,1508,*,
