stock_item_name,transcription,attribution,action,db_price_per_piece,pdf_price_per_piece,v2_price_per_piece,db_list_rate,v2_list_rate,page_no,thread_form,size,grade,pack_qty,confidence,reason
CARBON TAP 3 X .5 SET TOTEM,OK,WRONG_FAMILY_OR_ABSENT,DROP,390.00,390,,1170.00,,4,Metric Coarse,3.0 X 0.50,Standard,3,review,item absent from this project's stock_items
"CARBON TAP 3/8"" BSP BOT TOTEM",OK,WRONG_FAMILY_OR_ABSENT,DROP,1501.00,1501,,1501.00,,3,BSP,3/8,Standard,1,review,item absent from this project's stock_items
CARBON TAP 5 X .8 TPR TOTEM,OK,WRONG_FAMILY_OR_ABSENT,DROP,419.00,419,,419.00,,4,Metric Coarse,5.0 X 0.80,Standard,1,review,item absent from this project's stock_items
"CARBON TAP 5/32"" BSW BOT TOTEM",OK,WRONG_FAMILY_OR_ABSENT,DROP,407.00,407,,407.00,,3,BSW/BSF,5/32,Standard,1,review,item absent from this project's stock_items
HSS  LH TAP 27 X 3 BOT TOTEM,OK,OK,KEEP,4795.00,4795,4795.00,6473.25,6473.25,4,Metric Coarse,27.0 X 3.00,Standard,1,verified,
"HSS LH TAP 1"" UNC BOT TOTEM",OK,OK,KEEP,3622.00,3622,3622.00,4889.70,4889.70,3,UNF/UNC,"1""",Standard,1,review,
"HSS LH TAP 1"" UNC TPR TOTEM",OK,OK,KEEP,3622.00,3622,3622.00,4889.70,4889.70,3,UNF/UNC,"1""",Standard,1,review,
"HSS LH TAP 1-1/4"" UNC BOT TOTEM",OK,OK,KEEP,5865.00,5865,5865.00,7917.75,7917.75,3,UNF/UNC,"1.1/4""",Standard,1,review,
"HSS LH TAP 1-1/4"" UNC SEC TOTEM",OK,OK,KEEP,5865.00,5865,5865.00,7917.75,7917.75,3,UNF/UNC,"1.1/4""",Standard,1,review,
HSS LH TAP 10 X 1 BOT TOTEM,OK,OK,KEEP,678.00,678,678.00,915.30,915.30,5,Metric Coarse,10.0 X 1.00/1.25,Standard,1,verified,
HSS LH TAP 10 X 1.5 BOT TOTEM,OK,OK,KEEP,609.00,609,609.00,822.15,822.15,4,Metric Coarse,10.0 X 1.50,Standard,1,verified,
HSS LH TAP 10 X 1.5 SEC TOTEM,OK,OK,KEEP,609.00,609,609.00,822.15,822.15,4,Metric Coarse,10.0 X 1.50,Standard,1,verified,
HSS LH TAP 10 X 1.5 SET TOTEM,OK,OK,KEEP,609.00,609,609.00,2466.45,2466.45,4,Metric Coarse,10.0 X 1.50,Standard,3,verified,
HSS LH TAP 10 X 1.5 SPPT TOTEM,OK,WRONG_FAMILY_OR_ABSENT,DROP,747.00,747,,1008.45,,4,Metric Coarse,10.0 X 1.50,SPPT,1,review,item absent from this project's stock_items
HSS LH TAP 10 X 1.5 TOTEM,OK,WRONG_FAMILY_OR_ABSENT,DROP,609.00,609,,822.15,,4,Metric Coarse,10.0 X 1.50,Standard,1,review,item absent from this project's stock_items
HSS LH TAP 10 X 1.5 TPR TOTEM,OK,OK,KEEP,609.00,609,609.00,822.15,822.15,4,Metric Coarse,10.0 X 1.50,Standard,1,review,
HSS LH TAP 12 X 1.25 BOT TOTEM,,OK,ADD,,,1111.00,,1499.85,5,Metric Coarse,12.0 X 1.00*/1.25/1.50,Standard,1,verified,matched by v2; not previously seeded
HSS LH TAP 12 X 1.25 SET TOTEM,,OK,ADD,,,1111.00,,4499.55,5,Metric Coarse,12.0 X 1.00*/1.25/1.50,Standard,3,review,matched by v2; not previously seeded
HSS LH TAP 12 X 1.5 BOT TOTEM,,OK,ADD,,,1111.00,,1499.85,5,Metric Coarse,12.0 X 1.00*/1.25/1.50,Standard,1,verified,matched by v2; not previously seeded
HSS LH TAP 12 X 1.75 BOT TOTEM,OK,OK,KEEP,947.00,947,947.00,1278.45,1278.45,4,Metric Coarse,12.0 X 1.75,Standard,1,verified,
HSS LH TAP 12 X 1.75 SEC TOTEM,OK,OK,KEEP,947.00,947,947.00,1278.45,1278.45,4,Metric Coarse,12.0 X 1.75,Standard,1,verified,
HSS LH TAP 12 X 1.75 SET TOTEM,OK,OK,KEEP,947.00,947,947.00,3835.35,3835.35,4,Metric Coarse,12.0 X 1.75,Standard,3,verified,
HSS LH TAP 12 X 1.75 TPR TOTEM,OK,OK,KEEP,947.00,947,947.00,1278.45,1278.45,4,Metric Coarse,12.0 X 1.75,Standard,1,review,
HSS LH TAP 14 X 1.5 BOT TOTEM,OK,OK,KEEP,1381.00,1381,1381.00,1864.35,1864.35,5,Metric Coarse,14.0 X 1.50,Standard,1,verified,
HSS LH TAP 14 X 1.5 TPR TOTEM,OK,OK,KEEP,1381.00,1381,1381.00,1864.35,1864.35,5,Metric Coarse,14.0 X 1.50,Standard,1,review,
HSS LH TAP 14 X 2 BOT TOTEM,OK,OK,KEEP,1378.00,1378,1378.00,1860.30,1860.30,4,Metric Coarse,14.0 X 2.00,Standard,1,verified,
HSS LH TAP 16 X 1.5 BOT TOTEM,OK,OK,KEEP,1381.00,1381,1381.00,1864.35,1864.35,5,Metric Coarse,16.0 X 1.50,Standard,1,verified,
HSS LH TAP 16 X 1.5 TPR TOTEM,OK,OK,KEEP,1381.00,1381,1381.00,1864.35,1864.35,5,Metric Coarse,16.0 X 1.50,Standard,1,review,
HSS LH TAP 16 X 2 BOT TOTEM,OK,OK,KEEP,1378.00,1378,1378.00,1860.30,1860.30,4,Metric Coarse,16.0 X 2.00,Standard,1,verified,
HSS LH TAP 16 X 2 SEC TOTEM,OK,OK,KEEP,1378.00,1378,1378.00,1860.30,1860.30,4,Metric Coarse,16.0 X 2.00,Standard,1,verified,
HSS LH TAP 16 X 2 SET TOTEM,OK,OK,KEEP,1378.00,1378,1378.00,5580.90,5580.90,4,Metric Coarse,16.0 X 2.00,Standard,3,verified,
HSS LH TAP 16 X 2 TPR TOTEM,OK,WRONG_FAMILY_OR_ABSENT,DROP,1378.00,1378,,1860.30,,4,Metric Coarse,16.0 X 2.00,Standard,1,review,item absent from this project's stock_items
HSS LH TAP 16X2 TPR TOTEM,OK,OK,KEEP,1378.00,1378,1378.00,1860.30,1860.30,4,Metric Coarse,16.0 X 2.00,Standard,1,verified,
HSS LH TAP 18 X 1.5 BOT TOTEM,OK,OK,KEEP,2367.00,2367,2367.00,3195.45,3195.45,5,Metric Coarse,18.0 X 1.50,Standard,1,verified,
HSS LH TAP 18 X 2.5 BOT TOTEM,OK,OK,KEEP,2080.00,2080,2080.00,2808.00,2808.00,4,Metric Coarse,18.0 X 2.50,Standard,1,review,
HSS LH TAP 18 X 2.5 SEC TOTEM,OK,OK,KEEP,2080.00,2080,2080.00,2808.00,2808.00,4,Metric Coarse,18.0 X 2.50,Standard,1,review,
HSS LH TAP 18 X 2.5 SET TOTEM,OK,OK,KEEP,2080.00,2080,2080.00,8424.00,8424.00,4,Metric Coarse,18.0 X 2.50,Standard,3,review,
HSS LH TAP 20 X 1.5 BOT TOTEM,OK,OK,KEEP,2996.00,2996,2996.00,4044.60,4044.60,5,Metric Coarse,20.0 X 1.50,Standard,1,verified,
HSS LH TAP 20 X 1.5 TYPE C TOTEM,OK,OK,KEEP,2996.00,2996,2996.00,4044.60,4044.60,5,Metric Coarse,20.0 X 1.50,Standard,1,review,
HSS LH TAP 20 X 2.5 BOT TOTEM,OK,OK,KEEP,2652.00,2652,2652.00,3580.20,3580.20,4,Metric Coarse,20.0 X 2.50,Standard,1,verified,
HSS LH TAP 20 X 2.5 GOLD TOTEM,OK,OK,KEEP,3388.00,3388,3388.00,4573.80,4573.80,9,Metric Coarse,20.0 X 2.50,STD GOLD,1,review,
HSS LH TAP 20 X 2.5 SEC TOTEM,OK,OK,KEEP,2652.00,2652,2652.00,3580.20,3580.20,4,Metric Coarse,20.0 X 2.50,Standard,1,review,
HSS LH TAP 20 X 2.5 SET TOTEM,OK,OK,KEEP,2652.00,2652,2652.00,10740.60,10740.60,4,Metric Coarse,20.0 X 2.50,Standard,3,verified,
HSS LH TAP 20 X 2.5 TOTEM,OK,OK,KEEP,2652.00,2652,2652.00,3580.20,3580.20,4,Metric Coarse,20.0 X 2.50,Standard,1,review,
HSS LH TAP 20 X 2.5 TPR TOTEM,OK,OK,KEEP,2652.00,2652,2652.00,3580.20,3580.20,4,Metric Coarse,20.0 X 2.50,Standard,1,verified,
HSS LH TAP 22 X 2.5 GOLD TOTEM,OK,OK,KEEP,3293.00,3293,3293.00,4445.55,4445.55,9,Metric Coarse,22.0 X 2.50,STD GOLD,1,review,
HSS LH TAP 24 X 1.5 BOT TOTEM,OK,OK,KEEP,3573.00,3573,3573.00,4823.55,4823.55,5,Metric Coarse,24.0 X 1.50,Standard,1,verified,
HSS LH TAP 24 X 1.5 SEC TOTEM,OK,OK,KEEP,3573.00,3573,3573.00,4823.55,4823.55,5,Metric Coarse,24.0 X 1.50,Standard,1,review,
HSS LH TAP 24 X 2 BOT TOTEM,OK,OK,KEEP,3554.00,3554,3554.00,4797.90,4797.90,5,Metric Coarse,24.0 X 2.00,Standard,1,review,
HSS LH TAP 24 X 2 PAIR TOTEM,OK,OK,KEEP,3554.00,3554,3554.00,9595.80,9595.80,5,Metric Coarse,24.0 X 2.00,Standard,2,verified,
HSS LH TAP 24 X 3 BOT TOTEM,OK,OK,KEEP,3167.00,3167,3167.00,4275.45,4275.45,4,Metric Coarse,24.0 X 3.00,Standard,1,verified,
HSS LH TAP 24 X 3 GOLD TOTEM,OK,OK,KEEP,3719.00,3719,3719.00,5020.65,5020.65,9,Metric Coarse,24.0 X 3.00,STD GOLD,1,review,
HSS LH TAP 24 X 3 SEC TOTEM,OK,OK,KEEP,3167.00,3167,3167.00,4275.45,4275.45,4,Metric Coarse,24.0 X 3.00,Standard,1,review,
HSS LH TAP 24 X 3 SET TOTEM,OK,OK,KEEP,3167.00,3167,3167.00,12826.35,12826.35,4,Metric Coarse,24.0 X 3.00,Standard,3,review,
HSS LH TAP 24 X 3 TPR TOTEM,OK,OK,KEEP,3167.00,3167,3167.00,4275.45,4275.45,4,Metric Coarse,24.0 X 3.00,Standard,1,verified,
HSS LH TAP 27 X 3 GOLD TOTEM,OK,OK,KEEP,5425.00,5425,5425.00,7323.75,7323.75,9,Metric Coarse,27.0 X 3.00,STD GOLD,1,review,
HSS LH TAP 27 X 3 SEC TOTEM,OK,OK,KEEP,4795.00,4795,4795.00,6473.25,6473.25,4,Metric Coarse,27.0 X 3.00,Standard,1,review,
HSS LH TAP 27X3 TPR TOTEM,OK,WRONG_FAMILY_OR_ABSENT,DROP,4795.00,4795,,6473.25,,4,Metric Coarse,27.0 X 3.00,Standard,1,review,item absent from this project's stock_items
HSS LH TAP 3 X .5 BOT TOTEM,OK,OK,KEEP,390.00,390,390.00,526.50,526.50,4,Metric Coarse,3.0 X 0.50,Standard,1,review,
"HSS LH TAP 3/8"" BSW BOT TOTEM",OK,OK,KEEP,585.00,585,585.00,789.75,789.75,3,BSW/BSF,3/8,Standard,1,review,
HSS LH TAP 30 X 2 BOT TOTEM,,OK,ADD,,,6002.00,,8102.70,5,Metric Coarse,30.0 X 1.50/2.00*,Standard,1,review,matched by v2; not previously seeded
HSS LH TAP 30 X 2 TPR TOTEM,,OK,ADD,,,6002.00,,8102.70,5,Metric Coarse,30.0 X 1.50/2.00*,Standard,1,review,matched by v2; not previously seeded
HSS LH TAP 30 X 3.5 BOT TOTEM,OK,OK,KEEP,5360.00,5360,5360.00,7236.00,7236.00,4,Metric Coarse,30.0 X 3.50,Standard,1,verified,
HSS LH TAP 30 X 3.5 GOLD TOTEM,OK,OK,KEEP,6012.00,6012,6012.00,8116.20,8116.20,9,Metric Coarse,30.0 X 3.50,STD GOLD,1,review,
HSS LH TAP 30 X 3.5 SEC TOTEM,OK,OK,KEEP,5360.00,5360,5360.00,7236.00,7236.00,4,Metric Coarse,30.0 X 3.50,Standard,1,review,
HSS LH TAP 30 X 3.5 SET GOLD TOTEM,OK,OK,KEEP,6012.00,6012,6012.00,24348.60,24348.60,9,Metric Coarse,30.0 X 3.50,STD GOLD,3,review,
HSS LH TAP 30 X 3.5 TPR TOTEM,OK,OK,KEEP,5360.00,5360,5360.00,7236.00,7236.00,4,Metric Coarse,30.0 X 3.50,Standard,1,verified,
HSS LH TAP 4 X .7 BOT TOTEM,OK,OK,KEEP,390.00,390,390.00,526.50,526.50,4,Metric Coarse,4.0 X 0.70,Standard,1,review,
HSS LH TAP 4 X .7 SET TOTEM,OK,OK,KEEP,390.00,390,390.00,1579.50,1579.50,4,Metric Coarse,4.0 X 0.70,Standard,3,review,
HSS LH TAP 5 X .8 BOT TOTEM,OK,OK,KEEP,419.00,419,419.00,565.65,565.65,4,Metric Coarse,5.0 X 0.80,Standard,1,review,
HSS LH TAP 5 X .8 SET TOTEM,OK,OK,KEEP,419.00,419,419.00,1696.95,1696.95,4,Metric Coarse,5.0 X 0.80,Standard,3,review,
HSS LH TAP 6 X 1 BOT TOTEM,OK,OK,KEEP,419.00,419,419.00,565.65,565.65,4,Metric Coarse,6.0 X 1.00,Standard,1,verified,
HSS LH TAP 6 X 1 SEC TOTEM,OK,OK,KEEP,419.00,419,419.00,565.65,565.65,4,Metric Coarse,6.0 X 1.00,Standard,1,review,
HSS LH TAP 6 X 1 SET TOTEM,OK,OK,KEEP,419.00,419,419.00,1696.95,1696.95,4,Metric Coarse,6.0 X 1.00,Standard,3,verified,
HSS LH TAP 6 X 1 SPPT TOTEM,OK,OK,KEEP,518.00,518,518.00,699.30,699.30,4,Metric Coarse,6.0 X 1.00,SPPT,1,review,
HSS LH TAP 8 X 1.25 BOT TOTEM,OK,OK,KEEP,504.00,504,504.00,680.40,680.40,4,Metric Coarse,8.0 X 1.25,Standard,1,verified,
HSS LH TAP 8 X 1.25 SET TOTEM,OK,OK,KEEP,504.00,504,504.00,2041.20,2041.20,4,Metric Coarse,8.0 X 1.25,Standard,3,verified,
HSS LH TAP 8 X 1.25 SPFL TOTEM,OK,OK,KEEP,504.00,504,504.00,680.40,680.40,4,Metric Coarse,8.0 X 1.25,Standard,1,review,
HSS LONG LH TAP 14 X 1.5 TYPE C TOTEM,OK,OK,KEEP,1381.00,1381,1381.00,1864.35,1864.35,5,Metric Coarse,14.0 X 1.50,Standard,1,review,
HSS LONG LH TAP 16 X 1.5 TYPE C TOTEM,OK,OK,KEEP,1381.00,1381,1381.00,1864.35,1864.35,5,Metric Coarse,16.0 X 1.50,Standard,1,review,
HSS LONG LH TAP 18 X 1.5 TYPE C TOTEM,OK,OK,KEEP,2367.00,2367,2367.00,3195.45,3195.45,5,Metric Coarse,18.0 X 1.50,Standard,1,review,
HSS LONG LH TAP 20 X 1.5 TYPE C TOTEM,OK,WRONG_FAMILY_OR_ABSENT,DROP,2996.00,2996,,4044.60,,5,Metric Coarse,20.0 X 1.50,Standard,1,review,item absent from this project's stock_items
HSS LONG LH TAP 22 X 2.5 TYPE C TOTEM,OK,OK,KEEP,2843.00,2843,2843.00,3838.05,3838.05,4,Metric Coarse,22.0 X 2.50,Standard,1,review,
HSS LONG LH TAP 24 X 3 TYPE C TOTEM,OK,OK,KEEP,3167.00,3167,3167.00,4275.45,4275.45,4,Metric Coarse,24.0 X 3.00,Standard,1,review,
HSS LONG LH TAP 27 X 3 TYPE C TOTEM,OK,OK,KEEP,4795.00,4795,4795.00,6473.25,6473.25,4,Metric Coarse,27.0 X 3.00,Standard,1,review,
"HSS LONG TAP 1/8"" BSP TOTEM",OK,OK,KEEP,671.00,671,671.00,671.00,671.00,3,BSP,1/8,Standard,1,review,
HSS LONG TAP 10 X 1 TYPE C TOTEM,OK,OK,KEEP,678.00,678,678.00,678.00,678.00,5,Metric Coarse,10.0 X 1.00/1.25,Standard,1,review,
HSS LONG TAP 10 X 1.25 TYPE B TOTEM,,OK,ADD,,,678.00,,678.00,5,Metric Coarse,10.0 X 1.00/1.25,Standard,1,review,matched by v2; not previously seeded
HSS LONG TAP 10 X 1.25 TYPE C GOLD TOTEM,,OK,ADD,,,902.00,,902.00,10,Metric Coarse,10.0 X 1.00/1.25,STD GOLD,1,review,matched by v2; not previously seeded
HSS LONG TAP 10 X 1.25 TYPE C TOTEM,,OK,ADD,,,678.00,,678.00,5,Metric Coarse,10.0 X 1.00/1.25,Standard,1,review,matched by v2; not previously seeded
HSS LONG TAP 10 X 1.5 SC4 TOTEM,OK,WRONG_FAMILY_OR_ABSENT,DROP,609.00,609,,609.00,,4,Metric Coarse,10.0 X 1.50,Standard,1,review,item absent from this project's stock_items
HSS LONG TAP 10 X 1.5 TYPE B TOTEM,OK,OK,KEEP,609.00,609,609.00,609.00,609.00,4,Metric Coarse,10.0 X 1.50,Standard,1,review,
HSS LONG TAP 10 X 1.5 TYPE C TOTEM,OK,OK,KEEP,609.00,609,609.00,609.00,609.00,4,Metric Coarse,10.0 X 1.50,Standard,1,review,
HSS LONG TAP 12 X 1 TYPE C TOTEM,OK,OK,KEEP,1111.00,1111,1111.00,1111.00,1111.00,5,Metric Coarse,12.0 X 1.00/1.25/1.50,Standard,1,review,
HSS LONG TAP 12 X 1.25 TYPE C TOTEM,,OK,ADD,,,1111.00,,1111.00,5,Metric Coarse,12.0 X 1.00*/1.25/1.50,Standard,1,review,matched by v2; not previously seeded
HSS LONG TAP 12 X 1.5 TYPE C TOTEM,,OK,ADD,,,1111.00,,1111.00,5,Metric Coarse,12.0 X 1.00*/1.25/1.50,Standard,1,review,matched by v2; not previously seeded
HSS LONG TAP 12 X 1.75 SC4 TOTEM,OK,WRONG_FAMILY_OR_ABSENT,DROP,947.00,947,,947.00,,4,Metric Coarse,12.0 X 1.75,Standard,1,review,"Silver Cut grade SC4: p12-28, not matched yet"
HSS LONG TAP 12 X 1.75 TYPE B TOTEM,OK,OK,KEEP,947.00,947,947.00,947.00,947.00,4,Metric Coarse,12.0 X 1.75,Standard,1,review,
HSS LONG TAP 12 X 1.75 TYPE C TOTEM,OK,OK,KEEP,947.00,947,947.00,947.00,947.00,4,Metric Coarse,12.0 X 1.75,Standard,1,review,
HSS LONG TAP 14 X 1.5 SC4 TOTEM,OK,WRONG_FAMILY_OR_ABSENT,DROP,1381.00,1381,,1381.00,,5,Metric Coarse,14.0 X 1.50,Standard,1,review,item absent from this project's stock_items
HSS LONG TAP 14 X 1.5 TYPE C TOTEM,OK,OK,KEEP,1381.00,1381,1381.00,1381.00,1381.00,5,Metric Coarse,14.0 X 1.50,Standard,1,review,
HSS LONG TAP 14 X 2 TYPE C TOTEM,OK,OK,KEEP,1378.00,1378,1378.00,1378.00,1378.00,4,Metric Coarse,14.0 X 2.00,Standard,1,review,
HSS LONG TAP 14 X 2 TYPR C TOTEM,OK,OK,KEEP,1378.00,1378,1378.00,1378.00,1378.00,4,Metric Coarse,14.0 X 2.00,Standard,1,review,
HSS LONG TAP 16 X 1 TYPE C TOTEM,OK,OK,KEEP,1426.00,1426,1426.00,1426.00,1426.00,5,Metric Coarse,16.0 X 1.00,Standard,1,review,
HSS LONG TAP 16 X 1.5 TYPE C TOTEM,OK,OK,KEEP,1381.00,1381,1381.00,1381.00,1381.00,5,Metric Coarse,16.0 X 1.50,Standard,1,review,
HSS LONG TAP 16 X 2 TYPE C TOTEM,OK,OK,KEEP,1378.00,1378,1378.00,1378.00,1378.00,4,Metric Coarse,16.0 X 2.00,Standard,1,review,
HSS LONG TAP 18 X 1.5 TYPE C TOTEM,OK,OK,KEEP,2367.00,2367,2367.00,2367.00,2367.00,5,Metric Coarse,18.0 X 1.50,Standard,1,review,
HSS LONG TAP 20 X 1.5 TYPE C TOTEM,OK,OK,KEEP,2996.00,2996,2996.00,2996.00,2996.00,5,Metric Coarse,20.0 X 1.50,Standard,1,review,
HSS LONG TAP 20 X 2.5 TYPE C TOTEM,OK,OK,KEEP,2652.00,2652,2652.00,2652.00,2652.00,4,Metric Coarse,20.0 X 2.50,Standard,1,review,
HSS LONG TAP 22 X 1.5 TYPE C TOTEM,OK,OK,KEEP,3264.00,3264,3264.00,3264.00,3264.00,5,Metric Coarse,22.0 X 1.50,Standard,1,review,
HSS LONG TAP 22 X 2.5 TYPE C TOTEM,OK,OK,KEEP,2843.00,2843,2843.00,2843.00,2843.00,4,Metric Coarse,22.0 X 2.50,Standard,1,review,
HSS LONG TAP 24 X 1.5 TYPE C TOTEM,OK,OK,KEEP,3573.00,3573,3573.00,3573.00,3573.00,5,Metric Coarse,24.0 X 1.50,Standard,1,review,
HSS LONG TAP 24 X 3 TYPE C TOTEM,OK,OK,KEEP,3167.00,3167,3167.00,3167.00,3167.00,4,Metric Coarse,24.0 X 3.00,Standard,1,review,
HSS LONG TAP 27 X 3 TYPE C TOTEM,OK,OK,KEEP,4795.00,4795,4795.00,4795.00,4795.00,4,Metric Coarse,27.0 X 3.00,Standard,1,review,
HSS LONG TAP 3 X .5 TYPE C TOTEM,OK,OK,KEEP,390.00,390,390.00,390.00,390.00,4,Metric Coarse,3.0 X 0.50,Standard,1,review,
HSS LONG TAP 3.5 X .6 TYPE C TOTEM,OK,OK,KEEP,390.00,390,390.00,390.00,390.00,4,Metric Coarse,3.5 X 0.60,Standard,1,review,
HSS LONG TAP 30 X 1.5 TYPE C TOTEM,OK,OK,KEEP,6002.00,6002,6002.00,6002.00,6002.00,5,Metric Coarse,30.0 X 1.50/2.00,Standard,1,review,
HSS LONG TAP 30 X 2 TYPE C TOTEM,,OK,ADD,,,6002.00,,6002.00,5,Metric Coarse,30.0 X 1.50/2.00*,Standard,1,review,matched by v2; not previously seeded
HSS LONG TAP 30 X 3.5 TYPE C TOTEM,OK,OK,KEEP,5360.00,5360,5360.00,5360.00,5360.00,4,Metric Coarse,30.0 X 3.50,Standard,1,review,
HSS LONG TAP 36 X 1.5 TYPE C TOTEM,OK,OK,KEEP,10167.00,10167,10167.00,10167.00,10167.00,5,Metric Coarse,36.0 X 1.50/2.50/3.00,Standard,1,review,
HSS LONG TAP 4 X .7 TYPE C TOTEM,OK,OK,KEEP,390.00,390,390.00,390.00,390.00,4,Metric Coarse,4.0 X 0.70,Standard,1,review,
HSS LONG TAP 5 X .8 TYPE C GOLD TOTEM,OK,OK,KEEP,510.00,510,510.00,510.00,510.00,9,Metric Coarse,5.0 X 0.80,STD GOLD,1,review,
HSS LONG TAP 5 X .8 TYPE C TOTEM,OK,OK,KEEP,419.00,419,419.00,419.00,419.00,4,Metric Coarse,5.0 X 0.80,Standard,1,review,
HSS LONG TAP 5 X. 8 TYPE B TOTEM,,OK,ADD,,,419.00,,419.00,4,Metric Coarse,5.0 X 0.80,Standard,1,review,matched by v2; not previously seeded
HSS LONG TAP 6 X .75 TYPE C TOTEM,OK,OK,KEEP,570.00,570,570.00,570.00,570.00,5,Metric Coarse,6.0 X 0.75,Standard,1,review,
HSS LONG TAP 6 X 1 6G TYPE C GOLD TOTEM,OK,OK,KEEP,510.00,510,510.00,510.00,510.00,9,Metric Coarse,6.0 X 1.00,STD GOLD,1,review,
HSS LONG TAP 6 X 1 SC4 TOTEM,OK,WRONG_FAMILY_OR_ABSENT,DROP,419.00,419,,419.00,,4,Metric Coarse,6.0 X 1.00,Standard,1,review,"Silver Cut grade SC4: p12-28, not matched yet"
HSS LONG TAP 6 X 1 TYPE B TOTEM,OK,OK,KEEP,419.00,419,419.00,419.00,419.00,4,Metric Coarse,6.0 X 1.00,Standard,1,review,
HSS LONG TAP 6 X 1 TYPE C GOLD TOTEM,OK,WRONG_FAMILY_OR_ABSENT,DROP,510.00,510,,510.00,,9,Metric Coarse,6.0 X 1.00,STD GOLD,1,review,item absent from this project's stock_items
HSS LONG TAP 6 X 1 TYPE C TOTEM,OK,OK,KEEP,419.00,419,419.00,419.00,419.00,4,Metric Coarse,6.0 X 1.00,Standard,1,review,
HSS LONG TAP 7 X 1 TYPE C TOTEM,OK,OK,KEEP,535.00,535,535.00,535.00,535.00,4,Metric Coarse,7.0 X 1.00,Standard,1,review,
HSS LONG TAP 8 X 1 TYPE C TOTEM,OK,OK,KEEP,597.00,597,597.00,597.00,597.00,5,Metric Coarse,8.0 X 1.00,Standard,1,review,
HSS LONG TAP 8 X 1.25 SC4 TOTEM,OK,WRONG_FAMILY_OR_ABSENT,DROP,504.00,504,,504.00,,4,Metric Coarse,8.0 X 1.25,Standard,1,review,"Silver Cut grade SC4: p12-28, not matched yet"
HSS LONG TAP 8 X 1.25 TYPE B TOTEM,OK,OK,KEEP,504.00,504,504.00,504.00,504.00,4,Metric Coarse,8.0 X 1.25,Standard,1,review,
HSS LONG TAP 8 X 1.25 TYPE C GOLD TOTEM,OK,OK,KEEP,575.00,575,575.00,575.00,575.00,9,Metric Coarse,8.0 X 1.25,STD GOLD,1,review,
HSS LONG TAP 8 X 1.25 TYPE C TOTEM,OK,OK,KEEP,504.00,504,504.00,504.00,504.00,4,Metric Coarse,8.0 X 1.25,Standard,1,review,
HSS TAP  6 X 1 6G BOT TOTEM,OK,OK,KEEP,419.00,419,419.00,419.00,419.00,4,Metric Coarse,6.0 X 1.00,Standard,1,review,
HSS TAP 0 BA BOT TOTEM,OK,WRONG_FAMILY_OR_ABSENT,DROP,507.00,507,,507.00,,3,BA,0,Standard,1,review,item absent from this project's stock_items
HSS TAP 1 BA BOT TOTEM,OK,OK,KEEP,507.00,507,507.00,507.00,507.00,3,BA,1,Standard,1,verified,
HSS TAP 1 BA SPIREX GOLD TOTEM,OK,WRONG_FAMILY_OR_ABSENT,DROP,507.00,507,,507.00,,3,BA,1,Standard,1,review,"SPIREX: page 11 HSSE grid, not matched yet"
"HSS TAP 1"" BSF BOT TOTEM",OK,OK,KEEP,3622.00,3622,3622.00,3622.00,3622.00,3,BSW/BSF,"1""",Standard,1,review,
"HSS TAP 1"" BSF SET TOTEM",OK,OK,KEEP,3622.00,3622,3622.00,10866.00,10866.00,3,BSW/BSF,"1""",Standard,3,review,
"HSS TAP 1"" BSP BOT TOTEM",OK,OK,KEEP,5257.00,5257,5257.00,5257.00,5257.00,3,BSP,"1""",Standard,1,verified,
"HSS TAP 1"" BSP PAIR  TOTEM",OK,OK,KEEP,5257.00,5257,5257.00,10514.00,10514.00,3,BSP,"1""",Standard,2,verified,
"HSS TAP 1"" BSP TPR TOTEM",OK,WRONG_FAMILY_OR_ABSENT,DROP,5257.00,5257,,5257.00,,3,BSP,"1""",Standard,1,verified,item absent from this project's stock_items
"HSS TAP 1"" BSPT BOT TOTEM",OK,OK,KEEP,7034.00,7034,7034.00,7034.00,7034.00,3,BSPT,"1""",Standard,1,verified,
"HSS TAP 1"" BSPT PAIR TOTEM",OK,OK,KEEP,7034.00,7034,7034.00,14068.00,14068.00,3,BSPT,"1""",Standard,2,review,
"HSS TAP 1"" BSW BOT TOTEM",OK,OK,KEEP,3622.00,3622,3622.00,3622.00,3622.00,3,BSW/BSF,"1""",Standard,1,verified,
"HSS TAP 1"" BSW SEC TOTEM",OK,OK,KEEP,3622.00,3622,3622.00,3622.00,3622.00,3,BSW/BSF,"1""",Standard,1,verified,
"HSS TAP 1"" BSW SET TOTEM",OK,OK,KEEP,3622.00,3622,3622.00,10866.00,10866.00,3,BSW/BSF,"1""",Standard,3,verified,
"HSS TAP 1"" BSW TPR TOTEM",OK,WRONG_FAMILY_OR_ABSENT,DROP,3622.00,3622,,3622.00,,3,BSW/BSF,"1""",Standard,1,review,item absent from this project's stock_items
"HSS TAP 1"" NPT BOT TOTEM",OK,OK,KEEP,7206.00,7206,7206.00,7206.00,7206.00,3,NPT,"1""",Standard,1,verified,
"HSS TAP 1"" NPT PAIR TOTEM",OK,OK,KEEP,7206.00,7206,7206.00,14412.00,14412.00,3,NPT,"1""",Standard,2,verified,
"HSS TAP 1"" UNC BOT TOTEM",OK,OK,KEEP,3622.00,3622,3622.00,3622.00,3622.00,3,UNF/UNC,"1""",Standard,1,verified,
"HSS TAP 1"" UNC SEC TOTEM",OK,OK,KEEP,3622.00,3622,3622.00,3622.00,3622.00,3,UNF/UNC,"1""",Standard,1,review,
"HSS TAP 1"" UNC SERIAL FORM TOTEM",OK,WRONG_FAMILY_OR_ABSENT,DROP,3622.00,3622,,3622.00,,3,UNF/UNC,"1""",Standard,1,review,item absent from this project's stock_items
"HSS TAP 1"" UNC SET TOTEM",OK,OK,KEEP,3622.00,3622,3622.00,10866.00,10866.00,3,UNF/UNC,"1""",Standard,3,verified,
"HSS TAP 1"" UNC TOTEM",OK,OK,KEEP,3622.00,3622,3622.00,3622.00,3622.00,3,UNF/UNC,"1""",Standard,1,review,
"HSS TAP 1"" UNC TPR TOTEM",OK,OK,KEEP,3622.00,3622,3622.00,3622.00,3622.00,3,UNF/UNC,"1""",Standard,1,verified,
"HSS TAP 1"" UNF BOT TOTEM",OK,OK,KEEP,3622.00,3622,3622.00,3622.00,3622.00,3,UNF/UNC,"1""",Standard,1,review,
"HSS TAP 1"" UNF SEC TOTEM",OK,OK,KEEP,3622.00,3622,3622.00,3622.00,3622.00,3,UNF/UNC,"1""",Standard,1,verified,
"HSS TAP 1"" UNF TPR TOTEM",OK,OK,KEEP,3622.00,3622,3622.00,3622.00,3622.00,3,UNF/UNC,"1""",Standard,1,review,
"HSS TAP 1-1/2"" BSP BOT TOTEM",OK,OK,KEEP,9833.00,9833,9833.00,9833.00,9833.00,3,BSP,"1.1/2""",Standard,1,verified,
"HSS TAP 1-1/2"" BSP PAIR TOTEM",OK,OK,KEEP,9833.00,9833,9833.00,19666.00,19666.00,3,BSP,"1.1/2""",Standard,2,verified,
"HSS TAP 1-1/2"" BSP TPR TOTEM",OK,OK,KEEP,9833.00,9833,9833.00,9833.00,9833.00,3,BSP,"1.1/2""",Standard,1,verified,
"HSS TAP 1-1/2"" BSPT BOT TOTEM",OK,OK,KEEP,12303.00,12303,12303.00,12303.00,12303.00,3,BSPT,"1.1/2""",Standard,1,review,
"HSS TAP 1-1/2"" BSPT GOLD TOTEM",OK,WRONG_FAMILY_OR_ABSENT,DROP,13890.00,13890,,13890.00,,8,BSPT,"1.1/2""",STD GOLD,1,review,item absent from this project's stock_items
"HSS TAP 1-1/2"" BSPT PAIR TOTEM",OK,OK,KEEP,12303.00,12303,12303.00,24606.00,24606.00,3,BSPT,"1.1/2""",Standard,2,verified,
"HSS TAP 1-1/2"" BSW BOT TOTEM",OK,OK,KEEP,9089.00,9089,9089.00,9089.00,9089.00,3,BSW/BSF,"1.1/2""",Standard,1,review,
"HSS TAP 1-1/2"" BSW SEC TOTEM",OK,OK,KEEP,9089.00,9089,9089.00,9089.00,9089.00,3,BSW/BSF,"1.1/2""",Standard,1,verified,
"HSS TAP 1-1/2"" BSW SET TOTEM",OK,OK,KEEP,9089.00,9089,9089.00,27267.00,27267.00,3,BSW/BSF,"1.1/2""",Standard,3,review,
"HSS TAP 1-1/2"" BSW TPR TOTEM",OK,OK,KEEP,9089.00,9089,9089.00,9089.00,9089.00,3,BSW/BSF,"1.1/2""",Standard,1,review,
"HSS TAP 1-1/2"" NPT BOT TOTEM",OK,WRONG_FAMILY_OR_ABSENT,DROP,12760.00,12760,,12760.00,,3,NPT,"1.1/2""",Standard,1,verified,item absent from this project's stock_items
"HSS TAP 1-1/2"" NPT PAIR TOTEM",OK,OK,KEEP,12760.00,12760,12760.00,25520.00,25520.00,3,NPT,"1.1/2""",Standard,2,verified,
"HSS TAP 1-1/2"" NPT TPR TOTEM",OK,OK,KEEP,12760.00,12760,12760.00,12760.00,12760.00,3,NPT,"1.1/2""",Standard,1,review,
"HSS TAP 1-1/2"" UNC BOT TOTEM",OK,WRONG_FAMILY_OR_ABSENT,DROP,9089.00,9089,,9089.00,,3,UNF/UNC,"1.1/2""",Standard,1,verified,item absent from this project's stock_items
"HSS TAP 1-1/2"" UNC SBF2 LHRH OAL 180 TOTEM",OK,WRONG_FAMILY_OR_ABSENT,DROP,9089.00,9089,,9089.00,,3,UNF/UNC,"1.1/2""",Standard,1,review,"Silver Cut grade SBF2: p12-28, not matched yet"
"HSS TAP 1-1/2"" UNC SBF2 RHLH OAL 180 TOTEM",OK,WRONG_FAMILY_OR_ABSENT,DROP,9089.00,9089,,9089.00,,3,UNF/UNC,"1.1/2""",Standard,1,review,"Silver Cut grade SBF2: p12-28, not matched yet"
"HSS TAP 1-1/2"" UNC SEC TOTEM",OK,OK,KEEP,9089.00,9089,9089.00,9089.00,9089.00,3,UNF/UNC,"1.1/2""",Standard,1,verified,
"HSS TAP 1-1/2"" UNC SET TOTEM",OK,OK,KEEP,9089.00,9089,9089.00,27267.00,27267.00,3,UNF/UNC,"1.1/2""",Standard,3,review,
"HSS TAP 1-1/2"" UNC TPR TOTEM",OK,OK,KEEP,9089.00,9089,9089.00,9089.00,9089.00,3,UNF/UNC,"1.1/2""",Standard,1,verified,
"HSS TAP 1-1/2"" UNF BOT TOTEM",OK,OK,KEEP,9089.00,9089,9089.00,9089.00,9089.00,3,UNF/UNC,"1.1/2""",Standard,1,review,
"HSS TAP 1-1/4"" BSP BOT TOTEM",OK,OK,KEEP,7884.00,7884,7884.00,7884.00,7884.00,3,BSP,"1.1/4""",Standard,1,verified,
"HSS TAP 1-1/4"" BSP PAIR TOTEM",OK,OK,KEEP,7884.00,7884,7884.00,15768.00,15768.00,3,BSP,"1.1/4""",Standard,2,verified,
"HSS TAP 1-1/4"" BSP TPR TOTEM",OK,OK,KEEP,7884.00,7884,7884.00,7884.00,7884.00,3,BSP,"1.1/4""",Standard,1,verified,
"HSS TAP 1-1/4"" BSW BOT TOTEM",OK,OK,KEEP,5865.00,5865,5865.00,5865.00,5865.00,3,BSW/BSF,"1.1/4""",Standard,1,verified,
"HSS TAP 1-1/4"" BSW SEC TOTEM",OK,OK,KEEP,5865.00,5865,5865.00,5865.00,5865.00,3,BSW/BSF,"1.1/4""",Standard,1,verified,
"HSS TAP 1-1/4"" BSW SET TOTEM",OK,OK,KEEP,5865.00,5865,5865.00,17595.00,17595.00,3,BSW/BSF,"1.1/4""",Standard,3,verified,
"HSS TAP 1-1/4"" BSW TPR TOTEM",OK,OK,KEEP,5865.00,5865,5865.00,5865.00,5865.00,3,BSW/BSF,"1.1/4""",Standard,1,review,
"HSS TAP 1-1/4"" NPT BOT TOTEM",OK,OK,KEEP,10287.00,10287,10287.00,10287.00,10287.00,3,NPT,"1.1/4""",Standard,1,verified,
"HSS TAP 1-1/4"" NPT PAIR TOTEM",OK,OK,KEEP,10287.00,10287,10287.00,20574.00,20574.00,3,NPT,"1.1/4""",Standard,2,review,
"HSS TAP 1-1/4"" NPT TPR TOTEM",OK,OK,KEEP,10287.00,10287,10287.00,10287.00,10287.00,3,NPT,"1.1/4""",Standard,1,review,
"HSS TAP 1-1/4"" UNC BOT TOTEM",OK,OK,KEEP,5865.00,5865,5865.00,5865.00,5865.00,3,UNF/UNC,"1.1/4""",Standard,1,verified,
"HSS TAP 1-1/4"" UNC SEC TOTEM",OK,OK,KEEP,5865.00,5865,5865.00,5865.00,5865.00,3,UNF/UNC,"1.1/4""",Standard,1,verified,
"HSS TAP 1-1/4"" UNC SET TOTEM",OK,OK,KEEP,5865.00,5865,5865.00,17595.00,17595.00,3,UNF/UNC,"1.1/4""",Standard,3,review,
"HSS TAP 1-1/4"" UNC TPR TOTEM",OK,OK,KEEP,5865.00,5865,5865.00,5865.00,5865.00,3,UNF/UNC,"1.1/4""",Standard,1,verified,
"HSS TAP 1-1/4"" UNF BOT TOTEM",OK,OK,KEEP,5865.00,5865,5865.00,5865.00,5865.00,3,UNF/UNC,"1.1/4""",Standard,1,review,
"HSS TAP 1-1/8"" BSW BOT TOTEM",OK,OK,KEEP,4866.00,4866,4866.00,4866.00,4866.00,3,BSW/BSF,"1.1/8""",Standard,1,review,
"HSS TAP 1-1/8"" BSW SET TOTEM",OK,OK,KEEP,4866.00,4866,4866.00,14598.00,14598.00,3,BSW/BSF,"1.1/8""",Standard,3,verified,
"HSS TAP 1-1/8"" UNC BOT TOTEM",OK,OK,KEEP,4866.00,4866,4866.00,4866.00,4866.00,3,UNF/UNC,"1.1/8""",Standard,1,verified,
"HSS TAP 1-1/8"" UNC SEC TOTEM",OK,OK,KEEP,4866.00,4866,4866.00,4866.00,4866.00,3,UNF/UNC,"1.1/8""",Standard,1,review,
"HSS TAP 1-1/8"" UNC TPR TOTEM",OK,OK,KEEP,4866.00,4866,4866.00,4866.00,4866.00,3,UNF/UNC,"1.1/8""",Standard,1,verified,
HSS TAP 1-3/4 UNC BOT TOTEM,OK,OK,KEEP,12861.00,12861,12861.00,12861.00,12861.00,3,UNF/UNC,"1.3/4""",Standard,1,review,
"HSS TAP 1-3/4"" BSW BOT TOTEM",OK,OK,KEEP,12861.00,12861,12861.00,12861.00,12861.00,3,BSW/BSF,"1.3/4""",Standard,1,review,
"HSS TAP 1-3/4"" BSW SET TOTEM",OK,OK,KEEP,12861.00,12861,12861.00,38583.00,38583.00,3,BSW/BSF,"1.3/4""",Standard,3,review,
"HSS TAP 1-3/4"" BSW TPR TOTEM",OK,OK,KEEP,12861.00,12861,12861.00,12861.00,12861.00,3,BSW/BSF,"1.3/4""",Standard,1,review,
"HSS TAP 1-3/4"" UNC TPR TOTEM",OK,OK,KEEP,12861.00,12861,12861.00,12861.00,12861.00,3,UNF/UNC,"1.3/4""",Standard,1,review,
"HSS TAP 1-3/4"" UNF BOT TOTEM",OK,OK,KEEP,12861.00,12861,12861.00,12861.00,12861.00,3,UNF/UNC,"1.3/4""",Standard,1,verified,
HSS TAP 1-3/8 BSW SET TOTEM,OK,WRONG_FAMILY_OR_ABSENT,DROP,7563.00,7563,,22689.00,,3,BSW/BSF,"1.3/8""",Standard,3,review,item absent from this project's stock_items
"HSS TAP 1-3/8"" UNC SET TOTEM",OK,WRONG_FAMILY_OR_ABSENT,DROP,7563.00,7563,,22689.00,,3,UNF/UNC,"1.3/8""",Standard,3,review,item absent from this project's stock_items
"HSS TAP 1-5/8"" UNF BOT TOTEM",OK,OK,KEEP,10659.00,10659,10659.00,10659.00,10659.00,3,UNF/UNC,"1.5/8""",Standard,1,review,
HSS TAP 1.4 X .35 BOT TOTEM,OK,OK,KEEP,897.00,897,897.00,897.00,897.00,4,Metric Coarse,1.4 X 0.35,Standard,1,verified,
HSS TAP 1.4 X .35 SET TOTEM,OK,OK,KEEP,897.00,897,897.00,2691.00,2691.00,4,Metric Coarse,1.4 X 0.35,Standard,3,verified,
HSS TAP 1.6 X .35 BOT TOTEM,OK,OK,KEEP,897.00,897,897.00,897.00,897.00,4,Metric Coarse,1.6 X 0.35,Standard,1,review,
HSS TAP 1.6 X .35 SET TOTEM,OK,OK,KEEP,897.00,897,897.00,2691.00,2691.00,4,Metric Coarse,1.6 X 0.35,Standard,3,verified,
HSS TAP 1.8 X .35 BOT TOTEM,OK,OK,KEEP,897.00,897,897.00,897.00,897.00,4,Metric Coarse,1.8 X 0.35,Standard,1,review,
HSS TAP 1.8 X .35 SET TOTEM,OK,OK,KEEP,897.00,897,897.00,2691.00,2691.00,4,Metric Coarse,1.8 X 0.35,Standard,3,review,
HSS TAP 1.8 X .35 TPR TOTEM,OK,OK,KEEP,897.00,897,897.00,897.00,897.00,4,Metric Coarse,1.8 X 0.35,Standard,1,verified,
"HSS TAP 1/2"" BSB BOT TOTEM",OK,OK,KEEP,968.00,968,968.00,968.00,968.00,6,BSB,1/2,Standard,1,review,
"HSS TAP 1/2"" BSB SET TOTEM",OK,WRONG_FAMILY_OR_ABSENT,DROP,968.00,968,,2904.00,,6,BSB,1/2,Standard,3,review,item absent from this project's stock_items
"HSS TAP 1/2"" BSF SET TOTEM",OK,OK,KEEP,954.00,954,954.00,2862.00,2862.00,3,BSW/BSF,1/2,Standard,3,review,
"HSS TAP 1/2"" BSP BOT TOTEM",OK,OK,KEEP,2269.00,2269,2269.00,2269.00,2269.00,3,BSP,1/2,Standard,1,verified,
"HSS TAP 1/2"" BSP PAIR TOTEM",OK,OK,KEEP,2269.00,2269,2269.00,4538.00,4538.00,3,BSP,1/2,Standard,2,verified,
"HSS TAP 1/2"" BSP SEC TOTEM",OK,OK,KEEP,2269.00,2269,2269.00,2269.00,2269.00,3,BSP,1/2,Standard,1,verified,
"HSS TAP 1/2"" BSP TPR TOTEM",OK,OK,KEEP,2269.00,2269,2269.00,2269.00,2269.00,3,BSP,1/2,Standard,1,verified,
"HSS TAP 1/2"" BSPT BOT TOTEM",OK,OK,KEEP,3057.00,3057,3057.00,3057.00,3057.00,3,BSPT,1/2,Standard,1,review,
"HSS TAP 1/2"" BSPT PAIR TOTEM",OK,OK,KEEP,3057.00,3057,3057.00,6114.00,6114.00,3,BSPT,1/2,Standard,2,verified,
"HSS TAP 1/2"" BSW BOT TOTEM",OK,OK,KEEP,954.00,954,954.00,954.00,954.00,3,BSW/BSF,1/2,Standard,1,verified,
"HSS TAP 1/2"" BSW SEC TOTEM",OK,OK,KEEP,954.00,954,954.00,954.00,954.00,3,BSW/BSF,1/2,Standard,1,verified,
"HSS TAP 1/2"" BSW SET TOTEM",OK,OK,KEEP,954.00,954,954.00,2862.00,2862.00,3,BSW/BSF,1/2,Standard,3,verified,
"HSS TAP 1/2"" BSW SF SET TOTEM",OK,OK,KEEP,1000.00,1000,1000.00,3000.00,3000.00,3,BSW/BSF,1/2,SF/RS,3,verified,
"HSS TAP 1/2"" BSW TPR TOTEM",OK,OK,KEEP,954.00,954,954.00,954.00,954.00,3,BSW/BSF,1/2,Standard,1,verified,
"HSS TAP 1/2"" NPT BOT TOTEM",OK,OK,KEEP,3117.00,3117,3117.00,3117.00,3117.00,3,NPT,1/2,Standard,1,verified,
"HSS TAP 1/2"" NPT PAIR TOTEM",OK,OK,KEEP,3117.00,3117,3117.00,6234.00,6234.00,3,NPT,1/2,Standard,2,verified,
"HSS TAP 1/2"" NPT TPR TOTEM",OK,OK,KEEP,3117.00,3117,3117.00,3117.00,3117.00,3,NPT,1/2,Standard,1,verified,
"HSS TAP 1/2"" UNC BOT TOTEM",OK,OK,KEEP,954.00,954,954.00,954.00,954.00,3,UNF/UNC,1/2,Standard,1,verified,
"HSS TAP 1/2"" UNC SEC TOTEM",OK,OK,KEEP,954.00,954,954.00,954.00,954.00,3,UNF/UNC,1/2,Standard,1,review,
"HSS TAP 1/2"" UNC SET TOTEM",OK,OK,KEEP,954.00,954,954.00,2862.00,2862.00,3,UNF/UNC,1/2,Standard,3,verified,
"HSS TAP 1/2"" UNC TPR TOTEM",OK,OK,KEEP,954.00,954,954.00,954.00,954.00,3,UNF/UNC,1/2,Standard,1,review,
"HSS TAP 1/2"" UNF BOT TOTEM",OK,OK,KEEP,954.00,954,954.00,954.00,954.00,3,UNF/UNC,1/2,Standard,1,verified,
"HSS TAP 1/2"" UNF SEC TOTEM",OK,OK,KEEP,954.00,954,954.00,954.00,954.00,3,UNF/UNC,1/2,Standard,1,verified,
"HSS TAP 1/2"" UNF SET TOTEM",OK,OK,KEEP,954.00,954,954.00,2862.00,2862.00,3,UNF/UNC,1/2,Standard,3,verified,
"HSS TAP 1/4"" BSB BOT TOTEM",OK,OK,KEEP,417.00,417,417.00,417.00,417.00,6,BSB,1/4,Standard,1,review,
"HSS TAP 1/4"" BSF BOT TOTEM",OK,OK,KEEP,423.00,423,423.00,423.00,423.00,3,BSW/BSF,1/4,Standard,1,verified,
"HSS TAP 1/4"" BSF SEC TOTEM",OK,OK,KEEP,423.00,423,423.00,423.00,423.00,3,BSW/BSF,1/4,Standard,1,review,
"HSS TAP 1/4"" BSF SET TOTEM",OK,OK,KEEP,423.00,423,423.00,1269.00,1269.00,3,BSW/BSF,1/4,Standard,3,review,
"HSS TAP 1/4"" BSP BOT GOLD TOTEM",OK,OK,KEEP,1328.00,1328,1328.00,1328.00,1328.00,8,BSP,1/4,STD GOLD,1,review,
"HSS TAP 1/4"" BSP BOT TOTEM",OK,OK,KEEP,1023.00,1023,1023.00,1023.00,1023.00,3,BSP,1/4,Standard,1,verified,
"HSS TAP 1/4"" BSP PAIR TOTEM",OK,OK,KEEP,1023.00,1023,1023.00,2046.00,2046.00,3,BSP,1/4,Standard,2,verified,
"HSS TAP 1/4"" BSP TPR TOTEM",OK,OK,KEEP,1023.00,1023,1023.00,1023.00,1023.00,3,BSP,1/4,Standard,1,verified,
"HSS TAP 1/4"" BSPT BOT TOTEM",OK,OK,KEEP,1595.00,1595,1595.00,1595.00,1595.00,3,BSPT,1/4,Standard,1,verified,
"HSS TAP 1/4"" BSPT PAIR TOTEM",OK,OK,KEEP,1595.00,1595,1595.00,3190.00,3190.00,3,BSPT,1/4,Standard,2,verified,
"HSS TAP 1/4"" BSPT TPR TOTEM",OK,OK,KEEP,1595.00,1595,1595.00,1595.00,1595.00,3,BSPT,1/4,Standard,1,verified,
"HSS TAP 1/4"" BSW BOT TOTEM",OK,OK,KEEP,423.00,423,423.00,423.00,423.00,3,BSW/BSF,1/4,Standard,1,verified,
"HSS TAP 1/4"" BSW SEC MALE TOTEM",OK,WRONG_FAMILY_OR_ABSENT,DROP,423.00,423,,423.00,,3,BSW/BSF,1/4,Standard,1,review,item absent from this project's stock_items
"HSS TAP 1/4"" BSW SEC TOTEM",OK,OK,KEEP,423.00,423,423.00,423.00,423.00,3,BSW/BSF,1/4,Standard,1,verified,
"HSS TAP 1/4"" BSW SET TOTEM",OK,OK,KEEP,423.00,423,423.00,1269.00,1269.00,3,BSW/BSF,1/4,Standard,3,verified,
"HSS TAP 1/4"" BSW SF SET TOTEM",OK,OK,KEEP,447.00,447,447.00,1341.00,1341.00,3,BSW/BSF,1/4,SF/RS,3,review,
"HSS TAP 1/4"" BSW TPR TOTEM",OK,OK,KEEP,423.00,423,423.00,423.00,423.00,3,BSW/BSF,1/4,Standard,1,review,
"HSS TAP 1/4"" NPT BOT TOTEM",OK,OK,KEEP,1635.00,1635,1635.00,1635.00,1635.00,3,NPT,1/4,Standard,1,verified,
"HSS TAP 1/4"" NPT PAIR TOTEM",OK,OK,KEEP,1635.00,1635,1635.00,3270.00,3270.00,3,NPT,1/4,Standard,2,verified,
"HSS TAP 1/4"" UNC BOT TOTEM",OK,OK,KEEP,423.00,423,423.00,423.00,423.00,3,UNF/UNC,1/4,Standard,1,verified,
"HSS TAP 1/4"" UNC SEC TOTEM",OK,OK,KEEP,423.00,423,423.00,423.00,423.00,3,UNF/UNC,1/4,Standard,1,verified,
"HSS TAP 1/4"" UNC SET TOTEM",OK,OK,KEEP,423.00,423,423.00,1269.00,1269.00,3,UNF/UNC,1/4,Standard,3,verified,
"HSS TAP 1/4"" UNC TPR TOTEM",OK,OK,KEEP,423.00,423,423.00,423.00,423.00,3,UNF/UNC,1/4,Standard,1,review,
"HSS TAP 1/4"" UNF BOT TOTEM",OK,OK,KEEP,423.00,423,423.00,423.00,423.00,3,UNF/UNC,1/4,Standard,1,verified,
"HSS TAP 1/4"" UNF SEC TOTEM",OK,OK,KEEP,423.00,423,423.00,423.00,423.00,3,UNF/UNC,1/4,Standard,1,verified,
"HSS TAP 1/4"" UNF SET TOTEM",OK,OK,KEEP,423.00,423,423.00,1269.00,1269.00,3,UNF/UNC,1/4,Standard,3,verified,
"HSS TAP 1/4"" UNF SPPT TOTEM",OK,WRONG_FAMILY_OR_ABSENT,DROP,518.00,518,,518.00,,3,UNF/UNC,1/4,SPPT,1,review,item absent from this project's stock_items
"HSS TAP 1/4"" UNF TPR TOTEM",OK,OK,KEEP,423.00,423,423.00,423.00,423.00,3,UNF/UNC,1/4,Standard,1,verified,
"HSS TAP 1/8"" BSF BOT TOTEM",OK,OK,KEEP,407.00,407,407.00,407.00,407.00,3,BSW/BSF,1/8,Standard,1,review,
"HSS TAP 1/8"" BSP BOT TOTEM",OK,OK,KEEP,671.00,671,671.00,671.00,671.00,3,BSP,1/8,Standard,1,verified,
"HSS TAP 1/8"" BSP PAIR TOTEM",OK,OK,KEEP,671.00,671,671.00,1342.00,1342.00,3,BSP,1/8,Standard,2,verified,
"HSS TAP 1/8"" BSP TPR TOTEM",OK,OK,KEEP,671.00,671,671.00,671.00,671.00,3,BSP,1/8,Standard,1,verified,
"HSS TAP 1/8"" BSPT BOT TOTEM",OK,OK,KEEP,914.00,914,914.00,914.00,914.00,3,BSPT,1/8,Standard,1,verified,
"HSS TAP 1/8"" BSPT PAIR TOTEM",OK,OK,KEEP,914.00,914,914.00,1828.00,1828.00,3,BSPT,1/8,Standard,2,verified,
"HSS TAP 1/8"" BSPT TPR TOTEM",OK,OK,KEEP,914.00,914,914.00,914.00,914.00,3,BSPT,1/8,Standard,1,review,
"HSS TAP 1/8"" BSW BOT TOTEM",OK,OK,KEEP,407.00,407,407.00,407.00,407.00,3,BSW/BSF,1/8,Standard,1,verified,
"HSS TAP 1/8"" BSW SEC TOTEM",OK,OK,KEEP,407.00,407,407.00,407.00,407.00,3,BSW/BSF,1/8,Standard,1,review,
"HSS TAP 1/8"" BSW SET TOTEM",OK,OK,KEEP,407.00,407,407.00,1221.00,1221.00,3,BSW/BSF,1/8,Standard,3,verified,
"HSS TAP 1/8"" BSW TPR TOTEM",OK,OK,KEEP,407.00,407,407.00,407.00,407.00,3,BSW/BSF,1/8,Standard,1,review,
"HSS TAP 1/8"" NPT BOT TOTEM",OK,OK,KEEP,939.00,939,939.00,939.00,939.00,3,NPT,1/8,Standard,1,verified,
"HSS TAP 1/8"" NPT PAIR TOTEM",OK,OK,KEEP,939.00,939,939.00,1878.00,1878.00,3,NPT,1/8,Standard,2,verified,
HSS TAP 10 BA SET TOTEM,OK,OK,KEEP,953.00,953,953.00,2859.00,2859.00,3,BA,10,Standard,3,verified,
HSS TAP 10 UNC BOT TOTEM,OK,OK,KEEP,461.00,461,461.00,461.00,461.00,3,UNF/UNC,10,Standard,1,verified,
HSS TAP 10 UNC SEC TOTEM,OK,OK,KEEP,461.00,461,461.00,461.00,461.00,3,UNF/UNC,10,Standard,1,verified,
HSS TAP 10 UNC SET TOTEM,OK,OK,KEEP,461.00,461,461.00,1383.00,1383.00,3,UNF/UNC,10,Standard,3,verified,
HSS TAP 10 UNC TPR TOTEM,OK,OK,KEEP,461.00,461,461.00,461.00,461.00,3,UNF/UNC,10,Standard,1,review,
HSS TAP 10 UNF BOT TOTEM,OK,OK,KEEP,461.00,461,461.00,461.00,461.00,3,UNF/UNC,10,Standard,1,verified,
HSS TAP 10 UNF SEC TOTEM,OK,OK,KEEP,461.00,461,461.00,461.00,461.00,3,UNF/UNC,10,Standard,1,verified,
HSS TAP 10 UNF SET TOTEM,OK,OK,KEEP,461.00,461,461.00,1383.00,1383.00,3,UNF/UNC,10,Standard,3,verified,
HSS TAP 10 X 1 BOT TOTEM,OK,OK,KEEP,678.00,678,678.00,678.00,678.00,5,Metric Coarse,10.0 X 1.00/1.25,Standard,1,verified,
HSS TAP 10 X 1 PAIR TOTEM,OK,OK,KEEP,678.00,678,678.00,1356.00,1356.00,5,Metric Coarse,10.0 X 1.00/1.25,Standard,2,verified,
HSS TAP 10 X 1 SB3 TOTEM,OK,WRONG_FAMILY_OR_ABSENT,DROP,678.00,678,,678.00,,5,Metric Coarse,10.0 X 1.00/1.25,Standard,1,review,item absent from this project's stock_items
HSS TAP 10 X 1 SEC TOTEM,OK,OK,KEEP,678.00,678,678.00,678.00,678.00,5,Metric Coarse,10.0 X 1.00/1.25,Standard,1,verified,
HSS TAP 10 X 1 TPR TOTEM,OK,OK,KEEP,678.00,678,678.00,678.00,678.00,5,Metric Coarse,10.0 X 1.00/1.25,Standard,1,verified,
HSS TAP 10 X 1.25 6G SPPT GOLD TOTEM,,OK,ADD,,,1066.00,,1066.00,10,Metric Coarse,10.0 X 1.00/1.25,SPPT GOLD,1,review,matched by v2; not previously seeded
HSS TAP 10 X 1.25 BOT TOTEM,,OK,ADD,,,678.00,,678.00,5,Metric Coarse,10.0 X 1.00/1.25,Standard,1,verified,matched by v2; not previously seeded
HSS TAP 10 X 1.25 PAIR TOTEM,,OK,ADD,,,678.00,,1356.00,5,Metric Coarse,10.0 X 1.00/1.25,Standard,2,verified,matched by v2; not previously seeded
HSS TAP 10 X 1.25 SEC TOTEM,,OK,ADD,,,678.00,,678.00,5,Metric Coarse,10.0 X 1.00/1.25,Standard,1,verified,matched by v2; not previously seeded
HSS TAP 10 X 1.25 TPR TOTEM,,OK,ADD,,,678.00,,678.00,5,Metric Coarse,10.0 X 1.00/1.25,Standard,1,verified,matched by v2; not previously seeded
HSS TAP 10 X 1.5 6G SPPT GOLD TOTEM,OK,WRONG_FAMILY_OR_ABSENT,DROP,855.00,855,,855.00,,9,Metric Coarse,10.0 X 1.50,SPPT GOLD,1,review,item absent from this project's stock_items
HSS TAP 10 X 1.5 BOT TOTEM,OK,OK,KEEP,609.00,609,609.00,609.00,609.00,4,Metric Coarse,10.0 X 1.50,Standard,1,verified,
HSS TAP 10 X 1.5 S TOTEM,OK,WRONG_FAMILY_OR_ABSENT,DROP,609.00,609,,609.00,,4,Metric Coarse,10.0 X 1.50,Standard,1,review,item absent from this project's stock_items
HSS TAP 10 X 1.5 SEC TOTEM,OK,OK,KEEP,609.00,609,609.00,609.00,609.00,4,Metric Coarse,10.0 X 1.50,Standard,1,verified,
HSS TAP 10 X 1.5 SET GOLD TOTEM,OK,OK,KEEP,711.00,711,711.00,2133.00,2133.00,9,Metric Coarse,10.0 X 1.50,STD GOLD,3,review,
HSS TAP 10 X 1.5 SET TOTEM,OK,OK,KEEP,609.00,609,609.00,1827.00,1827.00,4,Metric Coarse,10.0 X 1.50,Standard,3,verified,
HSS TAP 10 X 1.5 SET XL GOLD TOTEM,OK,WRONG_FAMILY_OR_ABSENT,DROP,711.00,711,,2133.00,,9,Metric Coarse,10.0 X 1.50,STD GOLD,3,review,item absent from this project's stock_items
HSS TAP 10 X 1.5 SF SET GOLD TOTEM,OK,OK,KEEP,711.00,711,711.00,2133.00,2133.00,9,Metric Coarse,10.0 X 1.50,STD GOLD,3,review,
HSS TAP 10 X 1.5 SF SET TOTEM,OK,OK,KEEP,647.00,647,647.00,1941.00,1941.00,4,Metric Coarse,10.0 X 1.50,SF/RS,3,verified,
HSS TAP 10 X 1.5 SPPT GOLD TOTEM,OK,WRONG_FAMILY_OR_ABSENT,DROP,855.00,855,,855.00,,9,Metric Coarse,10.0 X 1.50,SPPT GOLD,1,review,item absent from this project's stock_items
HSS TAP 10 X 1.5 SPPT TOTEM,OK,OK,KEEP,747.00,747,747.00,747.00,747.00,4,Metric Coarse,10.0 X 1.50,SPPT,1,verified,
HSS TAP 10 X 1.5 TPR TOTEM,OK,OK,KEEP,609.00,609,609.00,609.00,609.00,4,Metric Coarse,10.0 X 1.50,Standard,1,verified,
HSS TAP 10BA BOT TOTEM,,OK,ADD,,,953.00,,953.00,3,BA,10,Standard,1,review,matched by v2; not previously seeded
HSS TAP 11 X 1 BOT TOTEM,OK,OK,KEEP,1196.00,1196,1196.00,1196.00,1196.00,5,Metric Coarse,11.0 X 1.00/1.25,Standard,1,verified,
HSS TAP 11 X 1 PAIR TOTEM,OK,OK,KEEP,1196.00,1196,1196.00,2392.00,2392.00,5,Metric Coarse,11.0 X 1.00/1.25,Standard,2,review,
HSS TAP 11 X 1 SEC TOTEM,OK,OK,KEEP,1196.00,1196,1196.00,1196.00,1196.00,5,Metric Coarse,11.0 X 1.00/1.25,Standard,1,review,
HSS TAP 11 X 1.25 BOT TOTEM,,OK,ADD,,,1196.00,,1196.00,5,Metric Coarse,11.0 X 1.00/1.25*,Standard,1,review,matched by v2; not previously seeded
HSS TAP 11 X 1.25 TPR TOTEM,,OK,ADD,,,1196.00,,1196.00,5,Metric Coarse,11.0 X 1.00/1.25*,Standard,1,verified,matched by v2; not previously seeded
HSS TAP 12 X  1.25 BOT TOTEM,,OK,ADD,,,1111.00,,1111.00,5,Metric Coarse,12.0 X 1.00*/1.25/1.50,Standard,1,verified,matched by v2; not previously seeded
HSS TAP 12 X 1 BOT TOTEM,OK,OK,KEEP,1111.00,1111,1111.00,1111.00,1111.00,5,Metric Coarse,12.0 X 1.00/1.25/1.50,Standard,1,verified,
HSS TAP 12 X 1 PAIR TOTEM,OK,OK,KEEP,1111.00,1111,1111.00,2222.00,2222.00,5,Metric Coarse,12.0 X 1.00/1.25/1.50,Standard,2,verified,
HSS TAP 12 X 1 SEC TOTEM,OK,OK,KEEP,1111.00,1111,1111.00,1111.00,1111.00,5,Metric Coarse,12.0 X 1.00/1.25/1.50,Standard,1,verified,
HSS TAP 12 X 1 TPR TOTEM,OK,OK,KEEP,1111.00,1111,1111.00,1111.00,1111.00,5,Metric Coarse,12.0 X 1.00/1.25/1.50,Standard,1,review,
HSS TAP 12 X 1.25 PAIR TOTEM,,OK,ADD,,,1111.00,,2222.00,5,Metric Coarse,12.0 X 1.00*/1.25/1.50,Standard,2,verified,matched by v2; not previously seeded
HSS TAP 12 X 1.25 SEC TOTEM,,OK,ADD,,,1111.00,,1111.00,5,Metric Coarse,12.0 X 1.00*/1.25/1.50,Standard,1,verified,matched by v2; not previously seeded
HSS TAP 12 X 1.25 TPR TOTEM,,OK,ADD,,,1111.00,,1111.00,5,Metric Coarse,12.0 X 1.00*/1.25/1.50,Standard,1,verified,matched by v2; not previously seeded
HSS TAP 12 X 1.5 BOT TOTEM,,OK,ADD,,,1111.00,,1111.00,5,Metric Coarse,12.0 X 1.00*/1.25/1.50,Standard,1,verified,matched by v2; not previously seeded
HSS TAP 12 X 1.5 PAIR TOTEM,,OK,ADD,,,1111.00,,2222.00,5,Metric Coarse,12.0 X 1.00*/1.25/1.50,Standard,2,verified,matched by v2; not previously seeded
HSS TAP 12 X 1.5 SEC TOTEM,,OK,ADD,,,1111.00,,1111.00,5,Metric Coarse,12.0 X 1.00*/1.25/1.50,Standard,1,verified,matched by v2; not previously seeded
HSS TAP 12 X 1.5 SPPT TOTEM,,OK,ADD,,,1256.00,,1256.00,5,Metric Coarse,12.0 X 1.00*/1.25/1.50,SPPT,1,verified,matched by v2; not previously seeded
HSS TAP 12 X 1.5 TPR TOTEM,,OK,ADD,,,1111.00,,1111.00,5,Metric Coarse,12.0 X 1.00*/1.25/1.50,Standard,1,verified,matched by v2; not previously seeded
HSS TAP 12 X 1.75  SPPT TOTEM,OK,OK,KEEP,1143.00,1143,1143.00,1143.00,1143.00,4,Metric Coarse,12.0 X 1.75,SPPT,1,verified,
HSS TAP 12 X 1.75 BOT TOTEM,OK,OK,KEEP,947.00,947,947.00,947.00,947.00,4,Metric Coarse,12.0 X 1.75,Standard,1,verified,
HSS TAP 12 X 1.75 SEC TOTEM,OK,OK,KEEP,947.00,947,947.00,947.00,947.00,4,Metric Coarse,12.0 X 1.75,Standard,1,verified,
HSS TAP 12 X 1.75 SERIAL FORM SET TOTEM,OK,OK,KEEP,947.00,947,947.00,2841.00,2841.00,4,Metric Coarse,12.0 X 1.75,Standard,3,review,
HSS TAP 12 X 1.75 SET TOTEM,OK,OK,KEEP,947.00,947,947.00,2841.00,2841.00,4,Metric Coarse,12.0 X 1.75,Standard,3,verified,
HSS TAP 12 X 1.75 SF SET TOTEM,OK,OK,KEEP,1000.00,1000,1000.00,3000.00,3000.00,4,Metric Coarse,12.0 X 1.75,SF/RS,3,verified,
HSS TAP 12 X 1.75 SPPT GOLD TOTEM,OK,WRONG_FAMILY_OR_ABSENT,DROP,1320.00,1320,,1320.00,,9,Metric Coarse,12.0 X 1.75,SPPT GOLD,1,review,item absent from this project's stock_items
HSS TAP 12 X 1.75 TPR TOTEM,OK,OK,KEEP,947.00,947,947.00,947.00,947.00,4,Metric Coarse,12.0 X 1.75,Standard,1,verified,
HSS TAP 14 X 1 BOT TOTEM,OK,OK,KEEP,1426.00,1426,1426.00,1426.00,1426.00,5,Metric Coarse,14.0 X 1.00,Standard,1,verified,
HSS TAP 14 X 1 PAIR TOTEM,OK,OK,KEEP,1426.00,1426,1426.00,2852.00,2852.00,5,Metric Coarse,14.0 X 1.00,Standard,2,verified,
HSS TAP 14 X 1.25 BOT TOTEM,OK,OK,KEEP,1456.00,1456,1456.00,1456.00,1456.00,5,Metric Coarse,14.0 X 1.25,Standard,1,verified,
HSS TAP 14 X 1.25 PAIR TOTEM,OK,OK,KEEP,1456.00,1456,1456.00,2912.00,2912.00,5,Metric Coarse,14.0 X 1.25,Standard,2,verified,
HSS TAP 14 X 1.25 SET TOTEM,OK,WRONG_FAMILY_OR_ABSENT,DROP,1456.00,1456,,4368.00,,5,Metric Coarse,14.0 X 1.25,Standard,3,verified,item absent from this project's stock_items
HSS TAP 14 X 1.25 TPR TOTEM,OK,WRONG_FAMILY_OR_ABSENT,DROP,1456.00,1456,,1456.00,,5,Metric Coarse,14.0 X 1.25,Standard,1,review,item absent from this project's stock_items
HSS TAP 14 X 1.5 BOT TOTEM,OK,OK,KEEP,1381.00,1381,1381.00,1381.00,1381.00,5,Metric Coarse,14.0 X 1.50,Standard,1,verified,
HSS TAP 14 X 1.5 PAIR TOTEM,OK,OK,KEEP,1381.00,1381,1381.00,2762.00,2762.00,5,Metric Coarse,14.0 X 1.50,Standard,2,verified,
HSS TAP 14 X 1.5 SEC TOTEM,OK,OK,KEEP,1381.00,1381,1381.00,1381.00,1381.00,5,Metric Coarse,14.0 X 1.50,Standard,1,verified,
HSS TAP 14 X 1.5 TPR TOTEM,OK,OK,KEEP,1381.00,1381,1381.00,1381.00,1381.00,5,Metric Coarse,14.0 X 1.50,Standard,1,verified,
HSS TAP 14 X 2 BOT TOTEM,OK,OK,KEEP,1378.00,1378,1378.00,1378.00,1378.00,4,Metric Coarse,14.0 X 2.00,Standard,1,verified,
HSS TAP 14 X 2 SEC TOTEM,OK,OK,KEEP,1378.00,1378,1378.00,1378.00,1378.00,4,Metric Coarse,14.0 X 2.00,Standard,1,verified,
HSS TAP 14 X 2 SET TOTEM,OK,OK,KEEP,1378.00,1378,1378.00,4134.00,4134.00,4,Metric Coarse,14.0 X 2.00,Standard,3,verified,
HSS TAP 14 X 2 SF SET TOTEM,OK,OK,KEEP,1453.00,1453,1453.00,4359.00,4359.00,4,Metric Coarse,14.0 X 2.00,SF/RS,3,verified,
HSS TAP 14 X 2 SPPT TOTEM,OK,OK,KEEP,1663.00,1663,1663.00,1663.00,1663.00,4,Metric Coarse,14.0 X 2.00,SPPT,1,verified,
HSS TAP 14 X 2 TPR TOTEM,OK,OK,KEEP,1378.00,1378,1378.00,1378.00,1378.00,4,Metric Coarse,14.0 X 2.00,Standard,1,verified,
HSS TAP 16 X 1 BOT TOTEM,OK,OK,KEEP,1426.00,1426,1426.00,1426.00,1426.00,5,Metric Coarse,16.0 X 1.00,Standard,1,verified,
HSS TAP 16 X 1 PAIR TOTEM,OK,OK,KEEP,1426.00,1426,1426.00,2852.00,2852.00,5,Metric Coarse,16.0 X 1.00,Standard,2,verified,
HSS TAP 16 X 1 SEC TOTEM,OK,OK,KEEP,1426.00,1426,1426.00,1426.00,1426.00,5,Metric Coarse,16.0 X 1.00,Standard,1,review,
HSS TAP 16 X 1 TPR TOTEM,OK,OK,KEEP,1426.00,1426,1426.00,1426.00,1426.00,5,Metric Coarse,16.0 X 1.00,Standard,1,review,
HSS TAP 16 X 1.5 BOT TOTEM,OK,OK,KEEP,1381.00,1381,1381.00,1381.00,1381.00,5,Metric Coarse,16.0 X 1.50,Standard,1,verified,
HSS TAP 16 X 1.5 PAIR TOTEM,OK,OK,KEEP,1381.00,1381,1381.00,2762.00,2762.00,5,Metric Coarse,16.0 X 1.50,Standard,2,verified,
HSS TAP 16 X 1.5 SEC TOTEM,OK,OK,KEEP,1381.00,1381,1381.00,1381.00,1381.00,5,Metric Coarse,16.0 X 1.50,Standard,1,verified,
HSS TAP 16 X 1.5 SET TOTEM,OK,OK,KEEP,1381.00,1381,1381.00,4143.00,4143.00,5,Metric Coarse,16.0 X 1.50,Standard,3,review,
HSS TAP 16 X 1.5 TPR TOTEM,OK,OK,KEEP,1381.00,1381,1381.00,1381.00,1381.00,5,Metric Coarse,16.0 X 1.50,Standard,1,verified,
HSS TAP 16 X 2 6G SPPT TOTEM,OK,OK,KEEP,1663.00,1663,1663.00,1663.00,1663.00,4,Metric Coarse,16.0 X 2.00,SPPT,1,review,
HSS TAP 16 X 2 BOT TOTEM,OK,OK,KEEP,1378.00,1378,1378.00,1378.00,1378.00,4,Metric Coarse,16.0 X 2.00,Standard,1,verified,
HSS TAP 16 X 2 GOLD TOTEM,OK,OK,KEEP,1442.00,1442,1442.00,1442.00,1442.00,9,Metric Coarse,16.0 X 2.00,STD GOLD,1,review,
HSS TAP 16 X 2 SEC TOTEM,OK,OK,KEEP,1378.00,1378,1378.00,1378.00,1378.00,4,Metric Coarse,16.0 X 2.00,Standard,1,verified,
HSS TAP 16 X 2 SET TOTEM,OK,OK,KEEP,1378.00,1378,1378.00,4134.00,4134.00,4,Metric Coarse,16.0 X 2.00,Standard,3,verified,
HSS TAP 16 X 2 SF SET TOTEM,OK,OK,KEEP,1453.00,1453,1453.00,4359.00,4359.00,4,Metric Coarse,16.0 X 2.00,SF/RS,3,verified,
HSS TAP 16 X 2 SPPT TOTEM,OK,OK,KEEP,1663.00,1663,1663.00,1663.00,1663.00,4,Metric Coarse,16.0 X 2.00,SPPT,1,verified,
HSS TAP 16 X 2 TPR TOTEM,OK,OK,KEEP,1378.00,1378,1378.00,1378.00,1378.00,4,Metric Coarse,16.0 X 2.00,Standard,1,verified,
HSS TAP 18 X 1 BOT TOTEM,OK,OK,KEEP,2594.00,2594,2594.00,2594.00,2594.00,5,Metric Coarse,18.0 X 1.00/2.00,Standard,1,verified,
HSS TAP 18 X 1 PAIR TOTEM,OK,OK,KEEP,2594.00,2594,2594.00,5188.00,5188.00,5,Metric Coarse,18.0 X 1.00/2.00,Standard,2,verified,
HSS TAP 18 X 1.5 BOT TOTEM,OK,OK,KEEP,2367.00,2367,2367.00,2367.00,2367.00,5,Metric Coarse,18.0 X 1.50,Standard,1,verified,
HSS TAP 18 X 1.5 PAIR TOTEM,OK,OK,KEEP,2367.00,2367,2367.00,4734.00,4734.00,5,Metric Coarse,18.0 X 1.50,Standard,2,verified,
HSS TAP 18 X 1.5 SEC TOTEM,OK,OK,KEEP,2367.00,2367,2367.00,2367.00,2367.00,5,Metric Coarse,18.0 X 1.50,Standard,1,verified,
HSS TAP 18 X 1.5 TPR TOTEM,OK,OK,KEEP,2367.00,2367,2367.00,2367.00,2367.00,5,Metric Coarse,18.0 X 1.50,Standard,1,verified,
HSS TAP 18 X 2 BOT TOTEM,,OK,ADD,,,2594.00,,2594.00,5,Metric Coarse,18.0 X 1.00/2.00*,Standard,1,verified,matched by v2; not previously seeded
HSS TAP 18 X 2 PAIR TOTEM,,OK,ADD,,,2594.00,,5188.00,5,Metric Coarse,18.0 X 1.00/2.00*,Standard,2,verified,matched by v2; not previously seeded
HSS TAP 18 X 2 SEC TOTEM,,OK,ADD,,,2594.00,,2594.00,5,Metric Coarse,18.0 X 1.00/2.00*,Standard,1,review,matched by v2; not previously seeded
HSS TAP 18 X 2.5 BOT TOTEM,OK,OK,KEEP,2080.00,2080,2080.00,2080.00,2080.00,4,Metric Coarse,18.0 X 2.50,Standard,1,verified,
HSS TAP 18 X 2.5 SEC TOTEM,OK,OK,KEEP,2080.00,2080,2080.00,2080.00,2080.00,4,Metric Coarse,18.0 X 2.50,Standard,1,verified,
HSS TAP 18 X 2.5 SET TOTEM,OK,OK,KEEP,2080.00,2080,2080.00,6240.00,6240.00,4,Metric Coarse,18.0 X 2.50,Standard,3,verified,
HSS TAP 18 X 2.5 SF SET TOTEM,OK,OK,KEEP,2181.00,2181,2181.00,6543.00,6543.00,4,Metric Coarse,18.0 X 2.50,SF/RS,3,review,
HSS TAP 18 X 2.5 TPR TOTEM,OK,OK,KEEP,2080.00,2080,2080.00,2080.00,2080.00,4,Metric Coarse,18.0 X 2.50,Standard,1,review,
HSS TAP 1BA SEC TOTEM,,OK,ADD,,,507.00,,507.00,3,BA,1,Standard,1,review,matched by v2; not previously seeded
HSS TAP 2 BA BOT TOTEM,OK,OK,KEEP,447.00,447,447.00,447.00,447.00,3,BA,2,Standard,1,verified,
HSS TAP 2 UNC BOT TOTEM,OK,WRONG_CELL,PRICE_CORRECTED,17866.00,17866,674.00,17866.00,674.00,3,UNF/UNC,"2""",Standard,1,review,v2 resolves this name to a different cell; see size_system
HSS TAP 2 UNF SET TOTEM,OK,WRONG_CELL,PRICE_CORRECTED,17866.00,17866,674.00,53598.00,2022.00,3,UNF/UNC,"2""",Standard,3,review,v2 resolves this name to a different cell; see size_system
HSS TAP 2 X .4 BOT TOTEM,OK,OK,KEEP,643.00,643,643.00,643.00,643.00,4,Metric Coarse,2.0 X 0.40,Standard,1,verified,
HSS TAP 2 X .4 SEC TOTEM,OK,OK,KEEP,643.00,643,643.00,643.00,643.00,4,Metric Coarse,2.0 X 0.40,Standard,1,verified,
HSS TAP 2 X .4 SET TOTEM,OK,OK,KEEP,643.00,643,643.00,1929.00,1929.00,4,Metric Coarse,2.0 X 0.40,Standard,3,verified,
HSS TAP 2 X .4 SPPT TOTEM,OK,OK,KEEP,760.00,760,760.00,760.00,760.00,4,Metric Coarse,2.0 X 0.40,SPPT,1,review,
HSS TAP 2 X .4 TPR TOTEM,OK,OK,KEEP,643.00,643,643.00,643.00,643.00,4,Metric Coarse,2.0 X 0.40,Standard,1,verified,
"HSS TAP 2"" BSP BOT TOTEM",OK,OK,KEEP,17648.00,17648,17648.00,17648.00,17648.00,3,BSP,"2""",Standard,1,verified,
"HSS TAP 2"" BSP PAIR TOTEM",OK,OK,KEEP,17648.00,17648,17648.00,35296.00,35296.00,3,BSP,"2""",Standard,2,verified,
"HSS TAP 2"" BSP TPR TOTEM",OK,OK,KEEP,17648.00,17648,17648.00,17648.00,17648.00,3,BSP,"2""",Standard,1,review,
"HSS TAP 2"" BSW BOT TOTEM",OK,OK,KEEP,17866.00,17866,17866.00,17866.00,17866.00,3,BSW/BSF,"2""",Standard,1,review,
"HSS TAP 2"" BSW SEC TOTEM",OK,OK,KEEP,17866.00,17866,17866.00,17866.00,17866.00,3,BSW/BSF,"2""",Standard,1,review,
"HSS TAP 2"" BSW SET TOTEM",OK,OK,KEEP,17866.00,17866,17866.00,53598.00,53598.00,3,BSW/BSF,"2""",Standard,3,review,
"HSS TAP 2"" BSW TPR TOTEM",OK,OK,KEEP,17866.00,17866,17866.00,17866.00,17866.00,3,BSW/BSF,"2""",Standard,1,review,
"HSS TAP 2"" NPT BOT TOTEM",OK,OK,KEEP,23056.00,23056,23056.00,23056.00,23056.00,3,NPT,"2""",Standard,1,verified,
"HSS TAP 2"" NPT TPR TOTEM",OK,WRONG_FAMILY_OR_ABSENT,DROP,23056.00,23056,,23056.00,,3,NPT,"2""",Standard,1,review,item absent from this project's stock_items
"HSS TAP 2"" UNC SET TOTEM",OK,OK,KEEP,17866.00,17866,17866.00,53598.00,53598.00,3,UNF/UNC,"2""",Standard,3,review,
"HSS TAP 2"" UNF SET TOTEM",OK,OK,KEEP,17866.00,17866,17866.00,53598.00,53598.00,3,UNF/UNC,"2""",Standard,3,review,
HSS TAP 2.2 X .45 BOT TOTEM,OK,OK,KEEP,643.00,643,643.00,643.00,643.00,4,Metric Coarse,2.2 X 0.45,Standard,1,verified,
HSS TAP 2.2 X .45 SEC TOTEM,OK,OK,KEEP,643.00,643,643.00,643.00,643.00,4,Metric Coarse,2.2 X 0.45,Standard,1,verified,
HSS TAP 2.2 X .45 SET TOTEM,OK,OK,KEEP,643.00,643,643.00,1929.00,1929.00,4,Metric Coarse,2.2 X 0.45,Standard,3,verified,
HSS TAP 2.2 X .45 SPPT TOTEM,OK,OK,KEEP,760.00,760,760.00,760.00,760.00,4,Metric Coarse,2.2 X 0.45,SPPT,1,review,
HSS TAP 2.2 X .45 TPR TOTEM,OK,OK,KEEP,643.00,643,643.00,643.00,643.00,4,Metric Coarse,2.2 X 0.45,Standard,1,verified,
HSS TAP 2.3 X .4 BOT TOTEM,OK,OK,KEEP,643.00,643,643.00,643.00,643.00,4,Metric Coarse,2.3 X 0.40,Standard,1,verified,
HSS TAP 2.3 X .4 SET TOTEM,OK,OK,KEEP,643.00,643,643.00,1929.00,1929.00,4,Metric Coarse,2.3 X 0.40,Standard,3,verified,
HSS TAP 2.5 X .45 SEC TOTEM,OK,OK,KEEP,643.00,643,643.00,643.00,643.00,4,Metric Coarse,2.5 X 0.45,Standard,1,verified,
HSS TAP 2.5 X .45 SET TOTEM,OK,OK,KEEP,643.00,643,643.00,1929.00,1929.00,4,Metric Coarse,2.5 X 0.45,Standard,3,verified,
HSS TAP 2.5 X .45 SPPT TOTEM,OK,OK,KEEP,760.00,760,760.00,760.00,760.00,4,Metric Coarse,2.5 X 0.45,SPPT,1,verified,
HSS TAP 2.5 X .45 TPR TOTEM,OK,OK,KEEP,643.00,643,643.00,643.00,643.00,4,Metric Coarse,2.5 X 0.45,Standard,1,verified,
HSS TAP 2.6 X .45 BOT TOTEM,OK,OK,KEEP,643.00,643,643.00,643.00,643.00,4,Metric Coarse,2.6 X 0.45,Standard,1,review,
HSS TAP 2.6 X .45 SEC TOTEM,OK,OK,KEEP,643.00,643,643.00,643.00,643.00,4,Metric Coarse,2.6 X 0.45,Standard,1,review,
HSS TAP 2.6 X .45 SET TOTEM,OK,OK,KEEP,643.00,643,643.00,1929.00,1929.00,4,Metric Coarse,2.6 X 0.45,Standard,3,review,
HSS TAP 2.6 X .45 SPPT TOTEM,OK,OK,KEEP,760.00,760,760.00,760.00,760.00,4,Metric Coarse,2.6 X 0.45,SPPT,1,review,
HSS TAP 2.6 X .45 TPR TOTEM,OK,OK,KEEP,643.00,643,643.00,643.00,643.00,4,Metric Coarse,2.6 X 0.45,Standard,1,review,
HSS TAP 20 X 1 BOT TOTEM,OK,OK,KEEP,2985.00,2985,2985.00,2985.00,2985.00,5,Metric Coarse,20.0 X 1.00/2.00,Standard,1,review,
HSS TAP 20 X 1 PAIR TOTEM,OK,OK,KEEP,2985.00,2985,2985.00,5970.00,5970.00,5,Metric Coarse,20.0 X 1.00/2.00,Standard,2,review,
HSS TAP 20 X 1 SEC TOTEM,OK,OK,KEEP,2985.00,2985,2985.00,2985.00,2985.00,5,Metric Coarse,20.0 X 1.00/2.00,Standard,1,review,
HSS TAP 20 X 1.5 BOT TOTEM,OK,OK,KEEP,2996.00,2996,2996.00,2996.00,2996.00,5,Metric Coarse,20.0 X 1.50,Standard,1,verified,
HSS TAP 20 X 1.5 PAIR TOTEM,OK,OK,KEEP,2996.00,2996,2996.00,5992.00,5992.00,5,Metric Coarse,20.0 X 1.50,Standard,2,verified,
HSS TAP 20 X 1.5 SEC TOTEM,OK,OK,KEEP,2996.00,2996,2996.00,2996.00,2996.00,5,Metric Coarse,20.0 X 1.50,Standard,1,verified,
HSS TAP 20 X 1.5 TPR TOTEM,OK,OK,KEEP,2996.00,2996,2996.00,2996.00,2996.00,5,Metric Coarse,20.0 X 1.50,Standard,1,verified,
HSS TAP 20 X 2 BOT TOTEM,,OK,ADD,,,2985.00,,2985.00,5,Metric Coarse,20.0 X 1.00/2.00*,Standard,1,verified,matched by v2; not previously seeded
HSS TAP 20 X 2 PAIR TOTEM,,OK,ADD,,,2985.00,,5970.00,5,Metric Coarse,20.0 X 1.00/2.00*,Standard,2,verified,matched by v2; not previously seeded
HSS TAP 20 X 2 SEC TOTEM,,OK,ADD,,,2985.00,,2985.00,5,Metric Coarse,20.0 X 1.00/2.00*,Standard,1,review,matched by v2; not previously seeded
HSS TAP 20 X 2 TPR TOTEM,,OK,ADD,,,2985.00,,2985.00,5,Metric Coarse,20.0 X 1.00/2.00*,Standard,1,review,matched by v2; not previously seeded
HSS TAP 20 X 2.5 BOT TOTEM,OK,OK,KEEP,2652.00,2652,2652.00,2652.00,2652.00,4,Metric Coarse,20.0 X 2.50,Standard,1,verified,
HSS TAP 20 X 2.5 GOLD TOTEM,OK,OK,KEEP,3388.00,3388,3388.00,3388.00,3388.00,9,Metric Coarse,20.0 X 2.50,STD GOLD,1,review,
HSS TAP 20 X 2.5 SEC GOLD TOTEM,OK,WRONG_FAMILY_OR_ABSENT,DROP,3388.00,3388,,3388.00,,9,Metric Coarse,20.0 X 2.50,STD GOLD,1,review,item absent from this project's stock_items
HSS TAP 20 X 2.5 SEC TOTEM,OK,OK,KEEP,2652.00,2652,2652.00,2652.00,2652.00,4,Metric Coarse,20.0 X 2.50,Standard,1,verified,
HSS TAP 20 X 2.5 SET TOTEM,OK,OK,KEEP,2652.00,2652,2652.00,7956.00,7956.00,4,Metric Coarse,20.0 X 2.50,Standard,3,verified,
HSS TAP 20 X 2.5 SF SET TOTEM,OK,OK,KEEP,2784.00,2784,2784.00,8352.00,8352.00,4,Metric Coarse,20.0 X 2.50,SF/RS,3,review,
HSS TAP 20 X 2.5 TPR TOTEM,OK,OK,KEEP,2652.00,2652,2652.00,2652.00,2652.00,4,Metric Coarse,20.0 X 2.50,Standard,1,verified,
HSS TAP 22 X 1 BOT TOTEM,OK,OK,KEEP,3516.00,3516,3516.00,3516.00,3516.00,5,Metric Coarse,22.0 X 1.00/2.00,Standard,1,verified,
HSS TAP 22 X 1 PAIR TOTEM,OK,OK,KEEP,3516.00,3516,3516.00,7032.00,7032.00,5,Metric Coarse,22.0 X 1.00/2.00,Standard,2,review,
HSS TAP 22 X 1.5 BOT TOTEM,OK,OK,KEEP,3264.00,3264,3264.00,3264.00,3264.00,5,Metric Coarse,22.0 X 1.50,Standard,1,verified,
HSS TAP 22 X 1.5 PAIR TOTEM,OK,OK,KEEP,3264.00,3264,3264.00,6528.00,6528.00,5,Metric Coarse,22.0 X 1.50,Standard,2,verified,
HSS TAP 22 X 1.5 SEC TOTEM,OK,OK,KEEP,3264.00,3264,3264.00,3264.00,3264.00,5,Metric Coarse,22.0 X 1.50,Standard,1,verified,
HSS TAP 22 X 1.5 TPR TOTEM,OK,OK,KEEP,3264.00,3264,3264.00,3264.00,3264.00,5,Metric Coarse,22.0 X 1.50,Standard,1,verified,
HSS TAP 22 X 2 BOT TOTEM,,OK,ADD,,,3516.00,,3516.00,5,Metric Coarse,22.0 X 1.00/2.00*,Standard,1,review,matched by v2; not previously seeded
HSS TAP 22 X 2 PAIR TOTEM,,OK,ADD,,,3516.00,,7032.00,5,Metric Coarse,22.0 X 1.00/2.00*,Standard,2,review,matched by v2; not previously seeded
HSS TAP 22 X 2 TPR TOTEM,,OK,ADD,,,3516.00,,3516.00,5,Metric Coarse,22.0 X 1.00/2.00*,Standard,1,review,matched by v2; not previously seeded
HSS TAP 22 X 2.5 BOT TOTEM,OK,OK,KEEP,2843.00,2843,2843.00,2843.00,2843.00,4,Metric Coarse,22.0 X 2.50,Standard,1,verified,
HSS TAP 22 X 2.5 GOLD TOTEM,OK,OK,KEEP,3293.00,3293,3293.00,3293.00,3293.00,9,Metric Coarse,22.0 X 2.50,STD GOLD,1,review,
HSS TAP 22 X 2.5 SEC GOLD TOTEM,OK,WRONG_FAMILY_OR_ABSENT,DROP,3293.00,3293,,3293.00,,9,Metric Coarse,22.0 X 2.50,STD GOLD,1,review,item absent from this project's stock_items
HSS TAP 22 X 2.5 SEC TOTEM,OK,OK,KEEP,2843.00,2843,2843.00,2843.00,2843.00,4,Metric Coarse,22.0 X 2.50,Standard,1,verified,
HSS TAP 22 X 2.5 SET TOTEM,OK,OK,KEEP,2843.00,2843,2843.00,8529.00,8529.00,4,Metric Coarse,22.0 X 2.50,Standard,3,verified,
HSS TAP 24 X 1.5 BOT TOTEM,OK,OK,KEEP,3573.00,3573,3573.00,3573.00,3573.00,5,Metric Coarse,24.0 X 1.50,Standard,1,verified,
HSS TAP 24 X 1.5 PAIR TOTEM,OK,OK,KEEP,3573.00,3573,3573.00,7146.00,7146.00,5,Metric Coarse,24.0 X 1.50,Standard,2,verified,
HSS TAP 24 X 1.5 SEC TOTEM,OK,OK,KEEP,3573.00,3573,3573.00,3573.00,3573.00,5,Metric Coarse,24.0 X 1.50,Standard,1,verified,
HSS TAP 24 X 1.5 TPR TOTEM,OK,OK,KEEP,3573.00,3573,3573.00,3573.00,3573.00,5,Metric Coarse,24.0 X 1.50,Standard,1,review,
HSS TAP 24 X 2 BOT TOTEM,OK,OK,KEEP,3554.00,3554,3554.00,3554.00,3554.00,5,Metric Coarse,24.0 X 2.00,Standard,1,verified,
HSS TAP 24 X 2 PAIR TOTEM,OK,OK,KEEP,3554.00,3554,3554.00,7108.00,7108.00,5,Metric Coarse,24.0 X 2.00,Standard,2,verified,
HSS TAP 24 X 2 SEC TOTEM,OK,OK,KEEP,3554.00,3554,3554.00,3554.00,3554.00,5,Metric Coarse,24.0 X 2.00,Standard,1,review,
HSS TAP 24 X 3 BOT TOTEM,OK,OK,KEEP,3167.00,3167,3167.00,3167.00,3167.00,4,Metric Coarse,24.0 X 3.00,Standard,1,verified,
HSS TAP 24 X 3 GOLD TOTEM,OK,OK,KEEP,3719.00,3719,3719.00,3719.00,3719.00,9,Metric Coarse,24.0 X 3.00,STD GOLD,1,review,
HSS TAP 24 X 3 SEC TOTEM,OK,OK,KEEP,3167.00,3167,3167.00,3167.00,3167.00,4,Metric Coarse,24.0 X 3.00,Standard,1,verified,
HSS TAP 24 X 3 SET TOTEM,OK,OK,KEEP,3167.00,3167,3167.00,9501.00,9501.00,4,Metric Coarse,24.0 X 3.00,Standard,3,verified,
HSS TAP 24 X 3 SF SET TOTEM,OK,OK,KEEP,3321.00,3321,3321.00,9963.00,9963.00,4,Metric Coarse,24.0 X 3.00,SF/RS,3,review,
HSS TAP 24 X 3 TPR TOTEM,OK,OK,KEEP,3167.00,3167,3167.00,3167.00,3167.00,4,Metric Coarse,24.0 X 3.00,Standard,1,verified,
HSS TAP 25 X 1 BOT TOTEM,OK,OK,KEEP,3783.00,3783,3783.00,3783.00,3783.00,5,Metric Coarse,25.0 X 1.00/1.50,Standard,1,verified,
HSS TAP 25 X 1 PAIR TOTEM,OK,OK,KEEP,3783.00,3783,3783.00,7566.00,7566.00,5,Metric Coarse,25.0 X 1.00/1.50,Standard,2,review,
HSS TAP 25 X 1.5 BOT TOTEM,,OK,ADD,,,3783.00,,3783.00,5,Metric Coarse,25.0 X 1.00/1.50*,Standard,1,verified,matched by v2; not previously seeded
HSS TAP 25 X 1.5 PAIR TOTEM,,OK,ADD,,,3783.00,,7566.00,5,Metric Coarse,25.0 X 1.00/1.50*,Standard,2,verified,matched by v2; not previously seeded
HSS TAP 25 X 3 BOT TOTEM,OK,OK,KEEP,3862.00,3862,3862.00,3862.00,3862.00,4,Metric Coarse,25.0 X 3.00,Standard,1,review,
HSS TAP 25 X 3 SEC TOTEM,OK,WRONG_FAMILY_OR_ABSENT,DROP,3862.00,3862,,3862.00,,4,Metric Coarse,25.0 X 3.00,Standard,1,review,item absent from this project's stock_items
HSS TAP 27 X 1.5 BOT TOTEM,OK,OK,KEEP,5338.00,5338,5338.00,5338.00,5338.00,5,Metric Coarse,27.0 X 1.50/2.00,Standard,1,review,
HSS TAP 27 X 1.5 PAIR TOTEM,OK,OK,KEEP,5338.00,5338,5338.00,10676.00,10676.00,5,Metric Coarse,27.0 X 1.50/2.00,Standard,2,verified,
HSS TAP 27 X 1.5 TPR TOTEM,OK,OK,KEEP,5338.00,5338,5338.00,5338.00,5338.00,5,Metric Coarse,27.0 X 1.50/2.00,Standard,1,review,
HSS TAP 27 X 2 BOT TOTEM,,OK,ADD,,,5338.00,,5338.00,5,Metric Coarse,27.0 X 1.50/2.00*,Standard,1,verified,matched by v2; not previously seeded
HSS TAP 27 X 2 PAIR TOTEM,,OK,ADD,,,5338.00,,10676.00,5,Metric Coarse,27.0 X 1.50/2.00*,Standard,2,verified,matched by v2; not previously seeded
HSS TAP 27 X 3 BOT TOTEM,OK,OK,KEEP,4795.00,4795,4795.00,4795.00,4795.00,4,Metric Coarse,27.0 X 3.00,Standard,1,verified,
HSS TAP 27 X 3 GOLD TOTEM,OK,OK,KEEP,5425.00,5425,5425.00,5425.00,5425.00,9,Metric Coarse,27.0 X 3.00,STD GOLD,1,review,
HSS TAP 27 X 3 SEC TOTEM,OK,OK,KEEP,4795.00,4795,4795.00,4795.00,4795.00,4,Metric Coarse,27.0 X 3.00,Standard,1,verified,
HSS TAP 27 X 3 SET TOTEM,OK,OK,KEEP,4795.00,4795,4795.00,14385.00,14385.00,4,Metric Coarse,27.0 X 3.00,Standard,3,review,
HSS TAP 27 X 3 SF SET TOTEM,OK,OK,KEEP,5033.00,5033,5033.00,15099.00,15099.00,4,Metric Coarse,27.0 X 3.00,SF/RS,3,review,
HSS TAP 27 X 3 TPR TOTEM,OK,OK,KEEP,4795.00,4795,4795.00,4795.00,4795.00,4,Metric Coarse,27.0 X 3.00,Standard,1,verified,
HSS TAP 2BA SEC TOTEM,,OK,ADD,,,447.00,,447.00,3,BA,2,Standard,1,verified,matched by v2; not previously seeded
HSS TAP 2BA SET TOTEM,,OK,ADD,,,447.00,,1341.00,3,BA,2,Standard,3,review,matched by v2; not previously seeded
HSS TAP 2BA TPR TOTEM,,OK,ADD,,,447.00,,447.00,3,BA,2,Standard,1,verified,matched by v2; not previously seeded
HSS TAP 3 X .5 6G BOT TOTEM,OK,OK,KEEP,390.00,390,390.00,390.00,390.00,4,Metric Coarse,3.0 X 0.50,Standard,1,review,
HSS TAP 3 X .5 BOT TOTEM,OK,OK,KEEP,390.00,390,390.00,390.00,390.00,4,Metric Coarse,3.0 X 0.50,Standard,1,verified,
HSS TAP 3 X .5 SEC GOLD TOTEM,OK,WRONG_FAMILY_OR_ABSENT,DROP,496.00,496,,496.00,,9,Metric Coarse,3.0 X 0.50,STD GOLD,1,review,item absent from this project's stock_items
HSS TAP 3 X .5 SEC TOTEM,OK,OK,KEEP,390.00,390,390.00,390.00,390.00,4,Metric Coarse,3.0 X 0.50,Standard,1,verified,
HSS TAP 3 X .5 SET TOTEM,OK,OK,KEEP,390.00,390,390.00,1170.00,1170.00,4,Metric Coarse,3.0 X 0.50,Standard,3,verified,
HSS TAP 3 X .5 SF SET TOTEM,OK,OK,KEEP,423.00,423,423.00,1269.00,1269.00,4,Metric Coarse,3.0 X 0.50,SF/RS,3,verified,
HSS TAP 3 X .5 SPIREX BLD TOTEM,OK,WRONG_FAMILY_OR_ABSENT,DROP,390.00,390,,390.00,,4,Metric Coarse,3.0 X 0.50,Standard,1,review,item absent from this project's stock_items
HSS TAP 3 X .5 SPPT GOLD TOTEM,OK,OK,KEEP,592.00,592,592.00,592.00,592.00,9,Metric Coarse,3.0 X 0.50,SPPT GOLD,1,review,
HSS TAP 3 X .5 SPPT TOTEM,OK,OK,KEEP,491.00,491,491.00,491.00,491.00,4,Metric Coarse,3.0 X 0.50,SPPT,1,verified,
HSS TAP 3 X .5 TPR TOTEM,OK,OK,KEEP,390.00,390,390.00,390.00,390.00,4,Metric Coarse,3.0 X 0.50,Standard,1,verified,
HSS TAP 3.5 X .6 BOT TOTEM,OK,OK,KEEP,390.00,390,390.00,390.00,390.00,4,Metric Coarse,3.5 X 0.60,Standard,1,verified,
HSS TAP 3.5 X .6 SEC TOTEM,OK,OK,KEEP,390.00,390,390.00,390.00,390.00,4,Metric Coarse,3.5 X 0.60,Standard,1,verified,
HSS TAP 3.5 X .6 SET TOTEM,OK,OK,KEEP,390.00,390,390.00,1170.00,1170.00,4,Metric Coarse,3.5 X 0.60,Standard,3,verified,
HSS TAP 3.5 X .6 SPPT TOTEM,OK,OK,KEEP,491.00,491,491.00,491.00,491.00,4,Metric Coarse,3.5 X 0.60,SPPT,1,verified,
HSS TAP 3.5 X .6 TPR TOTEM,OK,OK,KEEP,390.00,390,390.00,390.00,390.00,4,Metric Coarse,3.5 X 0.60,Standard,1,verified,
"HSS TAP 3/16"" BSF BOT TOTEM",OK,OK,KEEP,407.00,407,407.00,407.00,407.00,3,BSW/BSF,3/16,Standard,1,verified,
"HSS TAP 3/16"" BSF SET TOTEM",OK,OK,KEEP,407.00,407,407.00,1221.00,1221.00,3,BSW/BSF,3/16,Standard,3,review,
"HSS TAP 3/16"" BSW BOT TOTEM",OK,OK,KEEP,407.00,407,407.00,407.00,407.00,3,BSW/BSF,3/16,Standard,1,verified,
"HSS TAP 3/16"" BSW SEC TOTEM",OK,OK,KEEP,407.00,407,407.00,407.00,407.00,3,BSW/BSF,3/16,Standard,1,verified,
"HSS TAP 3/16"" BSW SET TOTEM",OK,OK,KEEP,407.00,407,407.00,1221.00,1221.00,3,BSW/BSF,3/16,Standard,3,verified,
"HSS TAP 3/16"" BSW TPR TOTEM",OK,OK,KEEP,407.00,407,407.00,407.00,407.00,3,BSW/BSF,3/16,Standard,1,verified,
HSS TAP 3/4 BSP PAIR TOTEM,OK,OK,KEEP,3371.00,3371,3371.00,6742.00,6742.00,3,BSP,3/4,Standard,2,review,
"HSS TAP 3/4"" BSF SET TOTEM",OK,OK,KEEP,2095.00,2095,2095.00,6285.00,6285.00,3,BSW/BSF,3/4,Standard,3,review,
"HSS TAP 3/4"" BSP BOT TOTEM",OK,OK,KEEP,3371.00,3371,3371.00,3371.00,3371.00,3,BSP,3/4,Standard,1,verified,
"HSS TAP 3/4"" BSP PAIR TOTEM",OK,OK,KEEP,3371.00,3371,3371.00,6742.00,6742.00,3,BSP,3/4,Standard,2,verified,
"HSS TAP 3/4"" BSP TPR TOTEM",OK,OK,KEEP,3371.00,3371,3371.00,3371.00,3371.00,3,BSP,3/4,Standard,1,verified,
"HSS TAP 3/4"" BSPT BOT TOTEM",OK,OK,KEEP,4528.00,4528,4528.00,4528.00,4528.00,3,BSPT,3/4,Standard,1,review,
"HSS TAP 3/4"" BSPT PAIR TOTEM",OK,OK,KEEP,4528.00,4528,4528.00,9056.00,9056.00,3,BSPT,3/4,Standard,2,verified,
"HSS TAP 3/4"" BSPT TPR TOTEM",OK,OK,KEEP,4528.00,4528,4528.00,4528.00,4528.00,3,BSPT,3/4,Standard,1,review,
"HSS TAP 3/4"" BSW BOT TOTEM",OK,OK,KEEP,2095.00,2095,2095.00,2095.00,2095.00,3,BSW/BSF,3/4,Standard,1,verified,
"HSS TAP 3/4"" BSW SEC TOTEM",OK,OK,KEEP,2095.00,2095,2095.00,2095.00,2095.00,3,BSW/BSF,3/4,Standard,1,verified,
"HSS TAP 3/4"" BSW SET TOTEM",OK,OK,KEEP,2095.00,2095,2095.00,6285.00,6285.00,3,BSW/BSF,3/4,Standard,3,verified,
"HSS TAP 3/4"" BSW SF SET TOTEM",OK,OK,KEEP,2201.00,2201,2201.00,6603.00,6603.00,3,BSW/BSF,3/4,SF/RS,3,verified,
"HSS TAP 3/4"" BSW TPR TOTEM",OK,OK,KEEP,2095.00,2095,2095.00,2095.00,2095.00,3,BSW/BSF,3/4,Standard,1,review,
"HSS TAP 3/4"" NPT BOT TOTEM",OK,OK,KEEP,4619.00,4619,4619.00,4619.00,4619.00,3,NPT,3/4,Standard,1,verified,
"HSS TAP 3/4"" NPT PAIR TOTEM",OK,OK,KEEP,4619.00,4619,4619.00,9238.00,9238.00,3,NPT,3/4,Standard,2,verified,
"HSS TAP 3/4"" NPT TPR TOTEM",OK,OK,KEEP,4619.00,4619,4619.00,4619.00,4619.00,3,NPT,3/4,Standard,1,verified,
"HSS TAP 3/4"" UNC BOT TOTEM",OK,OK,KEEP,2095.00,2095,2095.00,2095.00,2095.00,3,UNF/UNC,3/4,Standard,1,verified,
"HSS TAP 3/4"" UNC SEC TOTEM",OK,OK,KEEP,2095.00,2095,2095.00,2095.00,2095.00,3,UNF/UNC,3/4,Standard,1,review,
"HSS TAP 3/4"" UNC SET TOTEM",OK,OK,KEEP,2095.00,2095,2095.00,6285.00,6285.00,3,UNF/UNC,3/4,Standard,3,verified,
"HSS TAP 3/4"" UNC TPR TOTEM",OK,OK,KEEP,2095.00,2095,2095.00,2095.00,2095.00,3,UNF/UNC,3/4,Standard,1,review,
"HSS TAP 3/4"" UNF BOT TOTEM",OK,OK,KEEP,2095.00,2095,2095.00,2095.00,2095.00,3,UNF/UNC,3/4,Standard,1,verified,
"HSS TAP 3/4"" UNF SEC TOTEM",OK,OK,KEEP,2095.00,2095,2095.00,2095.00,2095.00,3,UNF/UNC,3/4,Standard,1,verified,
"HSS TAP 3/4"" UNF SET TOTEM",OK,OK,KEEP,2095.00,2095,2095.00,6285.00,6285.00,3,UNF/UNC,3/4,Standard,3,verified,
"HSS TAP 3/8"" BSB BOT TOTEM",OK,OK,KEEP,706.00,706,706.00,706.00,706.00,6,BSB,3/8,Standard,1,verified,
"HSS TAP 3/8"" BSF BOT TOTEM",OK,OK,KEEP,585.00,585,585.00,585.00,585.00,3,BSW/BSF,3/8,Standard,1,verified,
"HSS TAP 3/8"" BSF SET TOTEM",OK,OK,KEEP,585.00,585,585.00,1755.00,1755.00,3,BSW/BSF,3/8,Standard,3,verified,
"HSS TAP 3/8"" BSF TPR TOTEM",OK,OK,KEEP,585.00,585,585.00,585.00,585.00,3,BSW/BSF,3/8,Standard,1,review,
"HSS TAP 3/8"" BSP BOT TOTEM",OK,OK,KEEP,1501.00,1501,1501.00,1501.00,1501.00,3,BSP,3/8,Standard,1,verified,
"HSS TAP 3/8"" BSP PAIR TOTEM",OK,OK,KEEP,1501.00,1501,1501.00,3002.00,3002.00,3,BSP,3/8,Standard,2,verified,
"HSS TAP 3/8"" BSP TPR TOTEM",OK,OK,KEEP,1501.00,1501,1501.00,1501.00,1501.00,3,BSP,3/8,Standard,1,verified,
"HSS TAP 3/8"" BSPT BOT TOTEM",OK,OK,KEEP,2049.00,2049,2049.00,2049.00,2049.00,3,BSPT,3/8,Standard,1,verified,
"HSS TAP 3/8"" BSPT PAIR TOTEM",OK,OK,KEEP,2049.00,2049,2049.00,4098.00,4098.00,3,BSPT,3/8,Standard,2,verified,
"HSS TAP 3/8"" BSPT TPR TOTEM",OK,OK,KEEP,2049.00,2049,2049.00,2049.00,2049.00,3,BSPT,3/8,Standard,1,review,
"HSS TAP 3/8"" BSW BOT TOTEM",OK,OK,KEEP,585.00,585,585.00,585.00,585.00,3,BSW/BSF,3/8,Standard,1,verified,
"HSS TAP 3/8"" BSW SEC TOTEM",OK,OK,KEEP,585.00,585,585.00,585.00,585.00,3,BSW/BSF,3/8,Standard,1,verified,
"HSS TAP 3/8"" BSW SET TOTEM",OK,OK,KEEP,585.00,585,585.00,1755.00,1755.00,3,BSW/BSF,3/8,Standard,3,verified,
"HSS TAP 3/8"" BSW TPR TOTEM",OK,OK,KEEP,585.00,585,585.00,585.00,585.00,3,BSW/BSF,3/8,Standard,1,verified,
"HSS TAP 3/8"" NPT BOT TOTEM",OK,OK,KEEP,2080.00,2080,2080.00,2080.00,2080.00,3,NPT,3/8,Standard,1,review,
"HSS TAP 3/8"" NPT PAIR TOTEM",OK,OK,KEEP,2080.00,2080,2080.00,4160.00,4160.00,3,NPT,3/8,Standard,2,verified,
"HSS TAP 3/8"" NPT TPR TOTEM",OK,OK,KEEP,2080.00,2080,2080.00,2080.00,2080.00,3,NPT,3/8,Standard,1,review,
"HSS TAP 3/8"" UNC BOT TOTEM",OK,OK,KEEP,585.00,585,585.00,585.00,585.00,3,UNF/UNC,3/8,Standard,1,verified,
"HSS TAP 3/8"" UNC SEC TOTEM",OK,OK,KEEP,585.00,585,585.00,585.00,585.00,3,UNF/UNC,3/8,Standard,1,verified,
"HSS TAP 3/8"" UNC SET TOTEM",OK,OK,KEEP,585.00,585,585.00,1755.00,1755.00,3,UNF/UNC,3/8,Standard,3,verified,
"HSS TAP 3/8"" UNC SF SET TOTEM",OK,OK,KEEP,630.00,630,630.00,1890.00,1890.00,3,UNF/UNC,3/8,SF/RS,3,review,
"HSS TAP 3/8"" UNC TPR TOTEM",OK,OK,KEEP,585.00,585,585.00,585.00,585.00,3,UNF/UNC,3/8,Standard,1,verified,
"HSS TAP 3/8"" UNF BOT TOTEM",OK,OK,KEEP,585.00,585,585.00,585.00,585.00,3,UNF/UNC,3/8,Standard,1,verified,
"HSS TAP 3/8"" UNF SEC TOTEM",OK,OK,KEEP,585.00,585,585.00,585.00,585.00,3,UNF/UNC,3/8,Standard,1,review,
"HSS TAP 3/8"" UNF SET TOTEM",OK,OK,KEEP,585.00,585,585.00,1755.00,1755.00,3,UNF/UNC,3/8,Standard,3,verified,
"HSS TAP 3/8"" UNF TPR TOTEM",OK,OK,KEEP,585.00,585,585.00,585.00,585.00,3,UNF/UNC,3/8,Standard,1,verified,
HSS TAP 30  X 3.5 SF SET TOTEM,OK,OK,KEEP,5635.00,5635,5635.00,16905.00,16905.00,4,Metric Coarse,30.0 X 3.50,SF/RS,3,review,
HSS TAP 30 X 1.5 BOT TOTEM,OK,OK,KEEP,6002.00,6002,6002.00,6002.00,6002.00,5,Metric Coarse,30.0 X 1.50/2.00,Standard,1,verified,
HSS TAP 30 X 1.5 PAIR TOTEM,OK,OK,KEEP,6002.00,6002,6002.00,12004.00,12004.00,5,Metric Coarse,30.0 X 1.50/2.00,Standard,2,review,
HSS TAP 30 X 1.5 TPR TOTEM,OK,OK,KEEP,6002.00,6002,6002.00,6002.00,6002.00,5,Metric Coarse,30.0 X 1.50/2.00,Standard,1,verified,
HSS TAP 30 X 2 BOT TOTEM,,OK,ADD,,,6002.00,,6002.00,5,Metric Coarse,30.0 X 1.50/2.00*,Standard,1,verified,matched by v2; not previously seeded
HSS TAP 30 X 2 PAIR TOTEM,,OK,ADD,,,6002.00,,12004.00,5,Metric Coarse,30.0 X 1.50/2.00*,Standard,2,verified,matched by v2; not previously seeded
HSS TAP 30 X 2 TPR TOTEM,,OK,ADD,,,6002.00,,6002.00,5,Metric Coarse,30.0 X 1.50/2.00*,Standard,1,verified,matched by v2; not previously seeded
HSS TAP 30 X 3.5 BOT TOTEM,OK,OK,KEEP,5360.00,5360,5360.00,5360.00,5360.00,4,Metric Coarse,30.0 X 3.50,Standard,1,verified,
HSS TAP 30 X 3.5 GOLD TOTEM,OK,OK,KEEP,6012.00,6012,6012.00,6012.00,6012.00,9,Metric Coarse,30.0 X 3.50,STD GOLD,1,review,
HSS TAP 30 X 3.5 SEC TOTEM,OK,OK,KEEP,5360.00,5360,5360.00,5360.00,5360.00,4,Metric Coarse,30.0 X 3.50,Standard,1,verified,
HSS TAP 30 X 3.5 SET TOTEM,OK,OK,KEEP,5360.00,5360,5360.00,16080.00,16080.00,4,Metric Coarse,30.0 X 3.50,Standard,3,verified,
HSS TAP 30 X 3.5 TPR TOTEM,OK,OK,KEEP,5360.00,5360,5360.00,5360.00,5360.00,4,Metric Coarse,30.0 X 3.50,Standard,1,verified,
HSS TAP 33 X 1.5 BOT TOTEM,OK,OK,KEEP,7328.00,7328,7328.00,7328.00,7328.00,5,Metric Coarse,33.0 X 1.50/2.00/3.00,Standard,1,review,
HSS TAP 33 X 1.5 PAIR TOTEM,OK,OK,KEEP,7328.00,7328,7328.00,14656.00,14656.00,5,Metric Coarse,33.0 X 1.50/2.00/3.00,Standard,2,review,
HSS TAP 33 X 1.5 TPR TOTEM,OK,OK,KEEP,7328.00,7328,7328.00,7328.00,7328.00,5,Metric Coarse,33.0 X 1.50/2.00/3.00,Standard,1,verified,
HSS TAP 33 X 2 BOT TOTEM,,OK,ADD,,,7328.00,,7328.00,5,Metric Coarse,33.0 X 1.50/2.00/3.00*,Standard,1,verified,matched by v2; not previously seeded
HSS TAP 33 X 2 PAIR TOTEM,,OK,ADD,,,7328.00,,14656.00,5,Metric Coarse,33.0 X 1.50/2.00/3.00*,Standard,2,verified,matched by v2; not previously seeded
HSS TAP 33 X 2 SEC TOTEM,,OK,ADD,,,7328.00,,7328.00,5,Metric Coarse,33.0 X 1.50/2.00/3.00*,Standard,1,review,matched by v2; not previously seeded
HSS TAP 33 X 2 TPR TOTEM,,OK,ADD,,,7328.00,,7328.00,5,Metric Coarse,33.0 X 1.50/2.00/3.00*,Standard,1,verified,matched by v2; not previously seeded
HSS TAP 33 X 3 BOT TOTEM,,OK,ADD,,,7328.00,,7328.00,5,Metric Coarse,33.0 X 1.50/2.00/3.00*,Standard,1,review,matched by v2; not previously seeded
HSS TAP 33 X 3.5 BOT TOTEM,OK,OK,KEEP,6532.00,6532,6532.00,6532.00,6532.00,4,Metric Coarse,33.0 X 3.50,Standard,1,verified,
HSS TAP 33 X 3.5 SEC TOTEM,OK,OK,KEEP,6532.00,6532,6532.00,6532.00,6532.00,4,Metric Coarse,33.0 X 3.50,Standard,1,verified,
HSS TAP 33 X 3.5 SET TOTEM,OK,OK,KEEP,6532.00,6532,6532.00,19596.00,19596.00,4,Metric Coarse,33.0 X 3.50,Standard,3,verified,
HSS TAP 33 X 3.5 TPR TOTEM,OK,OK,KEEP,6532.00,6532,6532.00,6532.00,6532.00,4,Metric Coarse,33.0 X 3.50,Standard,1,verified,
HSS TAP 36 X 1.5 BOT TOTEM,OK,OK,KEEP,10167.00,10167,10167.00,10167.00,10167.00,5,Metric Coarse,36.0 X 1.50/2.50/3.00,Standard,1,verified,
HSS TAP 36 X 1.5 PAIR TOTEM,OK,OK,KEEP,10167.00,10167,10167.00,20334.00,20334.00,5,Metric Coarse,36.0 X 1.50/2.50/3.00,Standard,2,review,
HSS TAP 36 X 1.5 TPR TOTEM,OK,OK,KEEP,10167.00,10167,10167.00,10167.00,10167.00,5,Metric Coarse,36.0 X 1.50/2.50/3.00,Standard,1,review,
HSS TAP 36 X 3 BOT TOTEM,,OK,ADD,,,10167.00,,10167.00,5,Metric Coarse,36.0 X 1.50/2.50*/3.00*,Standard,1,review,matched by v2; not previously seeded
HSS TAP 36 X 3 PAIR TOTEM,,OK,ADD,,,10167.00,,20334.00,5,Metric Coarse,36.0 X 1.50/2.50*/3.00*,Standard,2,review,matched by v2; not previously seeded
HSS TAP 36 X 3 SEC TOTEM,,OK,ADD,,,10167.00,,10167.00,5,Metric Coarse,36.0 X 1.50/2.50*/3.00*,Standard,1,review,matched by v2; not previously seeded
HSS TAP 36 X 3 SET TOTEM,,OK,ADD,,,10167.00,,30501.00,5,Metric Coarse,36.0 X 1.50/2.50*/3.00*,Standard,3,verified,matched by v2; not previously seeded
HSS TAP 36 X 3 TPR TOTEM,,OK,ADD,,,10167.00,,10167.00,5,Metric Coarse,36.0 X 1.50/2.50*/3.00*,Standard,1,review,matched by v2; not previously seeded
HSS TAP 36 X 4 BOT TOTEM,OK,OK,KEEP,9089.00,9089,9089.00,9089.00,9089.00,4,Metric Coarse,36.0 X 4.00,Standard,1,verified,
HSS TAP 36 X 4 SEC TOTEM,OK,OK,KEEP,9089.00,9089,9089.00,9089.00,9089.00,4,Metric Coarse,36.0 X 4.00,Standard,1,verified,
HSS TAP 36 X 4 SET TOTEM,OK,OK,KEEP,9089.00,9089,9089.00,27267.00,27267.00,4,Metric Coarse,36.0 X 4.00,Standard,3,verified,
HSS TAP 36 X 4 TPR TOTEM,OK,OK,KEEP,9089.00,9089,9089.00,9089.00,9089.00,4,Metric Coarse,36.0 X 4.00,Standard,1,verified,
HSS TAP 39 X 1.5 TPR TOTEM,OK,OK,KEEP,12672.00,12672,12672.00,12672.00,12672.00,5,Metric Coarse,39.0 X 1.50/2.00/3.00,Standard,1,review,
HSS TAP 39 X 4 BOT TOTEM,OK,OK,KEEP,10680.00,10680,10680.00,10680.00,10680.00,4,Metric Coarse,39.0 X 4.00,Standard,1,verified,
HSS TAP 39 X 4 SEC TOTEM,OK,OK,KEEP,10680.00,10680,10680.00,10680.00,10680.00,4,Metric Coarse,39.0 X 4.00,Standard,1,review,
HSS TAP 39 X 4 SET TOTEM,OK,OK,KEEP,10680.00,10680,10680.00,32040.00,32040.00,4,Metric Coarse,39.0 X 4.00,Standard,3,verified,
HSS TAP 39 X 4 TPR TOTEM,OK,OK,KEEP,10680.00,10680,10680.00,10680.00,10680.00,4,Metric Coarse,39.0 X 4.00,Standard,1,verified,
HSS TAP 3BA BOT TOTEM,,OK,ADD,,,447.00,,447.00,3,BA,3,Standard,1,review,matched by v2; not previously seeded
HSS TAP 4 UNC BOT TOTEM,OK,OK,KEEP,461.00,461,461.00,461.00,461.00,3,UNF/UNC,4,Standard,1,verified,
HSS TAP 4 UNC SET TOTEM,OK,OK,KEEP,461.00,461,461.00,1383.00,1383.00,3,UNF/UNC,4,Standard,3,verified,
HSS TAP 4 UNF SET TOTEM,OK,OK,KEEP,461.00,461,461.00,1383.00,1383.00,3,UNF/UNC,4,Standard,3,review,
HSS TAP 4 X .35 BOT TOTEM,OK,OK,KEEP,583.00,583,583.00,583.00,583.00,5,Metric Coarse,4.0 X 0.35/0.50,Standard,1,review,
HSS TAP 4 X .35 PAIR TOTEM,OK,OK,KEEP,583.00,583,583.00,1166.00,1166.00,5,Metric Coarse,4.0 X 0.35/0.50,Standard,2,verified,
HSS TAP 4 X .5 BOT TOTEM,,OK,ADD,,,583.00,,583.00,5,Metric Coarse,4.0 X 0.35/0.50*,Standard,1,verified,matched by v2; not previously seeded
HSS TAP 4 X .5 PAIR TOTEM,,OK,ADD,,,583.00,,1166.00,5,Metric Coarse,4.0 X 0.35/0.50*,Standard,2,verified,matched by v2; not previously seeded
HSS TAP 4 X .5 SET TOTEM,,OK,ADD,,,583.00,,1749.00,5,Metric Coarse,4.0 X 0.35/0.50*,Standard,3,review,matched by v2; not previously seeded
HSS TAP 4 X .5 TPR TOTEM,,OK,ADD,,,583.00,,583.00,5,Metric Coarse,4.0 X 0.35/0.50*,Standard,1,review,matched by v2; not previously seeded
HSS TAP 4 X .7 6G SPFL GOLD TOTEM,OK,WRONG_FAMILY_OR_ABSENT,DROP,496.00,496,,496.00,,9,Metric Coarse,4.0 X 0.70,STD GOLD,1,review,item absent from this project's stock_items
HSS TAP 4 X .7 6G SPIREX GOLD TOTEM,OK,WRONG_FAMILY_OR_ABSENT,DROP,496.00,496,,496.00,,9,Metric Coarse,4.0 X 0.70,STD GOLD,1,review,"SPIREX: page 11 HSSE grid, not matched yet"
HSS TAP 4 X .7 BOT TOTEM,OK,OK,KEEP,390.00,390,390.00,390.00,390.00,4,Metric Coarse,4.0 X 0.70,Standard,1,verified,
HSS TAP 4 X .7 SEC TOTEM,OK,OK,KEEP,390.00,390,390.00,390.00,390.00,4,Metric Coarse,4.0 X 0.70,Standard,1,verified,
HSS TAP 4 X .7 SET GOLD TOTEM,OK,WRONG_FAMILY_OR_ABSENT,DROP,496.00,496,,1488.00,,9,Metric Coarse,4.0 X 0.70,STD GOLD,3,review,item absent from this project's stock_items
HSS TAP 4 X .7 SET TOTEM,OK,OK,KEEP,390.00,390,390.00,1170.00,1170.00,4,Metric Coarse,4.0 X 0.70,Standard,3,verified,
HSS TAP 4 X .7 SET XL GOLD TOTEM,OK,WRONG_FAMILY_OR_ABSENT,DROP,496.00,496,,1488.00,,9,Metric Coarse,4.0 X 0.70,STD GOLD,3,review,item absent from this project's stock_items
HSS TAP 4 X .7 SF SET TOTEM,OK,OK,KEEP,423.00,423,423.00,1269.00,1269.00,4,Metric Coarse,4.0 X 0.70,SF/RS,3,verified,
HSS TAP 4 X .7 SPPT GOLD TOTEM,OK,OK,KEEP,592.00,592,592.00,592.00,592.00,9,Metric Coarse,4.0 X 0.70,SPPT GOLD,1,review,
HSS TAP 4 X .7 SPPT TOTEM,OK,OK,KEEP,491.00,491,491.00,491.00,491.00,4,Metric Coarse,4.0 X 0.70,SPPT,1,verified,
HSS TAP 4 X .7 TPR TOTEM,OK,OK,KEEP,390.00,390,390.00,390.00,390.00,4,Metric Coarse,4.0 X 0.70,Standard,1,verified,
HSS TAP 4 X .75 BOT TOTEM,OK,OK,KEEP,531.00,531,531.00,531.00,531.00,5,Metric Coarse,4.0 X 0.75,Standard,1,review,
HSS TAP 4 X .75 PAIR TOTEM,OK,OK,KEEP,531.00,531,531.00,1062.00,1062.00,5,Metric Coarse,4.0 X 0.75,Standard,2,review,
HSS TAP 4 X .75 SET TOTEM,OK,OK,KEEP,531.00,531,531.00,1593.00,1593.00,5,Metric Coarse,4.0 X 0.75,Standard,3,review,
HSS TAP 4.5 X .75 BOT TOTEM,OK,OK,KEEP,419.00,419,419.00,419.00,419.00,4,Metric Coarse,4.5 X 0.75,Standard,1,verified,
HSS TAP 4.5 X .75 SEC TOTEM,OK,WRONG_FAMILY_OR_ABSENT,DROP,419.00,419,,419.00,,4,Metric Coarse,4.5 X 0.75,Standard,1,verified,item absent from this project's stock_items
HSS TAP 4.5 X .75 SET TOTEM,OK,WRONG_FAMILY_OR_ABSENT,DROP,419.00,419,,1257.00,,4,Metric Coarse,4.5 X 0.75,Standard,3,review,item absent from this project's stock_items
HSS TAP 42 X 1.5 BOT TOTEM,OK,OK,KEEP,14077.00,14077,14077.00,14077.00,14077.00,5,Metric Coarse,42.0 X 1.50/2.50/3.00/4.00,Standard,1,verified,
HSS TAP 42 X 1.5 TPR TOTEM,OK,OK,KEEP,14077.00,14077,14077.00,14077.00,14077.00,5,Metric Coarse,42.0 X 1.50/2.50/3.00/4.00,Standard,1,review,
HSS TAP 42 X 3 BOT TOTEM,,OK,ADD,,,14077.00,,14077.00,5,Metric Coarse,42.0 X 1.50/2.50*/3.00*/4.00*,Standard,1,review,matched by v2; not previously seeded
HSS TAP 42 X 3 PAIR TOTEM,,OK,ADD,,,14077.00,,28154.00,5,Metric Coarse,42.0 X 1.50/2.50*/3.00*/4.00*,Standard,2,verified,matched by v2; not previously seeded
HSS TAP 42 X 4.5 BOT TOTEM,OK,OK,KEEP,12442.00,12442,12442.00,12442.00,12442.00,4,Metric Coarse,42.0 X 4.50,Standard,1,verified,
HSS TAP 42 X 4.5 SEC TOTEM,OK,OK,KEEP,12442.00,12442,12442.00,12442.00,12442.00,4,Metric Coarse,42.0 X 4.50,Standard,1,verified,
HSS TAP 42 X 4.5 SET TOTEM,OK,OK,KEEP,12442.00,12442,12442.00,37326.00,37326.00,4,Metric Coarse,42.0 X 4.50,Standard,3,verified,
HSS TAP 42 X 4.5 TPR TOTEM,OK,OK,KEEP,12442.00,12442,12442.00,12442.00,12442.00,4,Metric Coarse,42.0 X 4.50,Standard,1,verified,
HSS TAP 45 X 1.5 BOT TOTEM,OK,OK,KEEP,19505.00,19505,19505.00,19505.00,19505.00,5,Metric Coarse,45.0 X 1.50/3.00,Standard,1,verified,
HSS TAP 45 X 1.5 PAIR TOTEM,OK,OK,KEEP,19505.00,19505,19505.00,39010.00,39010.00,5,Metric Coarse,45.0 X 1.50/3.00,Standard,2,review,
HSS TAP 45 X 1.5 TPR TOTEM,OK,OK,KEEP,19505.00,19505,19505.00,19505.00,19505.00,5,Metric Coarse,45.0 X 1.50/3.00,Standard,1,verified,
HSS TAP 45 X 3 BOT TOTEM,,OK,ADD,,,19505.00,,19505.00,5,Metric Coarse,45.0 X 1.50/3.00*,Standard,1,review,matched by v2; not previously seeded
HSS TAP 45 X 4.5 BOT TOTEM,OK,OK,KEEP,16752.00,16752,16752.00,16752.00,16752.00,4,Metric Coarse,45.0 X 4.50,Standard,1,review,
HSS TAP 45 X 4.5 SEC TOTEM,OK,OK,KEEP,16752.00,16752,16752.00,16752.00,16752.00,4,Metric Coarse,45.0 X 4.50,Standard,1,review,
HSS TAP 45 X 4.5 SET TOTEM,OK,OK,KEEP,16752.00,16752,16752.00,50256.00,50256.00,4,Metric Coarse,45.0 X 4.50,Standard,3,review,
HSS TAP 45 X 4.5 TPR TOTEM,OK,OK,KEEP,16752.00,16752,16752.00,16752.00,16752.00,4,Metric Coarse,45.0 X 4.50,Standard,1,review,
HSS TAP 48 X 1.5 BOT TOTEM,OK,OK,KEEP,20276.00,20276,20276.00,20276.00,20276.00,5,Metric Coarse,48.0 X 1.50/2.00/3.00/4.00,Standard,1,verified,
HSS TAP 48 X 1.5 PAIR TOTEM,OK,OK,KEEP,20276.00,20276,20276.00,40552.00,40552.00,5,Metric Coarse,48.0 X 1.50/2.00/3.00/4.00,Standard,2,review,
HSS TAP 48 X 1.5 TPR TOTEM,OK,OK,KEEP,20276.00,20276,20276.00,20276.00,20276.00,5,Metric Coarse,48.0 X 1.50/2.00/3.00/4.00,Standard,1,review,
HSS TAP 48 X 3 PAIR TOTEM,,OK,ADD,,,20276.00,,40552.00,5,Metric Coarse,48.0 X 1.50/2.00*/3.00*/4.00*,Standard,2,verified,matched by v2; not previously seeded
HSS TAP 48 X 5 BOT TOTEM,OK,OK,KEEP,17866.00,17866,17866.00,17866.00,17866.00,4,Metric Coarse,48.0 X 5.00,Standard,1,verified,
HSS TAP 48 X 5 SEC TOTEM,OK,OK,KEEP,17866.00,17866,17866.00,17866.00,17866.00,4,Metric Coarse,48.0 X 5.00,Standard,1,review,
HSS TAP 48 X 5 SET TOTEM,OK,OK,KEEP,17866.00,17866,17866.00,53598.00,53598.00,4,Metric Coarse,48.0 X 5.00,Standard,3,verified,
HSS TAP 48 X 5 TPR TOTEM,OK,OK,KEEP,17866.00,17866,17866.00,17866.00,17866.00,4,Metric Coarse,48.0 X 5.00,Standard,1,review,
HSS TAP 4BA BOT TOTEM,,OK,ADD,,,447.00,,447.00,3,BA,4,Standard,1,verified,matched by v2; not previously seeded
HSS TAP 4BA SEC TOTEM,,OK,ADD,,,447.00,,447.00,3,BA,4,Standard,1,verified,matched by v2; not previously seeded
HSS TAP 4BA SET TOTEM,,OK,ADD,,,447.00,,1341.00,3,BA,4,Standard,3,verified,matched by v2; not previously seeded
HSS TAP 4BA TPR TOTEM,,OK,ADD,,,447.00,,447.00,3,BA,4,Standard,1,review,matched by v2; not previously seeded
HSS TAP 5 UNC SET TOTEM,OK,OK,KEEP,461.00,461,461.00,1383.00,1383.00,3,UNF/UNC,5,Standard,3,review,
HSS TAP 5 X .5 BOT TOTEM,OK,OK,KEEP,570.00,570,570.00,570.00,570.00,5,Metric Coarse,5.0 X 0.50/0.75,Standard,1,verified,
HSS TAP 5 X .5 SEC TOTEM,OK,OK,KEEP,570.00,570,570.00,570.00,570.00,5,Metric Coarse,5.0 X 0.50/0.75,Standard,1,review,
HSS TAP 5 X .5 SET TOTEM,OK,WRONG_FAMILY_OR_ABSENT,DROP,570.00,570,,1710.00,,5,Metric Coarse,5.0 X 0.50/0.75,Standard,3,verified,item absent from this project's stock_items
HSS TAP 5 X .8 BOT TOTEM,OK,OK,KEEP,419.00,419,419.00,419.00,419.00,4,Metric Coarse,5.0 X 0.80,Standard,1,verified,
HSS TAP 5 X .8 SEC TOTEM,OK,OK,KEEP,419.00,419,419.00,419.00,419.00,4,Metric Coarse,5.0 X 0.80,Standard,1,verified,
HSS TAP 5 X .8 SET GOLD TOTEM,OK,WRONG_FAMILY_OR_ABSENT,DROP,510.00,510,,1530.00,,9,Metric Coarse,5.0 X 0.80,STD GOLD,3,review,item absent from this project's stock_items
HSS TAP 5 X .8 SET TOTEM,OK,OK,KEEP,419.00,419,419.00,1257.00,1257.00,4,Metric Coarse,5.0 X 0.80,Standard,3,verified,
HSS TAP 5 X .8 SET XL TOTEM,OK,WRONG_FAMILY_OR_ABSENT,DROP,419.00,419,,1257.00,,4,Metric Coarse,5.0 X 0.80,Standard,3,review,item absent from this project's stock_items
HSS TAP 5 X .8 SF SET TOTEM,OK,OK,KEEP,447.00,447,447.00,1341.00,1341.00,4,Metric Coarse,5.0 X 0.80,SF/RS,3,verified,
HSS TAP 5 X .8 SPIREX TOTEM,OK,WRONG_FAMILY_OR_ABSENT,DROP,419.00,419,,419.00,,4,Metric Coarse,5.0 X 0.80,Standard,1,review,item absent from this project's stock_items
HSS TAP 5 X .8 SPPT GOLD TOTEM,OK,OK,KEEP,620.00,620,620.00,620.00,620.00,9,Metric Coarse,5.0 X 0.80,SPPT GOLD,1,verified,
HSS TAP 5 X .8 SPPT TOTEM,OK,OK,KEEP,518.00,518,518.00,518.00,518.00,4,Metric Coarse,5.0 X 0.80,SPPT,1,verified,
HSS TAP 5 X .8 TPR TOTEM,OK,OK,KEEP,419.00,419,419.00,419.00,419.00,4,Metric Coarse,5.0 X 0.80,Standard,1,verified,
"HSS TAP 5/16"" BSF BOT TOTEM",OK,OK,KEEP,480.00,480,480.00,480.00,480.00,3,BSW/BSF,5/16,Standard,1,verified,
"HSS TAP 5/16"" BSF SET TOTEM",OK,WRONG_FAMILY_OR_ABSENT,DROP,480.00,480,,1440.00,,3,BSW/BSF,5/16,Standard,3,review,item absent from this project's stock_items
"HSS TAP 5/16"" BSF TPR TOTEM",OK,OK,KEEP,480.00,480,480.00,480.00,480.00,3,BSW/BSF,5/16,Standard,1,review,
"HSS TAP 5/16"" BSW BOT TOTEM",OK,OK,KEEP,480.00,480,480.00,480.00,480.00,3,BSW/BSF,5/16,Standard,1,verified,
"HSS TAP 5/16"" BSW SEC TOTEM",OK,OK,KEEP,480.00,480,480.00,480.00,480.00,3,BSW/BSF,5/16,Standard,1,verified,
"HSS TAP 5/16"" BSW SET TOTEM",OK,OK,KEEP,480.00,480,480.00,1440.00,1440.00,3,BSW/BSF,5/16,Standard,3,verified,
"HSS TAP 5/16"" BSW SF SET TOTEM",OK,OK,KEEP,519.00,519,519.00,1557.00,1557.00,3,BSW/BSF,5/16,SF/RS,3,review,
"HSS TAP 5/16"" BSW TPR TOTEM",OK,OK,KEEP,480.00,480,480.00,480.00,480.00,3,BSW/BSF,5/16,Standard,1,verified,
"HSS TAP 5/16"" UNC BOT TOTEM",OK,OK,KEEP,480.00,480,480.00,480.00,480.00,3,UNF/UNC,5/16,Standard,1,verified,
"HSS TAP 5/16"" UNC SEC TOTEM",OK,OK,KEEP,480.00,480,480.00,480.00,480.00,3,UNF/UNC,5/16,Standard,1,verified,
"HSS TAP 5/16"" UNC SET TOTEM",OK,OK,KEEP,480.00,480,480.00,1440.00,1440.00,3,UNF/UNC,5/16,Standard,3,verified,
"HSS TAP 5/16"" UNC TPR TOTEM",OK,OK,KEEP,480.00,480,480.00,480.00,480.00,3,UNF/UNC,5/16,Standard,1,review,
"HSS TAP 5/16"" UNF BOT TOTEM",OK,OK,KEEP,480.00,480,480.00,480.00,480.00,3,UNF/UNC,5/16,Standard,1,verified,
"HSS TAP 5/16"" UNF SEC TOTEM",OK,WRONG_FAMILY_OR_ABSENT,DROP,480.00,480,,480.00,,3,UNF/UNC,5/16,Standard,1,verified,item absent from this project's stock_items
"HSS TAP 5/16"" UNF SET TOTEM",OK,OK,KEEP,480.00,480,480.00,1440.00,1440.00,3,UNF/UNC,5/16,Standard,3,review,
"HSS TAP 5/32"" BSW BOT TOTEM",OK,OK,KEEP,407.00,407,407.00,407.00,407.00,3,BSW/BSF,5/32,Standard,1,verified,
"HSS TAP 5/32"" BSW SEC TOTEM",OK,OK,KEEP,407.00,407,407.00,407.00,407.00,3,BSW/BSF,5/32,Standard,1,verified,
"HSS TAP 5/32"" BSW SET TOTEM",OK,OK,KEEP,407.00,407,407.00,1221.00,1221.00,3,BSW/BSF,5/32,Standard,3,verified,
"HSS TAP 5/32"" BSW TPR TOTEM",OK,OK,KEEP,407.00,407,407.00,407.00,407.00,3,BSW/BSF,5/32,Standard,1,verified,
"HSS TAP 5/8"" BSF BOT TOTEM",OK,OK,KEEP,1381.00,1381,1381.00,1381.00,1381.00,3,BSW/BSF,5/8,Standard,1,verified,
"HSS TAP 5/8"" BSP BOT TOTEM",OK,OK,KEEP,2513.00,2513,2513.00,2513.00,2513.00,3,BSP,5/8,Standard,1,verified,
"HSS TAP 5/8"" BSP PAIR TOTEM",OK,OK,KEEP,2513.00,2513,2513.00,5026.00,5026.00,3,BSP,5/8,Standard,2,verified,
"HSS TAP 5/8"" BSW BOT TOTEM",OK,OK,KEEP,1381.00,1381,1381.00,1381.00,1381.00,3,BSW/BSF,5/8,Standard,1,verified,
"HSS TAP 5/8"" BSW SEC TOTEM",OK,OK,KEEP,1381.00,1381,1381.00,1381.00,1381.00,3,BSW/BSF,5/8,Standard,1,verified,
"HSS TAP 5/8"" BSW SET TOTEM",OK,OK,KEEP,1381.00,1381,1381.00,4143.00,4143.00,3,BSW/BSF,5/8,Standard,3,verified,
"HSS TAP 5/8"" BSW TPR TOTEM",OK,OK,KEEP,1381.00,1381,1381.00,1381.00,1381.00,3,BSW/BSF,5/8,Standard,1,verified,
"HSS TAP 5/8"" UNC BOT TOTEM",OK,OK,KEEP,1381.00,1381,1381.00,1381.00,1381.00,3,UNF/UNC,5/8,Standard,1,verified,
"HSS TAP 5/8"" UNC SEC TOTEM",OK,OK,KEEP,1381.00,1381,1381.00,1381.00,1381.00,3,UNF/UNC,5/8,Standard,1,review,
"HSS TAP 5/8"" UNC SET TOTEM",OK,OK,KEEP,1381.00,1381,1381.00,4143.00,4143.00,3,UNF/UNC,5/8,Standard,3,verified,
"HSS TAP 5/8"" UNF BOT TOTEM",OK,OK,KEEP,1381.00,1381,1381.00,1381.00,1381.00,3,UNF/UNC,5/8,Standard,1,verified,
"HSS TAP 5/8"" UNF SEC TOTEM",OK,OK,KEEP,1381.00,1381,1381.00,1381.00,1381.00,3,UNF/UNC,5/8,Standard,1,review,
"HSS TAP 5/8"" UNF SET TOTEM",OK,OK,KEEP,1381.00,1381,1381.00,4143.00,4143.00,3,UNF/UNC,5/8,Standard,3,verified,
HSS TAP 50 X 1.5 BOT TOTEM,OK,WRONG_FAMILY_OR_ABSENT,DROP,22408.00,22408,,22408.00,,5,Metric Coarse,50.0 X 1.50/2.00/3.00,Standard,1,review,item absent from this project's stock_items
HSS TAP 50 X 1.5 SEC TOTEM,OK,WRONG_FAMILY_OR_ABSENT,DROP,22408.00,22408,,22408.00,,5,Metric Coarse,50.0 X 1.50/2.00/3.00,Standard,1,verified,item absent from this project's stock_items
HSS TAP 52 X 5 BOT TOTEM,OK,OK,KEEP,22424.00,22424,22424.00,22424.00,22424.00,4,Metric Coarse,52.0 X 5.00,Standard,1,review,
HSS TAP 52 X 5 SEC TOTEM,OK,OK,KEEP,22424.00,22424,22424.00,22424.00,22424.00,4,Metric Coarse,52.0 X 5.00,Standard,1,review,
HSS TAP 52 X 5 SET TOTEM,OK,WRONG_FAMILY_OR_ABSENT,DROP,22424.00,22424,,67272.00,,4,Metric Coarse,52.0 X 5.00,Standard,3,review,item absent from this project's stock_items
HSS TAP 52 X 5 TPR TOTEM,OK,OK,KEEP,22424.00,22424,22424.00,22424.00,22424.00,4,Metric Coarse,52.0 X 5.00,Standard,1,review,
HSS TAP 56 X 5.5 BOT TOTEM,OK,OK,KEEP,31912.00,31912,31912.00,31912.00,31912.00,4,Metric Coarse,56.0 X 5.50,Standard,1,review,
HSS TAP 56 X 5.5 SET TOTEM,OK,OK,KEEP,31912.00,31912,31912.00,95736.00,95736.00,4,Metric Coarse,56.0 X 5.50,Standard,3,review,
HSS TAP 56 X 5.5 TPR TOTEM,OK,OK,KEEP,31912.00,31912,31912.00,31912.00,31912.00,4,Metric Coarse,56.0 X 5.50,Standard,1,review,
HSS TAP 5BA BOT TOTEM,,OK,ADD,,,447.00,,447.00,3,BA,5,Standard,1,review,matched by v2; not previously seeded
HSS TAP 5BA SEC TOTEM,,OK,ADD,,,447.00,,447.00,3,BA,5,Standard,1,review,matched by v2; not previously seeded
HSS TAP 6 UNC BOT TOTEM,OK,OK,KEEP,461.00,461,461.00,461.00,461.00,3,UNF/UNC,6,Standard,1,verified,
HSS TAP 6 UNC SEC TOTEM,OK,OK,KEEP,461.00,461,461.00,461.00,461.00,3,UNF/UNC,6,Standard,1,verified,
HSS TAP 6 UNC SET TOTEM,OK,OK,KEEP,461.00,461,461.00,1383.00,1383.00,3,UNF/UNC,6,Standard,3,verified,
HSS TAP 6 UNC TPR TOTEM,OK,OK,KEEP,461.00,461,461.00,461.00,461.00,3,UNF/UNC,6,Standard,1,verified,
HSS TAP 6 X .75 BOT TOTEM,OK,OK,KEEP,570.00,570,570.00,570.00,570.00,5,Metric Coarse,6.0 X 0.75,Standard,1,verified,
HSS TAP 6 X .75 PAIR TOTEM,OK,OK,KEEP,570.00,570,570.00,1140.00,1140.00,5,Metric Coarse,6.0 X 0.75,Standard,2,verified,
HSS TAP 6 X 1 6G SPPT TOTEM,OK,WRONG_FAMILY_OR_ABSENT,DROP,518.00,518,,518.00,,4,Metric Coarse,6.0 X 1.00,SPPT,1,review,item absent from this project's stock_items
HSS TAP 6 X 1 BOT TOTEM,OK,OK,KEEP,419.00,419,419.00,419.00,419.00,4,Metric Coarse,6.0 X 1.00,Standard,1,verified,
HSS TAP 6 X 1 S TOTEM,OK,WRONG_FAMILY_OR_ABSENT,DROP,419.00,419,,419.00,,4,Metric Coarse,6.0 X 1.00,Standard,1,review,item absent from this project's stock_items
HSS TAP 6 X 1 SEC TOTEM,OK,OK,KEEP,419.00,419,419.00,419.00,419.00,4,Metric Coarse,6.0 X 1.00,Standard,1,verified,
HSS TAP 6 X 1 SET GOLD TOTEM,OK,OK,KEEP,510.00,510,510.00,1530.00,1530.00,9,Metric Coarse,6.0 X 1.00,STD GOLD,3,review,
HSS TAP 6 X 1 SET TOTEM,OK,OK,KEEP,419.00,419,419.00,1257.00,1257.00,4,Metric Coarse,6.0 X 1.00,Standard,3,verified,
HSS TAP 6 X 1 SF SEC TOTEM,OK,WRONG_FAMILY_OR_ABSENT,DROP,447.00,447,,447.00,,4,Metric Coarse,6.0 X 1.00,SF/RS,1,review,item absent from this project's stock_items
HSS TAP 6 X 1 SF SET TOTEM,OK,OK,KEEP,447.00,447,447.00,1341.00,1341.00,4,Metric Coarse,6.0 X 1.00,SF/RS,3,verified,
HSS TAP 6 X 1 SF TPR TOTEM,OK,WRONG_FAMILY_OR_ABSENT,DROP,447.00,447,,447.00,,4,Metric Coarse,6.0 X 1.00,SF/RS,1,review,item absent from this project's stock_items
HSS TAP 6 X 1 SPPT GOLD TOTEM,OK,OK,KEEP,620.00,620,620.00,620.00,620.00,9,Metric Coarse,6.0 X 1.00,SPPT GOLD,1,verified,
HSS TAP 6 X 1 SPPT TOTEM,OK,OK,KEEP,518.00,518,518.00,518.00,518.00,4,Metric Coarse,6.0 X 1.00,SPPT,1,verified,
HSS TAP 6 X 1 TPR TOTEM,OK,OK,KEEP,419.00,419,419.00,419.00,419.00,4,Metric Coarse,6.0 X 1.00,Standard,1,verified,
HSS TAP 64 X 6 BOT TOTEM,OK,OK,KEEP,35378.00,35378,35378.00,35378.00,35378.00,4,Metric Coarse,64.0 X 6.00,Standard,1,verified,
HSS TAP 64 X 6 SEC TOTEM,OK,WRONG_FAMILY_OR_ABSENT,DROP,35378.00,35378,,35378.00,,4,Metric Coarse,64.0 X 6.00,Standard,1,verified,item absent from this project's stock_items
HSS TAP 64 X 6 SET TOTEM,OK,OK,KEEP,35378.00,35378,35378.00,106134.00,106134.00,4,Metric Coarse,64.0 X 6.00,Standard,3,verified,
HSS TAP 64 X 6 TPR TOTEM,OK,OK,KEEP,35378.00,35378,35378.00,35378.00,35378.00,4,Metric Coarse,64.0 X 6.00,Standard,1,review,
HSS TAP 68 X 6 BOT TOTEM,OK,OK,KEEP,44132.00,44132,44132.00,44132.00,44132.00,4,Metric Coarse,68.0 X 6.00,Standard,1,verified,
HSS TAP 6BA BOT TOTEM,,OK,ADD,,,491.00,,491.00,3,BA,6,Standard,1,verified,matched by v2; not previously seeded
HSS TAP 6BA SET TOTEM,,OK,ADD,,,491.00,,1473.00,3,BA,6,Standard,3,review,matched by v2; not previously seeded
HSS TAP 7 X 1 BOT TOTEM,OK,OK,KEEP,535.00,535,535.00,535.00,535.00,4,Metric Coarse,7.0 X 1.00,Standard,1,verified,
HSS TAP 7 X 1 SEC TOTEM,OK,OK,KEEP,535.00,535,535.00,535.00,535.00,4,Metric Coarse,7.0 X 1.00,Standard,1,review,
HSS TAP 7 X 1 SET TOTEM,OK,OK,KEEP,535.00,535,535.00,1605.00,1605.00,4,Metric Coarse,7.0 X 1.00,Standard,3,verified,
"HSS TAP 7/16"" BSF BOT TOTEM",OK,OK,KEEP,747.00,747,747.00,747.00,747.00,3,BSW/BSF,7/16,Standard,1,verified,
"HSS TAP 7/16"" BSF SEC TOTEM",OK,WRONG_FAMILY_OR_ABSENT,DROP,747.00,747,,747.00,,3,BSW/BSF,7/16,Standard,1,review,item absent from this project's stock_items
"HSS TAP 7/16"" BSF SET TOTEM",OK,WRONG_FAMILY_OR_ABSENT,DROP,747.00,747,,2241.00,,3,BSW/BSF,7/16,Standard,3,review,item absent from this project's stock_items
"HSS TAP 7/16"" BSW SET TOTEM",OK,OK,KEEP,747.00,747,747.00,2241.00,2241.00,3,BSW/BSF,7/16,Standard,3,verified,
"HSS TAP 7/16"" UNC BOT TOTEM",OK,OK,KEEP,747.00,747,747.00,747.00,747.00,3,UNF/UNC,7/16,Standard,1,verified,
"HSS TAP 7/16"" UNC SEC TOTEM",OK,WRONG_FAMILY_OR_ABSENT,DROP,747.00,747,,747.00,,3,UNF/UNC,7/16,Standard,1,verified,item absent from this project's stock_items
"HSS TAP 7/16"" UNC SET TOTEM",OK,OK,KEEP,747.00,747,747.00,2241.00,2241.00,3,UNF/UNC,7/16,Standard,3,verified,
"HSS TAP 7/16"" UNF BOT TOTEM",OK,OK,KEEP,747.00,747,747.00,747.00,747.00,3,UNF/UNC,7/16,Standard,1,verified,
"HSS TAP 7/16"" UNF SEC TOTEM",OK,OK,KEEP,747.00,747,747.00,747.00,747.00,3,UNF/UNC,7/16,Standard,1,verified,
"HSS TAP 7/16"" UNF SET TOTEM",OK,OK,KEEP,747.00,747,747.00,2241.00,2241.00,3,UNF/UNC,7/16,Standard,3,verified,
"HSS TAP 7/16"" UNF TPR TOTEM",OK,WRONG_FAMILY_OR_ABSENT,DROP,747.00,747,,747.00,,3,UNF/UNC,7/16,Standard,1,review,item absent from this project's stock_items
"HSS TAP 7/32"" BSW BOT TOTEM",OK,OK,KEEP,461.00,461,461.00,461.00,461.00,3,BSW/BSF,7/32,Standard,1,review,
"HSS TAP 7/32"" BSW SEC TOTEM",OK,OK,KEEP,461.00,461,461.00,461.00,461.00,3,BSW/BSF,7/32,Standard,1,review,
"HSS TAP 7/8"" BSF BOT TOTEM",OK,WRONG_FAMILY_OR_ABSENT,DROP,2892.00,2892,,2892.00,,3,BSW/BSF,7/8,Standard,1,verified,item absent from this project's stock_items
"HSS TAP 7/8"" BSP BOT TOTEM",OK,OK,KEEP,4159.00,4159,4159.00,4159.00,4159.00,3,BSP,7/8,Standard,1,verified,
"HSS TAP 7/8"" BSP PAIR TOTEM",OK,OK,KEEP,4159.00,4159,4159.00,8318.00,8318.00,3,BSP,7/8,Standard,2,verified,
"HSS TAP 7/8"" BSW BOT TOTEM",OK,OK,KEEP,2892.00,2892,2892.00,2892.00,2892.00,3,BSW/BSF,7/8,Standard,1,verified,
"HSS TAP 7/8"" BSW SEC TOTEM",OK,OK,KEEP,2892.00,2892,2892.00,2892.00,2892.00,3,BSW/BSF,7/8,Standard,1,verified,
"HSS TAP 7/8"" BSW SET TOTEM",OK,OK,KEEP,2892.00,2892,2892.00,8676.00,8676.00,3,BSW/BSF,7/8,Standard,3,verified,
"HSS TAP 7/8"" UNC BOT TOTEM",OK,OK,KEEP,2892.00,2892,2892.00,2892.00,2892.00,3,UNF/UNC,7/8,Standard,1,verified,
"HSS TAP 7/8"" UNC SEC TOTEM",OK,WRONG_FAMILY_OR_ABSENT,DROP,2892.00,2892,,2892.00,,3,UNF/UNC,7/8,Standard,1,review,item absent from this project's stock_items
"HSS TAP 7/8"" UNC SET TOTEM",OK,OK,KEEP,2892.00,2892,2892.00,8676.00,8676.00,3,UNF/UNC,7/8,Standard,3,verified,
"HSS TAP 7/8"" UNF BOT TOTEM",OK,OK,KEEP,2892.00,2892,2892.00,2892.00,2892.00,3,UNF/UNC,7/8,Standard,1,verified,
"HSS TAP 7/8"" UNF SET TOTEM",OK,OK,KEEP,2892.00,2892,2892.00,8676.00,8676.00,3,UNF/UNC,7/8,Standard,3,verified,
HSS TAP 8 UNC BOT TOTEM,OK,OK,KEEP,461.00,461,461.00,461.00,461.00,3,UNF/UNC,8,Standard,1,verified,
HSS TAP 8 UNC SEC TOTEM,OK,OK,KEEP,461.00,461,461.00,461.00,461.00,3,UNF/UNC,8,Standard,1,verified,
HSS TAP 8 UNC SET TOTEM,OK,OK,KEEP,461.00,461,461.00,1383.00,1383.00,3,UNF/UNC,8,Standard,3,verified,
HSS TAP 8 UNC TPR TOTEM,OK,OK,KEEP,461.00,461,461.00,461.00,461.00,3,UNF/UNC,8,Standard,1,review,
HSS TAP 8 UNF SET TOTEM,OK,OK,KEEP,461.00,461,461.00,1383.00,1383.00,3,UNF/UNC,8,Standard,3,review,
HSS TAP 8 X 1 BOT TOTEM,OK,OK,KEEP,597.00,597,597.00,597.00,597.00,5,Metric Coarse,8.0 X 1.00,Standard,1,verified,
HSS TAP 8 X 1 PAIR TOTEM,OK,OK,KEEP,597.00,597,597.00,1194.00,1194.00,5,Metric Coarse,8.0 X 1.00,Standard,2,verified,
HSS TAP 8 X 1 SEC TOTEM,OK,OK,KEEP,597.00,597,597.00,597.00,597.00,5,Metric Coarse,8.0 X 1.00,Standard,1,verified,
HSS TAP 8 X 1 TPR TOTEM,OK,OK,KEEP,597.00,597,597.00,597.00,597.00,5,Metric Coarse,8.0 X 1.00,Standard,1,verified,
HSS TAP 8 X 1.25 6G BOT TOTEM,OK,WRONG_FAMILY_OR_ABSENT,DROP,504.00,504,,504.00,,4,Metric Coarse,8.0 X 1.25,Standard,1,review,item absent from this project's stock_items
HSS TAP 8 X 1.25 BOT RT SPL TOTEM,OK,OK,KEEP,504.00,504,504.00,504.00,504.00,4,Metric Coarse,8.0 X 1.25,Standard,1,review,
HSS TAP 8 X 1.25 BOT TOTEM,OK,OK,KEEP,504.00,504,504.00,504.00,504.00,4,Metric Coarse,8.0 X 1.25,Standard,1,verified,
HSS TAP 8 X 1.25 S TOTEM,OK,WRONG_FAMILY_OR_ABSENT,DROP,504.00,504,,504.00,,4,Metric Coarse,8.0 X 1.25,Standard,1,review,item absent from this project's stock_items
HSS TAP 8 X 1.25 SEC TOTEM,OK,OK,KEEP,504.00,504,504.00,504.00,504.00,4,Metric Coarse,8.0 X 1.25,Standard,1,verified,
HSS TAP 8 X 1.25 SET GOLD TOTEM,OK,OK,KEEP,575.00,575,575.00,1725.00,1725.00,9,Metric Coarse,8.0 X 1.25,STD GOLD,3,review,
HSS TAP 8 X 1.25 SET TOTEM,OK,OK,KEEP,504.00,504,504.00,1512.00,1512.00,4,Metric Coarse,8.0 X 1.25,Standard,3,verified,
HSS TAP 8 X 1.25 SET XL GOLD TOTEM,OK,WRONG_FAMILY_OR_ABSENT,DROP,575.00,575,,1725.00,,9,Metric Coarse,8.0 X 1.25,STD GOLD,3,review,item absent from this project's stock_items
HSS TAP 8 X 1.25 SF SET TOTEM,OK,OK,KEEP,519.00,519,519.00,1557.00,1557.00,4,Metric Coarse,8.0 X 1.25,SF/RS,3,verified,
HSS TAP 8 X 1.25 SPPT GOLD TOTEM,OK,OK,KEEP,685.00,685,685.00,685.00,685.00,9,Metric Coarse,8.0 X 1.25,SPPT GOLD,1,verified,
HSS TAP 8 X 1.25 SPPT TOTEM,OK,OK,KEEP,599.00,599,599.00,599.00,599.00,4,Metric Coarse,8.0 X 1.25,SPPT,1,verified,
HSS TAP 8 X 1.25 TPR TOTEM,OK,OK,KEEP,504.00,504,504.00,504.00,504.00,4,Metric Coarse,8.0 X 1.25,Standard,1,verified,
HSS TAP 8BA SET TOTEM,,OK,ADD,,,664.00,,1992.00,3,BA,8,Standard,3,review,matched by v2; not previously seeded
HSS TAP 9 X 1 BOT TOTEM,OK,OK,KEEP,737.00,737,737.00,737.00,737.00,5,Metric Coarse,9.0 X 1.00,Standard,1,verified,
HSS TAP 9 X 1 PAIR TOTEM,OK,OK,KEEP,737.00,737,737.00,1474.00,1474.00,5,Metric Coarse,9.0 X 1.00,Standard,2,verified,
HSS TAP 9 X 1 SET TOTEM,OK,WRONG_FAMILY_OR_ABSENT,DROP,737.00,737,,2211.00,,5,Metric Coarse,9.0 X 1.00,Standard,3,review,item absent from this project's stock_items
HSS TAP 9 X 1.25 6G SPPT TOTEM,OK,WRONG_FAMILY_OR_ABSENT,DROP,747.00,747,,747.00,,4,Metric Coarse,9.0 X 1.25,SPPT,1,review,item absent from this project's stock_items
HSS TAP 9 X 1.25 BOT TOTEM,OK,OK,KEEP,609.00,609,609.00,609.00,609.00,4,Metric Coarse,9.0 X 1.25,Standard,1,verified,
HSS TAP 9 X 1.25 SET TOTEM,OK,OK,KEEP,609.00,609,609.00,1827.00,1827.00,4,Metric Coarse,9.0 X 1.25,Standard,3,review,
HSS TAP 9 X 1.25 SPPT TOTEM,OK,OK,KEEP,747.00,747,747.00,747.00,747.00,4,Metric Coarse,9.0 X 1.25,SPPT,1,review,
"HSS TAP 9/16"" BSB BOT TOTEM",OK,OK,KEEP,1731.00,1731,1731.00,1731.00,1731.00,6,BSB,9/16,Standard,1,review,
"HSS TAP 9/16"" BSB TOTEM",OK,WRONG_FAMILY_OR_ABSENT,DROP,1731.00,1731,,1731.00,,6,BSB,9/16,Standard,1,review,item absent from this project's stock_items
"HSS TAP 9/16"" BSF SET TOTEM",OK,OK,KEEP,1381.00,1381,1381.00,4143.00,4143.00,3,BSW/BSF,9/16,Standard,3,review,
"HSS TAP 9/16"" BSW SET TOTEM",OK,OK,KEEP,1381.00,1381,1381.00,4143.00,4143.00,3,BSW/BSF,9/16,Standard,3,review,
"HSS TAP 9/16"" UNC BOT TOTEM",OK,OK,KEEP,1381.00,1381,1381.00,1381.00,1381.00,3,UNF/UNC,9/16,Standard,1,review,
"HSS TAP 9/16"" UNC SET TOTEM",OK,WRONG_FAMILY_OR_ABSENT,DROP,1381.00,1381,,4143.00,,3,UNF/UNC,9/16,Standard,3,review,item absent from this project's stock_items
"HSS TAP 9/16"" UNF BOT TOTEM",OK,OK,KEEP,1381.00,1381,1381.00,1381.00,1381.00,3,UNF/UNC,9/16,Standard,1,verified,
"HSS TAP 9/16"" UNF SEC TOTEM",OK,OK,KEEP,1381.00,1381,1381.00,1381.00,1381.00,3,UNF/UNC,9/16,Standard,1,review,
"HSS TAP 9/16"" UNF SET TOTEM",OK,OK,KEEP,1381.00,1381,1381.00,4143.00,4143.00,3,UNF/UNC,9/16,Standard,3,verified,
HSS TAP 9BA BOT TOTEM,,OK,ADD,,,953.00,,953.00,3,BA,9,Standard,1,review,matched by v2; not previously seeded
HSS TAP 9BA SET TOTEM,,OK,ADD,,,953.00,,2859.00,3,BA,9,Standard,3,review,matched by v2; not previously seeded
HSS TRD TAP 12 X 1.75 SET TOTEM,OK,OK,KEEP,947.00,947,947.00,2841.00,2841.00,4,Metric Coarse,12.0 X 1.75,Standard,3,review,
HSS TRD TAP 16 X 2 SET TOTEM,OK,OK,KEEP,1378.00,1378,1378.00,4134.00,4134.00,4,Metric Coarse,16.0 X 2.00,Standard,3,review,
HSS-E LONG TAP 16 X 2 TYPE B GOLD TOTEM,OK,WRONG_FAMILY_OR_ABSENT,DROP,1442.00,1442,,1442.00,,9,Metric Coarse,16.0 X 2.00,STD GOLD,1,review,item absent from this project's stock_items
HSS-E LONG TAP 6 X 1 TYPE C XL TICN TOTEM,OK,WRONG_FAMILY_OR_ABSENT,DROP,419.00,419,,419.00,,4,Metric Coarse,6.0 X 1.00,Standard,1,review,"HSS-E: priced on p11/p12-28, not matched yet"
HSS-E ROLL TAP 10 X 1.5 SD3 TOTEM,OK,WRONG_FAMILY_OR_ABSENT,DROP,609.00,609,,609.00,,4,Metric Coarse,10.0 X 1.50,Standard,1,review,"HSS-E: priced on p11/p12-28, not matched yet"
HSS-E ROLL TAP 12 X 1.75 SD3 TOTEM,OK,WRONG_FAMILY_OR_ABSENT,DROP,947.00,947,,947.00,,4,Metric Coarse,12.0 X 1.75,Standard,1,review,"HSS-E: priced on p11/p12-28, not matched yet"
HSS-E ROLL TAP 14 X 1.5 6G SDF3 TOTEM,OK,WRONG_FAMILY_OR_ABSENT,DROP,1381.00,1381,,1381.00,,5,Metric Coarse,14.0 X 1.50,Standard,1,review,"HSS-E: priced on p11/p12-28, not matched yet"
HSS-E ROLL TAP 3.5 X .6 SD3 TOTEM,OK,WRONG_FAMILY_OR_ABSENT,DROP,390.00,390,,390.00,,4,Metric Coarse,3.5 X 0.60,Standard,1,review,"HSS-E: priced on p11/p12-28, not matched yet"
HSS-E ROLL TAP 4 X .7 SD1 TOTEM,OK,WRONG_FAMILY_OR_ABSENT,DROP,390.00,390,,390.00,,4,Metric Coarse,4.0 X 0.70,Standard,1,review,"HSS-E: priced on p11/p12-28, not matched yet"
HSS-E ROLL TAP 4 X .7 SD3 TOTEM,OK,WRONG_FAMILY_OR_ABSENT,DROP,390.00,390,,390.00,,4,Metric Coarse,4.0 X 0.70,Standard,1,review,"HSS-E: priced on p11/p12-28, not matched yet"
HSS-E ROLL TAP 5 X .8 SD3 TOTEM,OK,WRONG_FAMILY_OR_ABSENT,DROP,419.00,419,,419.00,,4,Metric Coarse,5.0 X 0.80,Standard,1,review,"HSS-E: priced on p11/p12-28, not matched yet"
HSS-E ROLL TAP 6 X 1 O/G TIN GOLD TOTEM,OK,WRONG_FAMILY_OR_ABSENT,DROP,510.00,510,,510.00,,9,Metric Coarse,6.0 X 1.00,STD GOLD,1,review,item absent from this project's stock_items
HSS-E ROLL TAP 6 X 1 SD3 TOTEM,OK,WRONG_FAMILY_OR_ABSENT,DROP,419.00,419,,419.00,,4,Metric Coarse,6.0 X 1.00,Standard,1,review,"HSS-E: priced on p11/p12-28, not matched yet"
HSS-E ROLL TAP 8 X 1.25 SD3 TOTEM,OK,WRONG_FAMILY_OR_ABSENT,DROP,504.00,504,,504.00,,4,Metric Coarse,8.0 X 1.25,Standard,1,review,"HSS-E: priced on p11/p12-28, not matched yet"
"HSS-E TAP 1/2"" BSP SBU2 TOTEM",OK,WRONG_FAMILY_OR_ABSENT,DROP,2269.00,2269,,2269.00,,3,BSP,1/2,Standard,1,review,item absent from this project's stock_items
"HSS-E TAP 1/2"" UNC HPT SPIREX HIGH HELIX TOTEM",OK,WRONG_FAMILY_OR_ABSENT,DROP,954.00,954,,954.00,,3,UNF/UNC,1/2,Standard,1,review,"HSS-E: priced on p11/p12-28, not matched yet"
"HSS-E TAP 1/2"" UNC SB3 TOTEM",OK,WRONG_FAMILY_OR_ABSENT,DROP,954.00,954,,954.00,,3,UNF/UNC,1/2,Standard,1,review,item absent from this project's stock_items
"HSS-E TAP 1/2"" UNC SB4 TOTEM",OK,WRONG_FAMILY_OR_ABSENT,DROP,954.00,954,,954.00,,3,UNF/UNC,1/2,Standard,1,review,"HSS-E: priced on p11/p12-28, not matched yet"
"HSS-E TAP 1/2"" UNC SC4 TOTEM",OK,WRONG_FAMILY_OR_ABSENT,DROP,954.00,954,,954.00,,3,UNF/UNC,1/2,Standard,1,review,item absent from this project's stock_items
"HSS-E TAP 1/4"" BSP SA1 TOTEM",OK,WRONG_FAMILY_OR_ABSENT,DROP,1023.00,1023,,1023.00,,3,BSP,1/4,Standard,1,review,item absent from this project's stock_items
"HSS-E TAP 1/4"" BSP SB3 TOTEM",OK,WRONG_FAMILY_OR_ABSENT,DROP,1023.00,1023,,1023.00,,3,BSP,1/4,Standard,1,review,item absent from this project's stock_items
"HSS-E TAP 1/4"" BSP SPFL TIN SB3 TOTEM",OK,WRONG_FAMILY_OR_ABSENT,DROP,1023.00,1023,,1023.00,,3,BSP,1/4,Standard,1,review,item absent from this project's stock_items
"HSS-E TAP 1/4"" BSP SPIREX TOTEM",OK,WRONG_FAMILY_OR_ABSENT,DROP,1023.00,1023,,1023.00,,3,BSP,1/4,Standard,1,review,item absent from this project's stock_items
"HSS-E TAP 1/4"" UNC SB3 TOTEM",OK,WRONG_FAMILY_OR_ABSENT,DROP,423.00,423,,423.00,,3,UNF/UNC,1/4,Standard,1,review,"HSS-E: priced on p11/p12-28, not matched yet"
"HSS-E TAP 1/4"" UNF SA4 TOTEM",OK,WRONG_FAMILY_OR_ABSENT,DROP,423.00,423,,423.00,,3,UNF/UNC,1/4,Standard,1,review,item absent from this project's stock_items
"HSS-E TAP 1/8"" BSP SB3 SPFL TIN TOTEM",OK,WRONG_FAMILY_OR_ABSENT,DROP,671.00,671,,671.00,,3,BSP,1/8,Standard,1,review,item absent from this project's stock_items
"HSS-E TAP 1/8"" BSP SPFL TIN TOTEM",OK,WRONG_FAMILY_OR_ABSENT,DROP,671.00,671,,671.00,,3,BSP,1/8,Standard,1,review,item absent from this project's stock_items
"HSS-E TAP 1/8"" BSPT BOT GOLD TOTEM",OK,WRONG_FAMILY_OR_ABSENT,DROP,1154.00,1154,,1154.00,,8,BSPT,1/8,STD GOLD,1,review,item absent from this project's stock_items
HSS-E TAP 10 X 1 SA3 TOTEM,OK,WRONG_FAMILY_OR_ABSENT,DROP,678.00,678,,678.00,,5,Metric Coarse,10.0 X 1.00/1.25,Standard,1,review,"HSS-E: priced on p11/p12-28, not matched yet"
HSS-E TAP 10 X 1 SAF3 TOTEM,OK,WRONG_FAMILY_OR_ABSENT,DROP,678.00,678,,678.00,,5,Metric Coarse,10.0 X 1.00/1.25,Standard,1,verified,item absent from this project's stock_items
HSS-E TAP 10 X 1 SB3 TOTEM,OK,WRONG_FAMILY_OR_ABSENT,DROP,678.00,678,,678.00,,5,Metric Coarse,10.0 X 1.00/1.25,Standard,1,review,"HSS-E: priced on p11/p12-28, not matched yet"
HSS-E TAP 10 X 1.5 SA2 TOTEM,OK,WRONG_FAMILY_OR_ABSENT,DROP,609.00,609,,609.00,,4,Metric Coarse,10.0 X 1.50,Standard,1,review,"HSS-E: priced on p11/p12-28, not matched yet"
HSS-E TAP 10 X 1.5 SA3 TOTEM,OK,WRONG_FAMILY_OR_ABSENT,DROP,609.00,609,,609.00,,4,Metric Coarse,10.0 X 1.50,Standard,1,review,"HSS-E: priced on p11/p12-28, not matched yet"
HSS-E TAP 10 X 1.5 SAS5 TOTEM,OK,WRONG_FAMILY_OR_ABSENT,DROP,609.00,609,,609.00,,4,Metric Coarse,10.0 X 1.50,Standard,1,review,"HSS-E: priced on p11/p12-28, not matched yet"
HSS-E TAP 10 X 1.5 SB2 TOTEM,OK,WRONG_FAMILY_OR_ABSENT,DROP,609.00,609,,609.00,,4,Metric Coarse,10.0 X 1.50,Standard,1,review,"HSS-E: priced on p11/p12-28, not matched yet"
HSS-E TAP 10 X 1.5 SB3 TOTEM,OK,WRONG_FAMILY_OR_ABSENT,DROP,609.00,609,,609.00,,4,Metric Coarse,10.0 X 1.50,Standard,1,review,"HSS-E: priced on p11/p12-28, not matched yet"
HSS-E TAP 10 X 1.5 SBF3 TOTEM,OK,WRONG_FAMILY_OR_ABSENT,DROP,609.00,609,,609.00,,4,Metric Coarse,10.0 X 1.50,Standard,1,review,"HSS-E: priced on p11/p12-28, not matched yet"
HSS-E TAP 10 X 1.5 SBS5 TOTEM,OK,WRONG_FAMILY_OR_ABSENT,DROP,609.00,609,,609.00,,4,Metric Coarse,10.0 X 1.50,Standard,1,review,"HSS-E: priced on p11/p12-28, not matched yet"
HSS-E TAP 10 X 1.5 SET GOLD TOTEM,OK,WRONG_FAMILY_OR_ABSENT,DROP,711.00,711,,2133.00,,9,Metric Coarse,10.0 X 1.50,STD GOLD,3,review,item absent from this project's stock_items
HSS-E TAP 10 X 1.5 SET XL GOLD TOTEM,OK,WRONG_FAMILY_OR_ABSENT,DROP,711.00,711,,2133.00,,9,Metric Coarse,10.0 X 1.50,STD GOLD,3,review,item absent from this project's stock_items
HSS-E TAP 10 X 1.5 SF SET GOLD TOTEM,OK,WRONG_FAMILY_OR_ABSENT,DROP,711.00,711,,2133.00,,9,Metric Coarse,10.0 X 1.50,STD GOLD,3,review,item absent from this project's stock_items
HSS-E TAP 10 X 1.5 SPFL GOLD TOTEM,OK,WRONG_FAMILY_OR_ABSENT,DROP,711.00,711,,711.00,,9,Metric Coarse,10.0 X 1.50,STD GOLD,1,review,item absent from this project's stock_items
HSS-E TAP 10 X 1.5 SPIREX GOLD TOTEM,OK,WRONG_FAMILY_OR_ABSENT,DROP,711.00,711,,711.00,,9,Metric Coarse,10.0 X 1.50,STD GOLD,1,review,"HSS-E: priced on p11/p12-28, not matched yet"
HSS-E TAP 12 X 1.75 SA2 TOTEM,OK,WRONG_FAMILY_OR_ABSENT,DROP,947.00,947,,947.00,,4,Metric Coarse,12.0 X 1.75,Standard,1,review,"HSS-E: priced on p11/p12-28, not matched yet"
HSS-E TAP 12 X 1.75 SA3 TOTEM,OK,WRONG_FAMILY_OR_ABSENT,DROP,947.00,947,,947.00,,4,Metric Coarse,12.0 X 1.75,Standard,1,review,"HSS-E: priced on p11/p12-28, not matched yet"
HSS-E TAP 12 X 1.75 SAS5 TOTEM,OK,WRONG_FAMILY_OR_ABSENT,DROP,947.00,947,,947.00,,4,Metric Coarse,12.0 X 1.75,Standard,1,review,"HSS-E: priced on p11/p12-28, not matched yet"
HSS-E TAP 12 X 1.75 SB3 TOTEM,OK,WRONG_FAMILY_OR_ABSENT,DROP,947.00,947,,947.00,,4,Metric Coarse,12.0 X 1.75,Standard,1,review,"HSS-E: priced on p11/p12-28, not matched yet"
HSS-E TAP 12 X 1.75 SBF3 TOTEM,OK,WRONG_FAMILY_OR_ABSENT,DROP,947.00,947,,947.00,,4,Metric Coarse,12.0 X 1.75,Standard,1,review,"HSS-E: priced on p11/p12-28, not matched yet"
HSS-E TAP 12 X 1.75 SBS5 TOTEM,OK,WRONG_FAMILY_OR_ABSENT,DROP,947.00,947,,947.00,,4,Metric Coarse,12.0 X 1.75,Standard,1,review,"HSS-E: priced on p11/p12-28, not matched yet"
HSS-E TAP 12 X 1.75 SET XL GOLD TOTEM,OK,WRONG_FAMILY_OR_ABSENT,DROP,1086.00,1086,,3258.00,,9,Metric Coarse,12.0 X 1.75,STD GOLD,3,review,item absent from this project's stock_items
HSS-E TAP 12 X 1.75 SF SET GOLD TOTEM,OK,WRONG_FAMILY_OR_ABSENT,DROP,1086.00,1086,,3258.00,,9,Metric Coarse,12.0 X 1.75,STD GOLD,3,review,item absent from this project's stock_items
HSS-E TAP 12 X 1.75 SPFL TIN TOTEM,OK,WRONG_FAMILY_OR_ABSENT,DROP,947.00,947,,947.00,,4,Metric Coarse,12.0 X 1.75,Standard,1,review,"HSS-E: priced on p11/p12-28, not matched yet"
HSS-E TAP 12 X 1.75 SPIREX GOLD TOTEM,OK,WRONG_FAMILY_OR_ABSENT,DROP,1086.00,1086,,1086.00,,9,Metric Coarse,12.0 X 1.75,STD GOLD,1,review,"HSS-E: priced on p11/p12-28, not matched yet"
HSS-E TAP 14 X 2 SA3 TOTEM,OK,WRONG_FAMILY_OR_ABSENT,DROP,1378.00,1378,,1378.00,,4,Metric Coarse,14.0 X 2.00,Standard,1,review,"HSS-E: priced on p11/p12-28, not matched yet"
HSS-E TAP 16 X 1 SB3 TOTEM,OK,WRONG_FAMILY_OR_ABSENT,DROP,1426.00,1426,,1426.00,,5,Metric Coarse,16.0 X 1.00,Standard,1,review,item absent from this project's stock_items
HSS-E TAP 16 X 1.5 SA3 TOTEM,OK,WRONG_FAMILY_OR_ABSENT,DROP,1381.00,1381,,1381.00,,5,Metric Coarse,16.0 X 1.50,Standard,1,review,item absent from this project's stock_items
HSS-E TAP 16 X 1.5 SAS5 TOTEM,OK,WRONG_FAMILY_OR_ABSENT,DROP,1381.00,1381,,1381.00,,5,Metric Coarse,16.0 X 1.50,Standard,1,review,item absent from this project's stock_items
HSS-E TAP 16 X 1.5 SB3 TOTEM,OK,WRONG_FAMILY_OR_ABSENT,DROP,1381.00,1381,,1381.00,,5,Metric Coarse,16.0 X 1.50,Standard,1,review,item absent from this project's stock_items
HSS-E TAP 16 X 1.5 SPIREX TOTEM,OK,WRONG_FAMILY_OR_ABSENT,DROP,1381.00,1381,,1381.00,,5,Metric Coarse,16.0 X 1.50,Standard,1,review,"HSS-E: priced on p11/p12-28, not matched yet"
HSS-E TAP 16 X 2 6G SA3 TOTEM,OK,WRONG_FAMILY_OR_ABSENT,DROP,1378.00,1378,,1378.00,,4,Metric Coarse,16.0 X 2.00,Standard,1,review,"HSS-E: priced on p11/p12-28, not matched yet"
HSS-E TAP 16 X 2 D376 16 X 2 6G SA5 TOTEM,OK,WRONG_FAMILY_OR_ABSENT,DROP,1378.00,1378,,1378.00,,4,Metric Coarse,16.0 X 2.00,Standard,1,review,"HSS-E: priced on p11/p12-28, not matched yet"
HSS-E TAP 16 X 2 SA3 TOTEM,OK,WRONG_FAMILY_OR_ABSENT,DROP,1378.00,1378,,1378.00,,4,Metric Coarse,16.0 X 2.00,Standard,1,review,"HSS-E: priced on p11/p12-28, not matched yet"
HSS-E TAP 16 X 2 SB3 TOTEM,OK,WRONG_FAMILY_OR_ABSENT,DROP,1378.00,1378,,1378.00,,4,Metric Coarse,16.0 X 2.00,Standard,1,review,"HSS-E: priced on p11/p12-28, not matched yet"
HSS-E TAP 16 X 2 SF SET GOLD TOTEM,OK,WRONG_FAMILY_OR_ABSENT,DROP,1442.00,1442,,4326.00,,9,Metric Coarse,16.0 X 2.00,STD GOLD,3,review,item absent from this project's stock_items
HSS-E TAP 16 X 2 SPIREX GOLD TOTEM,OK,WRONG_FAMILY_OR_ABSENT,DROP,1442.00,1442,,1442.00,,9,Metric Coarse,16.0 X 2.00,STD GOLD,1,review,"HSS-E: priced on p11/p12-28, not matched yet"
HSS-E TAP 18 X 1.5 SB3 TOTEM,OK,WRONG_FAMILY_OR_ABSENT,DROP,2367.00,2367,,2367.00,,5,Metric Coarse,18.0 X 1.50,Standard,1,review,"HSS-E: priced on p11/p12-28, not matched yet"
HSS-E TAP 18 X 1.5 SC4 TOTEM,OK,WRONG_FAMILY_OR_ABSENT,DROP,2367.00,2367,,2367.00,,5,Metric Coarse,18.0 X 1.50,Standard,1,review,"HSS-E: priced on p11/p12-28, not matched yet"
HSS-E TAP 20 X 2.5 7G SB3 TOTEM,OK,WRONG_FAMILY_OR_ABSENT,DROP,2652.00,2652,,2652.00,,4,Metric Coarse,20.0 X 2.50,Standard,1,review,"HSS-E: priced on p11/p12-28, not matched yet"
HSS-E TAP 20 X 2.5 SPIREX GOLD TOTEM,OK,WRONG_FAMILY_OR_ABSENT,DROP,3388.00,3388,,3388.00,,9,Metric Coarse,20.0 X 2.50,STD GOLD,1,review,item absent from this project's stock_items
HSS-E TAP 24 X 3 6G LHRH SBF2 OAL 180 TOTEM,OK,WRONG_FAMILY_OR_ABSENT,DROP,3167.00,3167,,3167.00,,4,Metric Coarse,24.0 X 3.00,Standard,1,review,"HSS-E: priced on p11/p12-28, not matched yet"
HSS-E TAP 27 X 3 6G LHRH SBF2 OAL 180 TOTEM,OK,WRONG_FAMILY_OR_ABSENT,DROP,4795.00,4795,,4795.00,,4,Metric Coarse,27.0 X 3.00,Standard,1,review,"HSS-E: priced on p11/p12-28, not matched yet"
HSS-E TAP 27 X 3 6G RHLH SBF2 OAL 180 TOTEM,OK,WRONG_FAMILY_OR_ABSENT,DROP,4795.00,4795,,4795.00,,4,Metric Coarse,27.0 X 3.00,Standard,1,review,"HSS-E: priced on p11/p12-28, not matched yet"
HSS-E TAP 3 X .5 SBS5 TOTEM,OK,WRONG_FAMILY_OR_ABSENT,DROP,390.00,390,,390.00,,4,Metric Coarse,3.0 X 0.50,Standard,1,review,"HSS-E: priced on p11/p12-28, not matched yet"
HSS-E TAP 3 X .5 SPIREX TOTEM,OK,WRONG_FAMILY_OR_ABSENT,DROP,390.00,390,,390.00,,4,Metric Coarse,3.0 X 0.50,Standard,1,review,"HSS-E: priced on p11/p12-28, not matched yet"
"HSS-E TAP 3/8"" BSP SB3 TOTEM",OK,WRONG_FAMILY_OR_ABSENT,DROP,1501.00,1501,,1501.00,,3,BSP,3/8,Standard,1,review,item absent from this project's stock_items
"HSS-E TAP 3/8"" UNC SA3 TOTEM",OK,WRONG_FAMILY_OR_ABSENT,DROP,585.00,585,,585.00,,3,UNF/UNC,3/8,Standard,1,review,"HSS-E: priced on p11/p12-28, not matched yet"
HSS-E TAP 30 X 3.5 SPFL SBS3 TOTEM,OK,WRONG_FAMILY_OR_ABSENT,DROP,5360.00,5360,,5360.00,,4,Metric Coarse,30.0 X 3.50,Standard,1,review,"HSS-E: priced on p11/p12-28, not matched yet"
HSS-E TAP 4 X .7 SAS5 TOTEM,OK,WRONG_FAMILY_OR_ABSENT,DROP,390.00,390,,390.00,,4,Metric Coarse,4.0 X 0.70,Standard,1,review,"HSS-E: priced on p11/p12-28, not matched yet"
HSS-E TAP 4 X .7 SB3 TOTEM,OK,WRONG_FAMILY_OR_ABSENT,DROP,390.00,390,,390.00,,4,Metric Coarse,4.0 X 0.70,Standard,1,review,"HSS-E: priced on p11/p12-28, not matched yet"
HSS-E TAP 4 X .7 SBS5 TOTEM,OK,WRONG_FAMILY_OR_ABSENT,DROP,390.00,390,,390.00,,4,Metric Coarse,4.0 X 0.70,Standard,1,review,"HSS-E: priced on p11/p12-28, not matched yet"
HSS-E TAP 4 X .7 SD1 TOTEM,OK,WRONG_FAMILY_OR_ABSENT,DROP,390.00,390,,390.00,,4,Metric Coarse,4.0 X 0.70,Standard,1,review,"HSS-E: priced on p11/p12-28, not matched yet"
HSS-E TAP 4 X .7 SET XL GOLD TOTEM,OK,WRONG_FAMILY_OR_ABSENT,DROP,496.00,496,,1488.00,,9,Metric Coarse,4.0 X 0.70,STD GOLD,3,review,item absent from this project's stock_items
HSS-E TAP 4 X .7 SF SET GOLD TOTEM,OK,WRONG_FAMILY_OR_ABSENT,DROP,496.00,496,,1488.00,,9,Metric Coarse,4.0 X 0.70,STD GOLD,3,review,"HSS-E: priced on p11/p12-28, not matched yet"
HSS-E TAP 4 X .7 SPIREX TOTEM,OK,WRONG_FAMILY_OR_ABSENT,DROP,390.00,390,,390.00,,4,Metric Coarse,4.0 X 0.70,Standard,1,review,"HSS-E: priced on p11/p12-28, not matched yet"
HSS-E TAP 5 X .8 SAF3 TOTEM,OK,WRONG_FAMILY_OR_ABSENT,DROP,419.00,419,,419.00,,4,Metric Coarse,5.0 X 0.80,Standard,1,review,"HSS-E: priced on p11/p12-28, not matched yet"
HSS-E TAP 5 X .8 SAS5 TOTEM,OK,WRONG_FAMILY_OR_ABSENT,DROP,419.00,419,,419.00,,4,Metric Coarse,5.0 X 0.80,Standard,1,review,"HSS-E: priced on p11/p12-28, not matched yet"
HSS-E TAP 5 X .8 SB3 TOTEM,OK,WRONG_FAMILY_OR_ABSENT,DROP,419.00,419,,419.00,,4,Metric Coarse,5.0 X 0.80,Standard,1,review,"HSS-E: priced on p11/p12-28, not matched yet"
HSS-E TAP 5 X .8 SBS5 TOTEM,OK,WRONG_FAMILY_OR_ABSENT,DROP,419.00,419,,419.00,,4,Metric Coarse,5.0 X 0.80,Standard,1,review,"HSS-E: priced on p11/p12-28, not matched yet"
HSS-E TAP 5 X .8 SET GOLD TOTEM,OK,WRONG_FAMILY_OR_ABSENT,DROP,510.00,510,,1530.00,,9,Metric Coarse,5.0 X 0.80,STD GOLD,3,review,item absent from this project's stock_items
HSS-E TAP 5 X .8 SF SET GOLD TOTEM,OK,WRONG_FAMILY_OR_ABSENT,DROP,510.00,510,,1530.00,,9,Metric Coarse,5.0 X 0.80,STD GOLD,3,review,"HSS-E: priced on p11/p12-28, not matched yet"
HSS-E TAP 5 X .8 SPIREX GOLD TOTEM,OK,WRONG_FAMILY_OR_ABSENT,DROP,510.00,510,,510.00,,9,Metric Coarse,5.0 X 0.80,STD GOLD,1,review,"HSS-E: priced on p11/p12-28, not matched yet"
"HSS-E TAP 5/16"" UNC SB3 TOTEM",OK,WRONG_FAMILY_OR_ABSENT,DROP,480.00,480,,480.00,,3,UNF/UNC,5/16,Standard,1,review,"HSS-E: priced on p11/p12-28, not matched yet"
"HSS-E TAP 5/16"" UNF SA3 TOTEM",OK,WRONG_FAMILY_OR_ABSENT,DROP,480.00,480,,480.00,,3,UNF/UNC,5/16,Standard,1,review,"HSS-E: priced on p11/p12-28, not matched yet"
"HSS-E TAP 5/16"" UNF SB3 TOTEM",OK,WRONG_FAMILY_OR_ABSENT,DROP,480.00,480,,480.00,,3,UNF/UNC,5/16,Standard,1,review,"HSS-E: priced on p11/p12-28, not matched yet"
HSS-E TAP 6 X 1 D371 6 X 1 SA5 TOTEM,OK,WRONG_FAMILY_OR_ABSENT,DROP,419.00,419,,419.00,,4,Metric Coarse,6.0 X 1.00,Standard,1,review,"HSS-E: priced on p11/p12-28, not matched yet"
HSS-E TAP 6 X 1 SA3 TOTEM,OK,WRONG_FAMILY_OR_ABSENT,DROP,419.00,419,,419.00,,4,Metric Coarse,6.0 X 1.00,Standard,1,review,"HSS-E: priced on p11/p12-28, not matched yet"
HSS-E TAP 6 X 1 SAF3 TOTEM,OK,WRONG_FAMILY_OR_ABSENT,DROP,419.00,419,,419.00,,4,Metric Coarse,6.0 X 1.00,Standard,1,review,"HSS-E: priced on p11/p12-28, not matched yet"
HSS-E TAP 6 X 1 SAS5 TOTEM,OK,WRONG_FAMILY_OR_ABSENT,DROP,419.00,419,,419.00,,4,Metric Coarse,6.0 X 1.00,Standard,1,review,"HSS-E: priced on p11/p12-28, not matched yet"
HSS-E TAP 6 X 1 SB3 TOTEM,OK,WRONG_FAMILY_OR_ABSENT,DROP,419.00,419,,419.00,,4,Metric Coarse,6.0 X 1.00,Standard,1,review,"HSS-E: priced on p11/p12-28, not matched yet"
HSS-E TAP 6 X 1 SBS5 TOTEM,OK,WRONG_FAMILY_OR_ABSENT,DROP,419.00,419,,419.00,,4,Metric Coarse,6.0 X 1.00,Standard,1,review,"HSS-E: priced on p11/p12-28, not matched yet"
HSS-E TAP 6 X 1 SET GOLD TOTEM,OK,WRONG_FAMILY_OR_ABSENT,DROP,510.00,510,,1530.00,,9,Metric Coarse,6.0 X 1.00,STD GOLD,3,review,item absent from this project's stock_items
HSS-E TAP 6 X 1 SF SET GOLD TOTEM,OK,WRONG_FAMILY_OR_ABSENT,DROP,510.00,510,,1530.00,,9,Metric Coarse,6.0 X 1.00,STD GOLD,3,review,"HSS-E: priced on p11/p12-28, not matched yet"
HSS-E TAP 6 X 1 SPIREX BLD TOTEM,OK,WRONG_FAMILY_OR_ABSENT,DROP,419.00,419,,419.00,,4,Metric Coarse,6.0 X 1.00,Standard,1,review,item absent from this project's stock_items
HSS-E TAP 6 X 1 SPIREX GOLD TOTEM,OK,WRONG_FAMILY_OR_ABSENT,DROP,510.00,510,,510.00,,9,Metric Coarse,6.0 X 1.00,STD GOLD,1,review,"HSS-E: priced on p11/p12-28, not matched yet"
"HSS-E TAP 7/16"" UNC SB3 TOTEM",OK,WRONG_FAMILY_OR_ABSENT,DROP,747.00,747,,747.00,,3,UNF/UNC,7/16,Standard,1,review,item absent from this project's stock_items
HSS-E TAP 8 X 1 SB3 TOTEM,OK,WRONG_FAMILY_OR_ABSENT,DROP,597.00,597,,597.00,,5,Metric Coarse,8.0 X 1.00,Standard,1,review,"HSS-E: priced on p11/p12-28, not matched yet"
HSS-E TAP 8 X 1.25 SAF3 TOTEM,OK,WRONG_FAMILY_OR_ABSENT,DROP,504.00,504,,504.00,,4,Metric Coarse,8.0 X 1.25,Standard,1,review,"HSS-E: priced on p11/p12-28, not matched yet"
HSS-E TAP 8 X 1.25 SAS5 TOTEM,OK,WRONG_FAMILY_OR_ABSENT,DROP,504.00,504,,504.00,,4,Metric Coarse,8.0 X 1.25,Standard,1,review,"HSS-E: priced on p11/p12-28, not matched yet"
HSS-E TAP 8 X 1.25 SB3 TOTEM,OK,WRONG_FAMILY_OR_ABSENT,DROP,504.00,504,,504.00,,4,Metric Coarse,8.0 X 1.25,Standard,1,review,"HSS-E: priced on p11/p12-28, not matched yet"
HSS-E TAP 8 X 1.25 SBS5 TOTEM,OK,WRONG_FAMILY_OR_ABSENT,DROP,504.00,504,,504.00,,4,Metric Coarse,8.0 X 1.25,Standard,1,review,"HSS-E: priced on p11/p12-28, not matched yet"
HSS-E TAP 8 X 1.25 SET XL GOLD TOTEM,OK,WRONG_FAMILY_OR_ABSENT,DROP,575.00,575,,1725.00,,9,Metric Coarse,8.0 X 1.25,STD GOLD,3,review,item absent from this project's stock_items
HSS-E TAP 8 X 1.25 SF SET GOLD TOTEM,OK,WRONG_FAMILY_OR_ABSENT,DROP,575.00,575,,1725.00,,9,Metric Coarse,8.0 X 1.25,STD GOLD,3,review,"HSS-E: priced on p11/p12-28, not matched yet"
HSS-E TAP 8 X 1.25 SPFL GOLD TOTEM,OK,WRONG_FAMILY_OR_ABSENT,DROP,575.00,575,,575.00,,9,Metric Coarse,8.0 X 1.25,STD GOLD,1,review,"HSS-E: priced on p11/p12-28, not matched yet"
HSS-E TAP 8 X 1.25 SPIREX GOLD TOTEM,OK,WRONG_FAMILY_OR_ABSENT,DROP,575.00,575,,575.00,,9,Metric Coarse,8.0 X 1.25,STD GOLD,1,review,"HSS-E: priced on p11/p12-28, not matched yet"
HSS-E TAP 9 X 1.25 SA3 TOTEM,OK,WRONG_FAMILY_OR_ABSENT,DROP,609.00,609,,609.00,,4,Metric Coarse,9.0 X 1.25,Standard,1,review,item absent from this project's stock_items
"HSSS TAP 5/8"" BSW SEC TOTEM",OK,WRONG_FAMILY_OR_ABSENT,DROP,1381.00,1381,,1381.00,,3,BSW/BSF,5/8,Standard,1,review,item absent from this project's stock_items
SOLID CARBIDE ROLL TAP 6 X 1 TH CO TOTEM,OK,WRONG_FAMILY_OR_ABSENT,DROP,419.00,419,,419.00,,4,Metric Coarse,6.0 X 1.00,Standard,1,review,solid carbide - not in this HSS price list
SOLID CARBIDE TAP 3 X .5 TOTEM,OK,WRONG_FAMILY_OR_ABSENT,DROP,390.00,390,,390.00,,4,Metric Coarse,3.0 X 0.50,Standard,1,review,solid carbide - not in this HSS price list
SOLID CARBIDE TAP 4 X .7 TOTEM,OK,WRONG_FAMILY_OR_ABSENT,DROP,390.00,390,,390.00,,4,Metric Coarse,4.0 X 0.70,Standard,1,review,solid carbide - not in this HSS price list
SOLID CARBIDE TAP 5 X .8 TOTEM,OK,WRONG_FAMILY_OR_ABSENT,DROP,419.00,419,,419.00,,4,Metric Coarse,5.0 X 0.80,Standard,1,review,solid carbide - not in this HSS price list
SOLID CARBIDE TAP 6 X 1 TOTEM,OK,WRONG_FAMILY_OR_ABSENT,DROP,419.00,419,,419.00,,4,Metric Coarse,6.0 X 1.00,Standard,1,review,solid carbide - not in this HSS price list
SOLID CARBIDE TAP 8 X 1.25 TOTEM,OK,WRONG_FAMILY_OR_ABSENT,DROP,504.00,504,,504.00,,4,Metric Coarse,8.0 X 1.25,Standard,1,review,solid carbide - not in this HSS price list
"TAP 1-1/4"" BSW SET TOTEM",OK,OK,KEEP,5865.00,5865,5865.00,17595.00,17595.00,3,BSW/BSF,"1.1/4""",Standard,3,review,
"TAP 1-1/8"" BSW SET TOTEM",OK,OK,KEEP,4866.00,4866,4866.00,14598.00,14598.00,3,BSW/BSF,"1.1/8""",Standard,3,review,
"TAP 1/2"" BSB SET TOTEM",OK,OK,KEEP,968.00,968,968.00,2904.00,2904.00,6,BSB,1/2,Standard,3,review,
TAP 4 X .7 SET TOTEM,OK,WRONG_FAMILY_OR_ABSENT,DROP,390.00,390,,1170.00,,4,Metric Coarse,4.0 X 0.70,Standard,3,review,item absent from this project's stock_items
"TAP 5/8"" BSP PAIR TOTEM",OK,WRONG_FAMILY_OR_ABSENT,DROP,2513.00,2513,,5026.00,,3,BSP,5/8,Standard,2,review,item absent from this project's stock_items
