stock_item_name,sales_qty_6m_avg,purchase_qty_1m,closing_stock_qty,purchase_rate,sales_amount,purchase_amount,closing_stock_amount,scenario_name
"BUFFING HARD WHEEL 8""",742,"1,000",869,157,"1,16,442","1,57,000","1,36,433",PINCH
"TAP 3/4"" BSW SET",82,30,93,733,"59,863","21,991","68,171",PINCH
"FLAP DISK 4"" G120 BEAR PREMIUM GNL","1,433","1,500","2,040",27,"39,361","41,191","56,020",PINCH
EMERY BELT 150 X 1220 G120 ALKON PREMIUM GNL,280,120,335,137,"38,390","16,453","45,931",PINCH
AG-4 (6mm) XPERT QUICK CUT GNL,915,500,"1,252",28,"26,049","14,235","35,644",PINCH
TAP 6 X 1 SEC,366,600,660,51,"18,759","30,780","33,858",PINCH
BIMETAL BANDSAW 4800 X 27 X .9 3 TPI WIKUS,12,50,21,"1,357","15,832","67,850","28,497",PINCH
HSS DRILL 4 MIRANDA,687,400,"1,030",27,"18,776","10,927","28,137",PINCH
HSS DRILL 8 MIRANDA,159,100,255,109,"17,355","10,927","27,863",PINCH
HSS DRILL 3 MIRANDA,854,300,"1,363",15,"13,043","4,584","20,825",PINCH
HSS DRILL 13 MIRANDA,41,40,69,293,"11,977","11,732","20,238",PINCH
HSS DRILL 5.1 MIRANDA,227,300,423,47,"10,749","14,237","20,075",PINCH
HSS DRILL 14 MIRANDA,21,10,43,421,"8,707","4,213","18,117",PINCH
TAP 30 X 3.5 SET,7,2,7,"2,563","16,661","5,127","17,943",PINCH
"STEELGRIP TAPE 3/4"" BLACK","4,105","6,240","2,613",7,"27,582","41,933","17,559",PINCH
HSS T/S DRILL 14 MIRANDA,13,20,25,630,"7,872","12,595","15,744",PINCH
HSS DRILL 10.2 MIRANDA,41,50,86,181,"7,402","9,063","15,589",PINCH
HSS CENTRE DRILL R 4 X 10 ADDISON,26,35,46,316,"8,266","11,057","14,531",PINCH
MS WELDING ROD NO 10 13S (2.43 KG) SUPERON,94,90,60,234,"21,958","21,024","14,016",PINCH
HSS DRILL 10.5 MIRANDA,92,100,69,197,"18,047","19,724","13,609",PINCH
FEVIKWIK 203 20 GRM PIDILITE,315,100,311,41,"12,901","4,100","12,751",PINCH
RING SPANNER SET 1812 TAPARIA,5,10,10,"1,170","5,655","11,700","11,700",PINCH
COMBINATION PLIER 1621-8 TAPARIA,34,60,65,172,"5,892","10,296","11,154",PINCH
TAP 8 X 1.25 TPR,116,180,183,59,"6,876","10,670","10,848",PINCH
"TAP 1/2"" BSW SEC",50,60,90,116,"5,786","6,943","10,414",PINCH
HSS DRILL 5.9 MIRANDA,80,300,169,57,"4,556","17,085","9,624",PINCH
HSS T/S DRILL 16 MIRANDA,7,15,13,732,"5,244","10,976","9,513",PINCH
HSS DRILL 5.2 MIRANDA,314,100,189,47,"14,894","4,746","8,969",PINCH
TAP 8 X 1.25 BOT,170,120,150,59,"10,058","7,114","8,892",PINCH
HSS T/S DRILL 18 MIRANDA,10,15,10,870,"8,698","13,046","8,698",PINCH
HSS DRILL 4.5 MIRANDA,99,100,198,43,"4,248","4,306","8,526",PINCH
HSS DRILL 6.8 MIRANDA,232,150,99,80,"18,489","11,945","7,884",PINCH
"VELCRO DISK 6"" G120 DEERFOS",942,200,550,14,"13,475","2,862","7,871",PINCH
HSS DRILL 2.2 MIRANDA,473,200,539,15,"6,891","2,917","7,861",PINCH
TAP 10 X 1.5 SEC,58,60,90,79,"4,556","4,754","7,131",PINCH
"TAP 1"" BSW SET",38,5,5,"1,416","54,297","7,082","7,082",PINCH
HSS DRILL 2.5 MIRANDA,604,600,485,15,"8,811","8,751","7,073",PINCH
HSS LONG DRILL 10.5 MIRANDA,7,6,10,705,"4,934","4,229","7,049",PINCH
HSS DRILL 1.80 MIRANDA,242,400,482,15,"3,529","5,834","7,030",PINCH
"TAP 1/2"" BSW TPR",63,60,60,116,"7,251","6,943","6,943",PINCH
HSS DRILL 2.7 MIRANDA,247,300,434,15,"3,598","4,375","6,330",PINCH
HSS DRILL 3.5 MIRANDA,316,200,306,19,"5,995","3,797","5,809",PINCH
"HSS DRILL 1/8"" (3.17) ADDISON",92,100,200,28,"2,572","2,805","5,611",PINCH
EMERY PASTE 400 GM MEDIUM GNL,45,60,32,170,"7,610","10,185","5,432",PINCH
UNIFIED DISC 100 X 12.5 X 16 P3 GNL,917,500,168,28,"26,047","14,197","4,770",PINCH
HSS DRILL 1.6 MIRANDA,158,200,296,14,"2,236","2,824","4,180",PINCH
SOLID CARBIDE DRILL 5.2 YG,3,1,3,"1,343","4,475","1,343","4,028",PINCH
HSS DRILL 3.1 MIRANDA,173,500,201,18,"3,090","8,913","3,583",PINCH
HSS LONG DRILL 5.1 MIRANDA,9,10,17,205,"1,739","2,046","3,478",PINCH
HSS DRILL 2.5 MIRANDA GOLD,"1,267","1,000",210,16,"20,820","16,437","3,452",PINCH
ALLEN KEY SET KM9V TAPARIA,11,15,21,138,"1,564","2,070","2,898",PINCH
"LONG NOSE PLIER 6"" (1430) TAPARIA",7,21,15,155,"1,135","3,251","2,322",PINCH
BALL PEIN HAMMER 800 GRM TAPARIA,8,5,8,277,"2,167","1,383","2,213",PINCH
HSS DRILL 4.6 MIRANDA,43,50,47,43,"1,866","2,153","2,024",PINCH
CIRCLIP PLIER EXTERNAL 1443-7C TAPARIA,10,20,10,186,"1,860","3,720","1,860",PINCH
LINE TESTER 813 TAPARIA,31,60,52,35,"1,097","2,124","1,841",PINCH
HSS DRILL 13.2 MIRANDA,3,5,5,365,"1,034","1,825","1,825",PINCH
MEASURING STEEL TAP 5MTR,61,60,30,59,"3,609","3,540","1,770",PINCH
HSS DRILL 4.9 MIRANDA GOLD,22,30,30,53,"1,139","1,577","1,577",PINCH
SCREW DRIVER SET 812 TAPARIA,6,10,10,154,925,"1,542","1,542",PINCH
D SPANNER 36 X 41 TAPARIA,5,4,5,306,"1,377","1,224","1,530",PINCH
HSS DRILL 20 MIRANDA,2,2,2,742,"1,114","1,485","1,485",PINCH
"CIRCLIP PLIER 8"" INTERNAL 1441-7C TAPARIA",9,10,5,186,"1,705","1,860",930,PINCH
ALLEN KEY SET LONG BALL POINT MM SIZE TAPARIA,18,5,2,366,"6,710","1,830",732,PINCH
SCREW DRIVER 827 TAPARIA,11,5,10,66,715,330,660,PINCH
BALL PEIN HAMMER 500 GRM TAPARIA,2,4,3,208,484,830,623,PINCH
T ALLEN KEY 4 TAPARIA,5,10,10,47,237,474,474,PINCH
RING SPANNER 12 X 13 TAPARIA,9,10,8,50,448,498,398,PINCH
HSS LONG DRILL 2.5 MIRANDA,110,30,2,161,"17,705","4,829",322,PINCH
NIPPER CUTTER 07 MULTITEC,40,40,6,46,"1,848","1,848",277,PINCH
"ROUND DIE HANDLE 1""",2,10,3,90,180,899,270,PINCH
RING SPANNER 18 X 19 TAPARIA,9,10,3,85,790,846,254,PINCH
D SPANNER 14 X 15 TAPARIA,4,10,9,24,104,240,216,PINCH
D SPANNER 12 X 13 TAPARIA,9,10,6,23,201,228,137,PINCH
RING SPANNER 16 X 17 TAPARIA,13,10,1,67,851,672,67,PINCH
RING SPANNER 14 X 15 TAPARIA,5,10,1,55,285,552,55,PINCH
D SPANNER 8 X 9 TAPARIA,3,10,3,18,51,180,54,PINCH
570-412 DIGIMATIC HEIGHT GAUGE 300 mm,0,0,0,0,0,0,0,STARVE ZERO
"ADJUSTABLE WRENCH 10"" (1172) TAPARIA",4,0,1,0,0,0,0,STARVE CRITICAL
"ADJUSTABLE WRENCH 12"" (1173) TAPARIA",5,0,4,0,0,0,0,STARVE ZERO
"ADJUSTABLE WRENCH 8"" (1171) TAPARIA",6,0,0,0,0,0,0,STARVE ZERO
AEROSOL-OS,52,0,0,0,0,0,0,STARVE ZERO
AG- 4 (4mm) BIPICO,4,0,4,0,0,0,0,STARVE WATCH
AG- 4 (4mm) JK,2,0,1,0,0,0,0,STARVE CRITICAL
AG-4 (4mm) (C414033AZ) HIKOKI,292,0,1,0,0,0,0,STARVE CRITICAL
AG-4 (4mm) XPERT QUICK CUT GNL,593,0,40,0,0,0,0,STARVE CRITICAL
AG-4 (6mm) BEAR BLACK GNL,267,0,0,0,0,0,0,STARVE ZERO
AG-4 (6mm) DURA+BLACK DURAKUT,50,0,23,0,0,0,0,STARVE CRITICAL
AG-4 (6mm) LONG LIFE PERFORMER,1,0,0,0,0,0,0,STARVE ZERO
AG-4 2.5 mm Green Stainless Steel G60 GNL,33,0,0,0,0,0,0,STARVE ZERO
AG-4 3 mm Stainless Steel G60 DURA PLUS,25,0,0,0,0,0,0,STARVE ZERO
AG-5 (6mm) (700125Z) HIKOKI,279,0,0,0,0,0,0,STARVE ZERO
AG-5 XPERT QUICK CUT GNL,60,0,59,0,0,0,0,STARVE WATCH
AG-5 XPERT RAPID DXR66 GNL,21,0,0,0,0,0,0,STARVE ZERO
AG-7 SPITFIRE R44T GNL,80,0,0,0,0,0,0,STARVE ZERO
AG-7 XPERT RAPID (DXR77) GNL,7,0,3,0,0,0,0,STARVE CRITICAL
AG-9 XPERT (FOUNDRY) GNL,17,0,0,0,0,0,0,STARVE ZERO
AIR BELT SANDER 10MM,0,0,0,0,0,0,0,STARVE ZERO
AIR GUN AG-ASB,2,0,1,0,0,0,0,STARVE CRITICAL
"ALKON DISC 5"" G80 BEAR GNL",150,0,0,0,0,0,0,STARVE ZERO
ALLEN BOLT 10 X 100 MFL,42,0,0,0,0,0,0,STARVE ZERO
ALLEN BOLT 10 X 120 MFL,42,0,0,0,0,0,0,STARVE ZERO
ALLEN BOLT 10 X 130 MFL,25,0,0,0,0,0,0,STARVE ZERO
ALLEN BOLT 10 X 140 MFL,25,0,0,0,0,0,0,STARVE ZERO
ALLEN BOLT 10 X 30 MFL,67,0,0,0,0,0,0,STARVE ZERO
ALLEN BOLT 10 X 30 UNBRAKO,3,0,0,0,0,0,0,STARVE ZERO
ALLEN BOLT 10 X 35 MFL,48,0,0,0,0,0,0,STARVE ZERO
ALLEN BOLT 10 X 40 MFL,38,0,0,0,0,0,0,STARVE ZERO
ALLEN BOLT 10 X 45 MFL,100,0,0,0,0,0,0,STARVE ZERO
ALLEN BOLT 10 X 50 MFL,17,0,0,0,0,0,0,STARVE ZERO
ALLEN BOLT 10 X 50 UNBRAKO,38,0,10,0,0,0,0,STARVE CRITICAL
ALLEN BOLT 10 X 55 MFL,58,0,0,0,0,0,0,STARVE ZERO
ALLEN BOLT 10 X 60 MFL,25,0,0,0,0,0,0,STARVE ZERO
ALLEN BOLT 10 X 60 UNBRAKO,3,0,0,0,0,0,0,STARVE ZERO
ALLEN BOLT 10 X 65 MFL,50,0,0,0,0,0,0,STARVE ZERO
ALLEN BOLT 10 X 70 MFL,42,0,0,0,0,0,0,STARVE ZERO
ALLEN BOLT 10 X 75 MFL,58,0,0,0,0,0,0,STARVE ZERO
ALLEN BOLT 10 X 80 MFL,42,0,0,0,0,0,0,STARVE ZERO
ALLEN BOLT 10 X 90 MFL,42,0,0,0,0,0,0,STARVE ZERO
ALLEN BOLT 12 X 100 MFL,33,0,0,0,0,0,0,STARVE ZERO
ALLEN BOLT 12 X 110 MFL,33,0,0,0,0,0,0,STARVE ZERO
ALLEN BOLT 12 X 120 MFL,25,0,0,0,0,0,0,STARVE ZERO
ALLEN BOLT 12 X 130 MFL,21,0,0,0,0,0,0,STARVE ZERO
ALLEN BOLT 12 X 140 MFL,25,0,0,0,0,0,0,STARVE ZERO
ALLEN BOLT 12 X 150 MFL,25,0,0,0,0,0,0,STARVE ZERO
ALLEN BOLT 12 X 25 MFL,97,0,0,0,0,0,0,STARVE ZERO
ALLEN BOLT 12 X 30 MFL,42,0,0,0,0,0,0,STARVE ZERO
ALLEN BOLT 12 X 30 UNBRAKO,3,0,0,0,0,0,0,STARVE ZERO
ALLEN BOLT 12 X 35 MFL,132,0,0,0,0,0,0,STARVE ZERO
ALLEN BOLT 12 X 35 UNBRAKO,7,0,20,0,0,0,0,STARVE ZERO
ALLEN BOLT 12 X 40 MFL,63,0,0,0,0,0,0,STARVE ZERO
ALLEN BOLT 12 X 40 UNBRAKO,3,0,0,0,0,0,0,STARVE ZERO
ALLEN BOLT 12 X 45 MFL,50,0,0,0,0,0,0,STARVE ZERO
ALLEN BOLT 12 X 50 MFL,38,0,0,0,0,0,0,STARVE ZERO
ALLEN BOLT 12 X 55 MFL,50,0,0,0,0,0,0,STARVE ZERO
ALLEN BOLT 12 X 60 MFL,17,0,0,0,0,0,0,STARVE ZERO
ALLEN BOLT 12 X 60 UNBRAKO,3,0,0,0,0,0,0,STARVE ZERO
ALLEN BOLT 12 X 65 MFL,50,0,0,0,0,0,0,STARVE ZERO
ALLEN BOLT 12 X 70 MFL,54,0,0,0,0,0,0,STARVE ZERO
ALLEN BOLT 12 X 75 MFL,33,0,0,0,0,0,0,STARVE ZERO
ALLEN BOLT 12 X 80 MFL,25,0,0,0,0,0,0,STARVE ZERO
ALLEN BOLT 12 X 90 MFL,25,0,0,0,0,0,0,STARVE ZERO
ALLEN BOLT 12 X 90 UNBRAKO,3,0,0,0,0,0,0,STARVE ZERO
ALLEN BOLT 16 X 100 MFL,18,0,0,0,0,0,0,STARVE ZERO
ALLEN BOLT 16 X 110 MFL,13,0,0,0,0,0,0,STARVE ZERO
ALLEN BOLT 16 X 120 MFL,13,0,0,0,0,0,0,STARVE ZERO
ALLEN BOLT 16 X 130 MFL,12,0,1,0,0,0,0,STARVE CRITICAL
ALLEN BOLT 16 X 140 MFL,13,0,0,0,0,0,0,STARVE ZERO
ALLEN BOLT 16 X 150 MFL,13,0,0,0,0,0,0,STARVE ZERO
ALLEN BOLT 16 X 160 UNBRAKO,3,0,0,0,0,0,0,STARVE ZERO
ALLEN BOLT 16 X 180 UNBRAKO,3,0,0,0,0,0,0,STARVE ZERO
ALLEN BOLT 16 X 220 UNBRAKO,3,0,0,0,0,0,0,STARVE ZERO
ALLEN BOLT 16 X 35 MFL,54,0,0,0,0,0,0,STARVE ZERO
ALLEN BOLT 16 X 40 MFL,33,0,0,0,0,0,0,STARVE ZERO
ALLEN BOLT 16 X 45 MFL,33,0,0,0,0,0,0,STARVE ZERO
ALLEN BOLT 16 X 50 MFL,31,0,0,0,0,0,0,STARVE ZERO
ALLEN BOLT 16 X 55 MFL,17,0,0,0,0,0,0,STARVE ZERO
ALLEN BOLT 16 X 60 MFL,25,0,0,0,0,0,0,STARVE ZERO
ALLEN BOLT 16 X 65 MFL,25,0,0,0,0,0,0,STARVE ZERO
ALLEN BOLT 16 X 70 MFL,25,0,0,0,0,0,0,STARVE ZERO
ALLEN BOLT 16 X 75 MFL,15,0,0,0,0,0,0,STARVE ZERO
ALLEN BOLT 16 X 80 MFL,25,0,0,0,0,0,0,STARVE ZERO
ALLEN BOLT 16 X 90 MFL,20,0,0,0,0,0,0,STARVE ZERO
ALLEN BOLT 20 X 100 MFL,10,0,0,0,0,0,0,STARVE ZERO
ALLEN BOLT 20 X 110 MFL,10,0,0,0,0,0,0,STARVE ZERO
ALLEN BOLT 20 X 40 MFL,20,0,0,0,0,0,0,STARVE ZERO
ALLEN BOLT 20 X 45 MFL,20,0,0,0,0,0,0,STARVE ZERO
ALLEN BOLT 20 X 50 MFL,8,0,0,0,0,0,0,STARVE ZERO
ALLEN BOLT 20 X 55 MFL,13,0,0,0,0,0,0,STARVE ZERO
ALLEN BOLT 20 X 60 MFL,13,0,0,0,0,0,0,STARVE ZERO
ALLEN BOLT 20 X 65 MFL,13,0,0,0,0,0,0,STARVE ZERO
ALLEN BOLT 20 X 80 MFL,13,0,0,0,0,0,0,STARVE ZERO
ALLEN BOLT 20 X 90 MFL,13,0,0,0,0,0,0,STARVE ZERO
ALLEN BOLT 24 X 100 MFL,5,0,0,0,0,0,0,STARVE ZERO
ALLEN BOLT 24 X 120 MFL,5,0,0,0,0,0,0,STARVE ZERO
ALLEN BOLT 24 X 130 MFL,5,0,0,0,0,0,0,STARVE ZERO
ALLEN BOLT 24 X 140 MFL,5,0,0,0,0,0,0,STARVE ZERO
ALLEN BOLT 24 X 50 MFL,30,0,0,0,0,0,0,STARVE ZERO
ALLEN BOLT 24 X 60 MFL,10,0,0,0,0,0,0,STARVE ZERO
ALLEN BOLT 24 X 70 MFL,8,0,0,0,0,0,0,STARVE ZERO
ALLEN BOLT 24 X 75 MFL,8,0,0,0,0,0,0,STARVE ZERO
ALLEN BOLT 24 X 80 MFL,8,0,0,0,0,0,0,STARVE ZERO
ALLEN BOLT 24 X 90 MFL,5,0,0,0,0,0,0,STARVE ZERO
ALLEN BOLT 4 X 12 MFL,417,0,0,0,0,0,0,STARVE ZERO
ALLEN BOLT 4 X 16 MFL,417,0,0,0,0,0,0,STARVE ZERO
ALLEN BOLT 4 X 20 MFL,417,0,0,0,0,0,0,STARVE ZERO
ALLEN BOLT 4 X 25 MFL,233,0,0,0,0,0,0,STARVE ZERO
ALLEN BOLT 4 X 30 MFL,267,0,0,0,0,0,0,STARVE ZERO
ALLEN BOLT 4 X 50 MFL,167,0,0,0,0,0,0,STARVE ZERO
ALLEN BOLT 5 X 12 MFL,417,0,0,0,0,0,0,STARVE ZERO
ALLEN BOLT 5 X 16 MFL,133,0,0,0,0,0,0,STARVE ZERO
ALLEN BOLT 5 X 20 MFL,86,0,4,0,0,0,0,STARVE CRITICAL
ALLEN BOLT 5 X 25 MFL,125,0,30,0,0,0,0,STARVE CRITICAL
ALLEN BOLT 5 X 30 MFL,133,0,0,0,0,0,0,STARVE ZERO
ALLEN BOLT 5 X 30 UNBRAKO,5,0,0,0,0,0,0,STARVE ZERO
ALLEN BOLT 6 X 10 MFL,462,0,0,0,0,0,0,STARVE ZERO
ALLEN BOLT 6 X 12 MFL,333,0,0,0,0,0,0,STARVE ZERO
ALLEN BOLT 6 X 16 MFL,25,0,0,0,0,0,0,STARVE ZERO
ALLEN BOLT 6 X 20 UNBRAKO,50,0,0,0,0,0,0,STARVE ZERO
ALLEN BOLT 6 X 25 MFL,10,0,1,0,0,0,0,STARVE CRITICAL
ALLEN BOLT 6 X 30 MFL,72,0,0,0,0,0,0,STARVE ZERO
ALLEN BOLT 6 X 30 UNBRAKO,17,0,0,0,0,0,0,STARVE ZERO
ALLEN BOLT 6 X 35 MFL,150,0,0,0,0,0,0,STARVE ZERO
ALLEN BOLT 6 X 45 MFL,233,0,0,0,0,0,0,STARVE ZERO
ALLEN BOLT 6 X 50 MFL,163,0,0,0,0,0,0,STARVE ZERO
ALLEN BOLT 6 X 50 UNBRAKO,33,0,0,0,0,0,0,STARVE ZERO
ALLEN BOLT 6 X 60 MFL,127,0,1,0,0,0,0,STARVE CRITICAL
ALLEN BOLT 6 X 70 MFL,117,0,0,0,0,0,0,STARVE ZERO
ALLEN BOLT 6 X 80 MFL,133,0,0,0,0,0,0,STARVE ZERO
ALLEN BOLT 8 X 100 MFL,42,0,0,0,0,0,0,STARVE ZERO
ALLEN BOLT 8 X 110 MFL,50,0,0,0,0,0,0,STARVE ZERO
ALLEN BOLT 8 X 120 MFL,50,0,0,0,0,0,0,STARVE ZERO
ALLEN BOLT 8 X 16 MFL,367,0,0,0,0,0,0,STARVE ZERO
ALLEN BOLT 8 X 20 MFL,233,0,0,0,0,0,0,STARVE ZERO
ALLEN BOLT 8 X 20 UNBRAKO,7,0,40,0,0,0,0,STARVE ZERO
ALLEN BOLT 8 X 25 MFL,290,0,0,0,0,0,0,STARVE ZERO
ALLEN BOLT 8 X 25 UNBRAKO,33,0,0,0,0,0,0,STARVE ZERO
ALLEN BOLT 8 X 30 MFL,145,0,1,0,0,0,0,STARVE CRITICAL
ALLEN BOLT 8 X 35 MFL,155,0,34,0,0,0,0,STARVE CRITICAL
ALLEN BOLT 8 X 40 MFL,113,0,0,0,0,0,0,STARVE ZERO
ALLEN BOLT 8 X 45 MFL,67,0,0,0,0,0,0,STARVE ZERO
ALLEN BOLT 8 X 50 MFL,104,0,1,0,0,0,0,STARVE CRITICAL
ALLEN BOLT 8 X 55 MFL,62,0,0,0,0,0,0,STARVE ZERO
ALLEN BOLT 8 X 60 MFL,52,0,0,0,0,0,0,STARVE ZERO
ALLEN BOLT 8 X 60 UNBRAKO,11,0,0,0,0,0,0,STARVE ZERO
ALLEN BOLT 8 X 65 MFL,47,0,0,0,0,0,0,STARVE ZERO
ALLEN BOLT 8 X 70 MFL,37,0,0,0,0,0,0,STARVE ZERO
ALLEN BOLT 8 X 70 UNBRAKO,8,0,0,0,0,0,0,STARVE ZERO
ALLEN BOLT 8 X 75 MFL,50,0,0,0,0,0,0,STARVE ZERO
ALLEN BOLT 8 X 80 MFL,62,0,0,0,0,0,0,STARVE ZERO
ALLEN BOLT 8 X 90 MFL,42,0,0,0,0,0,0,STARVE ZERO
ALLEN BOLT 8 X 90 UNBRAKO,6,0,20,0,0,0,0,STARVE ZERO
ALLEN CSK 10 X 16 MFL,"1,200",0,0,0,0,0,0,STARVE ZERO
ALLEN CSK 10 X 20 MFL,267,0,0,0,0,0,0,STARVE ZERO
ALLEN KEY  8 TAPARIA,1,0,1,0,0,0,0,STARVE ZERO
ALLEN KEY 12 TAPARIA,3,0,2,0,0,0,0,STARVE WATCH
ALLEN KEY 19 TAPARIA,0,0,0,0,0,0,0,STARVE ZERO
ALLEN KEY 2.5 TAPARIA,2,0,1,0,0,0,0,STARVE CRITICAL
ALLEN KEY 22 TAPARIA,0,0,0,0,0,0,0,STARVE ZERO
ALLEN KEY 27 TAPARIA,0,0,1,0,0,0,0,STARVE ZERO
ALLEN KEY 4 TAPARIA,8,0,14,0,0,0,0,STARVE ZERO
ALLEN KEY 5 TAPARIA,13,0,20,0,0,0,0,STARVE ZERO
ALLEN KEY 6 TAPARIA,8,0,4,0,0,0,0,STARVE WATCH
"ALLEN KEY 7/32"" TAPARIA",0,0,0,0,0,0,0,STARVE ZERO
ALLEN KEY EXTRA LONG 12 STANLEY,0,0,0,0,0,0,0,STARVE ZERO
ALLEN KEY LONG 10 mm,0,0,0,0,0,0,0,STARVE ZERO
ALLEN KEY LONG 5 mm,0,0,0,0,0,0,0,STARVE ZERO
ALLEN KEY LONG 6 mm,2,0,0,0,0,0,0,STARVE ZERO
ALLEN KEY LONG 8 mm,0,0,0,0,0,0,0,STARVE ZERO
ALLEN KEY SET LONG MM SIZE MULTITEC,0,0,0,0,0,0,0,STARVE ZERO
ALLEN KEY SET MM SIZE MULTITEC,0,0,0,0,0,0,0,STARVE ZERO
ANCHOR BOLT 10 X 150,7,0,0,0,0,0,0,STARVE ZERO
ANCHOR BOLT 10 X 80,17,0,0,0,0,0,0,STARVE ZERO
ANCHOR BOLT 8 X 75,25,0,0,0,0,0,0,STARVE ZERO
"ANGLE GRINDER 4"" 600 W (G10SS2S8Z) HIKOKI",2,0,0,0,0,0,0,STARVE ZERO
"ANGLE GRINDER 4"" 700 W (G10MGAS9Z) HIKOKI",3,0,0,0,0,0,0,STARVE ZERO
ANGLE GRINDER GWS-600,1,0,0,0,0,0,0,STARVE ZERO
APKT 160408 PDTR YG602,13,0,0,0,0,0,0,STARVE ZERO
APMT 113508 PDTR YG602,8,0,0,0,0,0,0,STARVE ZERO
APMT 16 CUTTER BODY DIA 25,0,0,0,0,0,0,0,STARVE ZERO
ARALDITE (180 Gm) KLEAR 5,3,0,0,0,0,0,0,STARVE ZERO
ARMATURE FOR (CC14STD) HIKOKI,1,0,0,0,0,0,0,STARVE ZERO
ARMATURE GWS 2200 (1619P15749) BOSCH,4,0,0,0,0,0,0,STARVE ZERO
AXET 123504 PEFR S DL 1000,3,0,0,0,0,0,0,STARVE ZERO
AXET 123504 PEFR SH1,3,0,0,0,0,0,0,STARVE ZERO
AXET 170504 PEFR S H1,2,0,0,0,0,0,0,STARVE ZERO
AXMT 170508 PEER G ACP 200,8,0,0,0,0,0,0,STARVE ZERO
BEAR TAX MOP WHEEL 16 MM,1,0,0,0,0,0,0,STARVE ZERO
BEAR TAX MOP WHEEL 25 X 25 X 6,2,0,0,0,0,0,0,STARVE ZERO
BEARING 22311 E SKF,0,0,0,0,0,0,0,STARVE ZERO
BEARING 30205,1,0,0,0,0,0,0,STARVE ZERO
BEARING 32211 SKF,0,0,0,0,0,0,0,STARVE ZERO
BEARING 32212 SKF,0,0,0,0,0,0,0,STARVE ZERO
BEARING 6000 ZZ SKF,1,0,0,0,0,0,0,STARVE ZERO
BEARING 6001 ZZ SKF,1,0,0,0,0,0,0,STARVE ZERO
BEARING 6002 ZZ SKF,0,0,0,0,0,0,0,STARVE ZERO
BEARING 608,13,0,0,0,0,0,0,STARVE ZERO
BEARING 609,1,0,0,0,0,0,0,STARVE ZERO
BEARING 6201 ZZ SKF,4,0,0,0,0,0,0,STARVE ZERO
BEARING 6202 ZZ SKF,4,0,0,0,0,0,0,STARVE ZERO
BEARING 6205 ZZ SKF,1,0,0,0,0,0,0,STARVE ZERO
BEARING 6216 C3 SKF,0,0,0,0,0,0,0,STARVE ZERO
BEARING 6217 C3 SKF,0,0,0,0,0,0,0,STARVE ZERO
BEARING 6303 ZZ SKF,1,0,0,0,0,0,0,STARVE ZERO
BEARING E32004J,0,0,0,0,0,0,0,STARVE ZERO
BEARING E33112J,0,0,0,0,0,0,0,STARVE ZERO
BEARING HGH 25 HAC HIWIN,2,0,0,0,0,0,0,STARVE ZERO
BEARING HGH 25 HIWIN,2,0,0,0,0,0,0,STARVE ZERO
BEARING HGH 35 HIWIN,2,0,0,0,0,0,0,STARVE ZERO
BEARING NAF 203517,0,0,0,0,0,0,0,STARVE ZERO
"BEARING PULLER 12"" AJAY",0,0,0,0,0,0,0,STARVE ZERO
BEARING UCP210,1,0,0,0,0,0,0,STARVE ZERO
BFTX 0306 IP SCREW,2,0,0,0,0,0,0,STARVE ZERO
BFTX 0409 IP SCREW,3,0,0,0,0,0,0,STARVE ZERO
"BIMETAL BANDSAW 2540 X 27 X .9 4/6 ""PLUS"" BIPICO",12,0,0,0,0,0,0,STARVE ZERO
"BIMETAL BANDSAW 2540 X 27 X .9 4/6 TPI ""P"" MEBA",9,0,2,0,0,0,0,STARVE CRITICAL
"BIMETAL BANDSAW 2540 X 27 X .9 8/12 TPI ""P"" MEBA",6,0,2,0,0,0,0,STARVE CRITICAL
"BIMETAL BANDSAW 2800 X 27 X .9 4/6 TPI ""P"" MEBA",6,0,0,0,0,0,0,STARVE ZERO
"BIMETAL BANDSAW 3000 X 27 X .9 3/4 TPI ""P"" MEBA",4,0,0,0,0,0,0,STARVE ZERO
"BIMETAL BANDSAW 3000 X 27 X .9 3/4 TPI ""S"" MEBA",0,0,0,0,0,0,0,STARVE ZERO
"BIMETAL BANDSAW 3505 X 27 X .9 3/4 TPI ""S"" MEBA",1,0,0,0,0,0,0,STARVE ZERO
BIMETAL BANDSAW 3505 X 34 X 1.1 3/4 TPI MARATHON WIKUS,6,0,4,0,0,0,0,STARVE WATCH
"BIMETAL BANDSAW 3650 X 34 X 1.1 3/4 TPI ""S"" MEBA",0,0,0,0,0,0,0,STARVE ZERO
BIMETAL BANDSAW 3760 X 27 X .9 2/3 TPI SELEKTA WIKUS,0,0,0,0,0,0,0,STARVE ZERO
"BIMETAL BANDSAW 3760 X 27 X .9 4/6 TPI ""P"" MEBA",3,0,0,0,0,0,0,STARVE ZERO
"BIMETAL BANDSAW 3760 X 27 X .9 4/6 TPI ""S"" MEBA",1,0,0,0,0,0,0,STARVE ZERO
BIMETAL BANDSAW 3760 X 27 X .9 4/6 TPI CL LENOX,21,0,3,0,0,0,0,STARVE CRITICAL
BIMETAL BANDSAW 4100 X 34 X 1.1 8/12 TPI BASIC WIKUS,0,0,0,0,0,0,0,STARVE ZERO
BIMETAL BANDSAW 4115 X 34 X 1.07 4/6 TPI QXP LENOX,0,0,0,0,0,0,0,STARVE ZERO
"BIMETAL BANDSAW 4115 X 34 X 1.1 4/6 TPI ""H1"" MEBA",1,0,0,0,0,0,0,STARVE ZERO
BIMETAL BANDSAW 4300 X 34 X 1.1 4/6 TPI ECOFLEX WIKUS,3,0,0,0,0,0,0,STARVE ZERO
BIMETAL BANDSAW 4420 X 34 X 1.1 2/3 TPI BASIC WIKUS,2,0,0,0,0,0,0,STARVE ZERO
BIMETAL BANDSAW 5120 X 41 X 1.27 X 2/3 CONTESTOR LENOX,1,0,0,0,0,0,0,STARVE ZERO
BIMETAL BANDSAW 7220 X 20 X .9 10-14 TPI ECOFLEX WIKUS,67,0,0,0,0,0,0,STARVE ZERO
BLACK GLASS LOCAL,5,0,0,0,0,0,0,STARVE ZERO
BLACK GOGGLES,17,0,8,0,0,0,0,STARVE CRITICAL
BORE GAUGE 511-702 MITUTOYO,0,0,0,0,0,0,0,STARVE ZERO
BORESMART CUTTER 22 BIPICO,2,0,0,0,0,0,0,STARVE ZERO
BORESMART CUTTER 25 BIPICO,2,0,1,0,0,0,0,STARVE WATCH
BORING BAR 16 STFCL 16 (TCMT) IMP,0,0,0,0,0,0,0,STARVE ZERO
BORING BAR 16 STFCR 16 (TCMT) IND,0,0,0,0,0,0,0,STARVE ZERO
"BRADMA PUNCH HHP 3 mm ""J""",2,0,0,0,0,0,0,STARVE ZERO
"BRADMA PUNCH HHP 3 mm ""L""",1,0,0,0,0,0,0,STARVE ZERO
"BRADMA PUNCH HHP 3 mm ""S""",0,0,0,0,0,0,0,STARVE ZERO
"BRADMA PUNCH HHP 3 mm ""T""",2,0,0,0,0,0,0,STARVE ZERO
"BRADMA PUNCH HHP 4 mm ""I""",1,0,0,0,0,0,0,STARVE ZERO
"BRADMA PUNCH HHP 4 mm ""J""",2,0,0,0,0,0,0,STARVE ZERO
"BRADMA PUNCH HHP 4 mm ""L""",1,0,0,0,0,0,0,STARVE ZERO
"BRADMA PUNCH HHP 4 mm ""S""",2,0,0,0,0,0,0,STARVE ZERO
"BRADMA PUNCH HHP 4 mm ""T""",2,0,0,0,0,0,0,STARVE ZERO
BRADMA PUNCH HHP 6 mm,8,0,0,0,0,0,0,STARVE ZERO
"BRADMA PUNCH HHP 6 mm ""I""",2,0,0,0,0,0,0,STARVE ZERO
"BRADMA PUNCH HHP 6 mm ""J""",0,0,0,0,0,0,0,STARVE ZERO
"BRADMA PUNCH HHP 6 mm ""L""",2,0,0,0,0,0,0,STARVE ZERO
"BRADMA PUNCH HHP 6 mm ""S""",0,0,0,0,0,0,0,STARVE ZERO
"BRADMA PUNCH HHP 6 mm ""T""",4,0,0,0,0,0,0,STARVE ZERO
BRADMA PUNCH HHP 6 mm 9,2,0,0,0,0,0,0,STARVE ZERO
"BRADMA PUNCH SET 0 TO 8 ""3"" mm",0,0,0,0,0,0,0,STARVE ZERO
"BRADMA PUNCH SET 0 TO 8 ""4""mm",0,0,0,0,0,0,0,STARVE ZERO
"BRADMA PUNCH SET 0 TO 8 ""6"" mm",2,0,1,0,0,0,0,STARVE WATCH
"BRADMA PUNCH SET 0 TO 8 ""8"" mm",0,0,0,0,0,0,0,STARVE ZERO
BRADMA PUNCH SET 26HHP TELESIS CALLIGRAPHY 7 mm,0,0,0,0,0,0,0,STARVE ZERO
BRADMA PUNCH SET 9HHP TELESIS CALLIGRAPHY 7 mm,0,0,0,0,0,0,0,STARVE ZERO
"BRADMA PUNCH SET A TO Z ""10"" mm",0,0,0,0,0,0,0,STARVE ZERO
"BRADMA PUNCH SET A TO Z ""4"" mm",0,0,0,0,0,0,0,STARVE ZERO
"BRADMA PUNCH SET A TO Z ""6"" mm",1,0,0,0,0,0,0,STARVE ZERO
"BRADMA PUNCH T030 ""C""",1,0,1,0,0,0,0,STARVE WATCH
"BRADMA PUNCH T030 ""N""",0,0,0,0,0,0,0,STARVE ZERO
"BRADMA PUNCH T062 ""1""",8,0,2,0,0,0,0,STARVE CRITICAL
"BRADMA PUNCH T062 ""2""",5,0,0,0,0,0,0,STARVE ZERO
"BRADMA PUNCH T062 ""6""",3,0,3,0,0,0,0,STARVE WATCH
"BRADMA PUNCH T062 ""9""",3,0,1,0,0,0,0,STARVE CRITICAL
"BRADMA PUNCH T062 ""DASH""",1,0,25,0,0,0,0,STARVE CRITICAL
"BRASS NOZZLE 1/4"" X 8 mm",8,0,0,0,0,0,0,STARVE ZERO
BRASS NOZZLE 1/8'' X 6 mm,8,0,0,0,0,0,0,STARVE ZERO
"BRUSH 1""",14,0,1,0,0,0,0,STARVE CRITICAL
"BRUSH 2""",15,0,5,0,0,0,0,STARVE CRITICAL
"BRUSH 7""",130,0,0,0,0,0,0,STARVE ZERO
BT30 ER25-70 HOLDER,0,0,0,0,0,0,0,STARVE ZERO
BT30 FMC 22-90,0,0,0,0,0,0,0,STARVE ZERO
BT40 SLA 32,0,0,0,0,0,0,0,STARVE ZERO
BTJNL 2525 M16,1,0,0,0,0,0,0,STARVE ZERO
BTJNR 2525 M16,0,0,0,0,0,0,0,STARVE ZERO
BTUNL M16 S25R,1,0,0,0,0,0,0,STARVE ZERO
BUFFING BRASS WIRE BRUSH,146,0,80,0,0,0,0,STARVE WATCH
BUTANE GAS,0,0,0,0,0,0,0,STARVE ZERO
BUTANE GAS NOZZLE,0,0,0,0,0,0,0,STARVE ZERO
BWLNL 2525 M08,1,0,0,0,0,0,0,STARVE ZERO
C BURR SET 2,3,0,0,0,0,0,0,STARVE ZERO
"C CLAMP 12"" (1266) TAPARIA",1,0,0,0,0,0,0,STARVE ZERO
"C CLAMP 3"" (1260) TAPARIA",0,0,0,0,0,0,0,STARVE ZERO
"C CLAMP 6"" (1263) TAPARIA",1,0,1,0,0,0,0,STARVE WATCH
C-1 CERAMIC BLADE,72,0,1,0,0,0,0,STARVE CRITICAL
CABLE CUTTER CC 10 TAPARIA,0,0,2,0,0,0,0,STARVE ZERO
CARBIDE TIP TOOL ISO6 2020 P30 MIRANDA,13,0,1,0,0,0,0,STARVE CRITICAL
CARBIDE TIP TOOL ISO9 1212 MIRANDA,1,0,0,0,0,0,0,STARVE ZERO
CARBIDE TIP TOOL ISO9 2020 K20,1,0,0,0,0,0,0,STARVE ZERO
CARBON BANDSAW 3/4 X 6 TPI BIPICO,4,0,1,0,0,0,0,STARVE CRITICAL
CARBON BLADE 12 X 1/2,50,0,0,0,0,0,0,STARVE ZERO
CARBON BRUSH - 21 FOR (PDA100M/125M) HIKOKI,9,0,1,0,0,0,0,STARVE CRITICAL
CARBON BRUSH FOR (CC14STD) HOKOKI,2,0,0,0,0,0,0,STARVE ZERO
CARBON BUSH - GWS 6-100 1.607.014.145 BOSCH,2,0,0,0,0,0,0,STARVE ZERO
CBN MOUNTED POINT 10 mm SOLAR,0,0,0,0,0,0,0,STARVE ZERO
CBN MOUNTED POINT 11 mm SOLAR,0,0,0,0,0,0,0,STARVE ZERO
CBN MOUNTED POINT 5 mm SOLAR,0,0,0,0,0,0,0,STARVE ZERO
CBN MOUNTED POINT 6 mm SOLAR,0,0,0,0,0,0,0,STARVE ZERO
CBN MOUNTED POINT 7 mm SOLAR,0,0,0,0,0,0,0,STARVE ZERO
CBN MOUNTED POINT 8 mm SOLAR,2,0,0,0,0,0,0,STARVE ZERO
CBN MOUNTED POINT 9 mm SOLAR,1,0,0,0,0,0,0,STARVE ZERO
CCMT 060202 NLU AC6040M,2,0,0,0,0,0,0,STARVE ZERO
CCMT 060208 NSU AC630M,50,0,0,0,0,0,0,STARVE ZERO
CCMW 09T304 DA2200,2,0,0,0,0,0,0,STARVE ZERO
CG-2 (38124),0,0,0,0,0,0,0,STARVE ZERO
CHAIN 19-11 RENOLD,0,0,0,0,0,0,0,STARVE ZERO
"CHISELS 12"" (107) TAPARIA",0,0,0,0,0,0,0,STARVE ZERO
"CIRCLIP PLIER 7"" BENT NOSE 1442-7C TAPARIA",2,0,0,0,0,0,0,STARVE ZERO
"CIRCLIP PLIER 7"" INT",1,0,0,0,0,0,0,STARVE ZERO
CNMA 120412 AC415 K,8,0,0,0,0,0,0,STARVE ZERO
COLLET A25.5,0,0,0,0,0,0,0,STARVE ZERO
COLLET E-40 10 TRUMIL,1,0,2,0,0,0,0,STARVE ZERO
"COMBINATION STONE 6"" JK",6,0,0,0,0,0,0,STARVE ZERO
CORDLESS DRIVER DRILL MACHINE 18V (DS18DGSB) HIKOKI,1,0,0,0,0,0,0,STARVE ZERO
CORDLESS IMPACT DRIVER (WH7DLSLZ) HIKOKI,2,0,0,0,0,0,0,STARVE ZERO
CRANK HOLDER (62092),0,0,0,0,0,0,0,STARVE ZERO
"CRYSTAL MAGNETIC V BLOCK 4"" 100 X 95 X 70 AA-1801H",0,0,0,0,0,0,0,STARVE ZERO
CS-R HOLDER,1,0,0,0,0,0,0,STARVE ZERO
CSK SCREW 12 X 50 MFL,67,0,0,0,0,0,0,STARVE ZERO
"CSK SCREW 3/16 X 1""",25,0,0,0,0,0,0,STARVE ZERO
CSK SCREW 6 X 12 MFL,167,0,0,0,0,0,0,STARVE ZERO
CSK SCREW 6 X 20 MFL,167,0,0,0,0,0,0,STARVE ZERO
CSK SCREW 6 X 25 MFL,167,0,0,0,0,0,0,STARVE ZERO
CSK SCREW 6 X 30 MFL,167,0,0,0,0,0,0,STARVE ZERO
CSK SCREW 8 X 16 MFL,167,0,0,0,0,0,0,STARVE ZERO
CSK SCREW 8 X 20 MFL,133,0,0,0,0,0,0,STARVE ZERO
CSK SCREW 8 X 25 MFL,133,0,0,0,0,0,0,STARVE ZERO
CSK SCREW 8 X 30 MFL,133,0,0,0,0,0,0,STARVE ZERO
CUP WHEEL 100 X 50 X 31.75 AA46/54 CARBORUNDUM,0,0,0,0,0,0,0,STARVE ZERO
CUT OFF WHEEL 100 X 1 X 16 (RXL11) BLACK GNL,854,0,295,0,0,0,0,STARVE CRITICAL
CUT OFF WHEEL 100 X 3 X 16 (RX41) GNL,211,0,150,0,0,0,0,STARVE WATCH
CUT OFF WHEEL 107 X 1 X 16 (2) NET GREEN DURAKUT,317,0,152,0,0,0,0,STARVE CRITICAL
CUT OFF WHEEL 107 X 1 X 16 DIAMOND GREEN & RED DURAKUT,708,0,148,0,0,0,0,STARVE CRITICAL
CUT OFF WHEEL 107 X 1 X 16 HYBRID (2) GREEN DURAKUT,508,0,0,0,0,0,0,STARVE ZERO
CUT OFF WHEEL 125 X 1 X 22.23 (LTGN15) GREEN GNL,242,0,0,0,0,0,0,STARVE ZERO
CUT OFF WHEEL 125 X 1.2 X 22 JK,61,0,7,0,0,0,0,STARVE CRITICAL
CUT OFF WHEEL 125 X 1.2 X 22.23 MASTER GREEN DURAKUT,8,0,0,0,0,0,0,STARVE ZERO
CUT OFF WHEEL 125 X 1.2 X 22.23 PLUS GREEN DURAKUT,58,0,0,0,0,0,0,STARVE ZERO
"CUT OFF WHEEL 14"" GREEN JK",83,0,0,0,0,0,0,STARVE ZERO
"CUT OFF WHEEL 14"" X 2.5 X 25.4 KUT & MAKE YURI",7,0,0,0,0,0,0,STARVE ZERO
"CUT OFF WHEEL 14"" X 2.6 X 25.4 (LTGP35) GNL",46,0,0,0,0,0,0,STARVE ZERO
"CUT OFF WHEEL 14"" X 2.8 X 25.4 (RXR35R) GNL",421,0,67,0,0,0,0,STARVE CRITICAL
"CUT OFF WHEEL 16"" X 4 X 25.4 (R56) GNL",3,0,1,0,0,0,0,STARVE CRITICAL
CUT OFF WHEEL 180 X 1.6 X 22.23 CHAMP GNL,111,0,0,0,0,0,0,STARVE ZERO
CUT OFF WHEEL 63 X 2.5 X 10 GNL,5,0,0,0,0,0,0,STARVE ZERO
D SPANNER 16 X 17 TAPARIA,7,0,0,0,0,0,0,STARVE ZERO
D SPANNER 18 X 19 TAPARIA,7,0,7,0,0,0,0,STARVE WATCH
DCGW 11T308 DA90,16,0,0,0,0,0,0,STARVE ZERO
DCLNL 2525 M12,0,0,9,0,0,0,0,STARVE CRITICAL
DCMW 11T304 DA2200,2,0,0,0,0,0,0,STARVE ZERO
DCMW 11T308 N40 DA2200,17,0,0,0,0,0,0,STARVE ZERO
DEAD CENTRE MT-3 COLLER TYPE TRUMAX,1,0,0,0,0,0,0,STARVE ZERO
DEGREE PROTRACTOR D- HEAD 1501,0,0,0,0,0,0,0,STARVE ZERO
DIAL STAND MAGNETIC 6201-60,0,0,0,0,0,0,0,STARVE ZERO
DIAMOND DRESSER NR 3584 - OC/3 NR770 GNL,1,0,0,0,0,0,0,STARVE ZERO
DIAMOND PASTE,1,0,0,0,0,0,0,STARVE ZERO
DIAMOND PASTE D-1,21,0,0,0,0,0,0,STARVE ZERO
DIAMOND WHEEL 100 X 35 X 31.75 U/10 SOLAR,0,0,0,0,0,0,0,STARVE ZERO
DIAMOND WHEEL 150 X 12 X 31.75 SA3 GNL,0,0,0,0,0,0,0,STARVE ZERO
DIAMOND WHEEL 150 X 6 X 31.75,0,0,0,0,0,0,0,STARVE ZERO
"DIE 1"" BSF OD 2""",0,0,0,0,0,0,0,STARVE ZERO
DIE 14 X 1.25,1,0,0,0,0,0,0,STARVE ZERO
"DIE 20 X 1.5 OD 1-1/2""",1,0,0,0,0,0,0,STARVE ZERO
DIGIMATIC VERNIER 0-300 mm 500-754/173,0,0,0,0,0,0,0,STARVE ZERO
DIGITAL VERNIER 1112-300,0,0,0,0,0,0,0,STARVE ZERO
DISC WHEEL 150 X 13 X 31.75 38A60 GNL,1,0,0,0,0,0,0,STARVE ZERO
DOUBLE SIDED PE FOAM TAPE 12 X 10 GNL,672,0,0,0,0,0,0,STARVE ZERO
DOWEL PIN 10 X 300,17,0,20,0,0,0,0,STARVE ZERO
DOWEL PIN 12 X 300,18,0,0,0,0,0,0,STARVE ZERO
DOWEL PIN 14 X 300,2,0,2,0,0,0,0,STARVE ZERO
DOWEL PIN 16 X 300,8,0,0,0,0,0,0,STARVE ZERO
DOWEL PIN 20 X 300,8,0,0,0,0,0,0,STARVE ZERO
DOWEL PIN 6 X 300,52,0,20,0,0,0,0,STARVE CRITICAL
"DRILL CHUCK 1/2"" X 20 UNF BOSCH",1,0,1,0,0,0,0,STARVE ZERO
DRILL CHUCK ARBOUR R8 JT-6 TRUMIL,0,0,0,0,0,0,0,STARVE ZERO
DRILL COLLET,1,0,0,0,0,0,0,STARVE ZERO
DRILL MACHINE 10MM  450 W (D10VSTAS9Z) HIKOKI,3,0,1,0,0,0,0,STARVE CRITICAL
DT-1 DEBURRING TOOL HANDLE,32,0,0,0,0,0,0,STARVE ZERO
EAR PLUG 3,17,0,100,0,0,0,0,STARVE ZERO
EMERY BELT 10 X 330 G80 NORZON GNL,83,0,0,0,0,0,0,STARVE ZERO
EMERY BELT 100 X 1080 G60 DEERFOS,50,0,2,0,0,0,0,STARVE CRITICAL
EMERY BELT 150 X 1220 G80 ALKON AB44 GNL,17,0,0,0,0,0,0,STARVE ZERO
EMERY BELT 20 X 520 G80 NORZON GNL,78,0,30,0,0,0,0,STARVE CRITICAL
EMERY BELT 50 X 2000 G120 ALKON GNL,2,0,10,0,0,0,0,STARVE ZERO
EMERY BELT 50 X 2000 G36 NORZON GNL,165,0,0,0,0,0,0,STARVE ZERO
EMERY BELT 50 X 3500 G60 ALKON GNL,29,0,5,0,0,0,0,STARVE CRITICAL
EMERY BELT 915 X 100 G60 ALKON GNL,0,0,0,0,0,0,0,STARVE ZERO
EMERY CLOTH MEDIUM AJAX,106,0,5,0,0,0,0,STARVE CRITICAL
EMERY CLOTH ROLLS 100 X 120 DEERFOS,0,0,0,0,0,0,0,STARVE ZERO
EMERY CLOTH ROLLS 100 X 320 DEERFOS,0,0,0,0,0,0,0,STARVE ZERO
ER11 COLLET 1-2 TURNMAX,2,0,3,0,0,0,0,STARVE WATCH
ER16 COLLET 6-7 TURNMAX,1,0,1,0,0,0,0,STARVE WATCH
ER20 COLLET 3-4 TURNMAX,2,0,4,0,0,0,0,STARVE ZERO
ER40 COLLET,0,0,0,0,0,0,0,STARVE ZERO
ER8 COLLET,1,0,1,0,0,0,0,STARVE WATCH
ER8 NUT MINI,0,0,0,0,0,0,0,STARVE ZERO
EXTENSION BAR 1753 TAPARIA,2,0,0,0,0,0,0,STARVE ZERO
EXTENSION ROD FOR PUPPY DIAL,0,0,0,0,0,0,0,STARVE ZERO
FELT DISC 100 X 12.5 X 16 F1 (PXF41) GNL,29,0,21,0,0,0,0,STARVE WATCH
FEVIBOND TUBE 90 ML,171,0,60,0,0,0,0,STARVE CRITICAL
FEVICOL SR998,0,0,0,0,0,0,0,STARVE ZERO
FILLER GAUGE 0.02 TO .05 mm (SET OF 17 PCS) INSIZE,1,0,0,0,0,0,0,STARVE ZERO
FILLER WIRE 1.2 SS304L (5KG) SUPER TIG SUPERON,0,0,0,0,0,0,0,STARVE ZERO
FILLER WIRE 2 SS304L (5KG) SUPER TIG SUPERON,1,0,0,0,0,0,0,STARVE ZERO
FILLER WIRE 2 SS309L (5KG) SUPER TIG SUPERON,0,0,0,0,0,0,0,STARVE ZERO
FILLER WIRE 3.2 SS304L (5KG) SUPER TIG SUPERON,0,0,0,0,0,0,0,STARVE ZERO
"FLAP DISK 4"" G60 BEAR PREMIUM GNL",235,0,0,0,0,0,0,STARVE ZERO
"FLAP DISK 4"" G60 BEARFORCE","2,148",0,860,0,0,0,0,STARVE CRITICAL
"FLAP DISK 4"" G60 DURAKUT",13,0,0,0,0,0,0,STARVE ZERO
"FLAP DISK 4"" G60 FLEX DURAKUT",3,0,0,0,0,0,0,STARVE ZERO
"FLAP DISK 4"" G60 GOLD DURAKUT",30,0,20,0,0,0,0,STARVE WATCH
"FLAP DISK 4"" G60 JOHNOAKEY",328,0,290,0,0,0,0,STARVE WATCH
"FLAP DISK 4"" G60 METAL GNL",45,0,13,0,0,0,0,STARVE CRITICAL
"FLAP DISK 4"" G60 NEW JOHNOAKEY",317,0,0,0,0,0,0,STARVE ZERO
"FLAP DISK 4"" G60 PROFESSIONAL METAL DURAKUT",158,0,0,0,0,0,0,STARVE ZERO
"FLAP DISK 4"" G60 SUPERON",8,0,10,0,0,0,0,STARVE WATCH
"FLAP DISK 4"" G80 BEARFORCE","2,385",0,40,0,0,0,0,STARVE CRITICAL
"FLAP DISK 4"" G80 JK",63,0,30,0,0,0,0,STARVE CRITICAL
"FLAP DISK 4"" G80 JOHNOAKEY",373,0,140,0,0,0,0,STARVE CRITICAL
"FLAP DISK 4"" G80 METAL GNL",50,0,5,0,0,0,0,STARVE CRITICAL
"FLAP DISK 4""G80 CARBORUNDUM",17,0,20,0,0,0,0,STARVE WATCH
"FLAP DISK 5"" G80 CHAMP",53,0,31,0,0,0,0,STARVE CRITICAL
"FLAP DISK 5"" G80 POLYMAK",813,0,0,0,0,0,0,STARVE ZERO
FLAP WHEEL 150 X 25 G220 SPITFIRE GNL,33,0,10,0,0,0,0,STARVE CRITICAL
FLAP WHEEL 150 X 25 G60 BEAR PREMIUM GNL,10,0,10,0,0,0,0,STARVE WATCH
FLAP WHEEL 150 X 25 X 31.75 G120 SPITFIRE GNL,17,0,0,0,0,0,0,STARVE ZERO
FLAP WHEEL 150 X 40 X 31.75 G60 GNL,13,0,7,0,0,0,0,STARVE WATCH
FLAP WHEEL 150 X 50 G120 SPITFIRE GNL,2,0,0,0,0,0,0,STARVE ZERO
FLAP WHEEL 150 X 50 G220 SPITFIRE GNL,2,0,0,0,0,0,0,STARVE ZERO
FLAT WOODRASPS FILE 250 BAST JK,0,0,0,0,0,0,0,STARVE ZERO
FLEX KWIK 20 GM PIDILITE,139,0,52,0,0,0,0,STARVE CRITICAL
GAS REGULATOR NITROGEN (AGNI),0,0,0,0,0,0,0,STARVE ZERO
GEAR FOR (CC14STD) HIKOKI,1,0,0,0,0,0,0,STARVE ZERO
GRANITE SURFACE PLATE 630 X 630 WITH STAND,0,0,0,0,0,0,0,STARVE ZERO
GREASE GUN G506,5,0,0,0,0,0,0,STARVE ZERO
GREASE SKF,0,0,0,0,0,0,0,STARVE ZERO
GRINDING WHEEL 150 X 13 X 31.75 MEDIUM BLACK GNL,0,0,0,0,0,0,0,STARVE ZERO
GRINDING WHEEL 150 X 20 X 31.75 38 AA60 WHITE GNL,1,0,0,0,0,0,0,STARVE ZERO
GRINDING WHEEL 150 X 25 X 31.75 MEDIUM GNL,0,0,0,0,0,0,0,STARVE ZERO
GRINDING WHEEL 150 X 3 X 31.75 AA120 CARBORUNDUM,0,0,0,0,0,0,0,STARVE ZERO
GRINDING WHEEL 150 X 6 X 31.75 AA60 GNL,4,0,0,0,0,0,0,STARVE ZERO
GRINDING WHEEL 180 X 6 X 31.75 AA60 WHITE,6,0,0,0,0,0,0,STARVE ZERO
GRINDING WHEEL 200 X 13 X 31.75 AA46/54 CARBORUNDUM,10,0,0,0,0,0,0,STARVE ZERO
GRINDING WHEEL 200 X 13 X 31.75 AA46/54 ORIENT,86,0,0,0,0,0,0,STARVE ZERO
GRINDING WHEEL 200 X 13 X 31.75 AA46/54K XY WHITE,0,0,1,0,0,0,0,STARVE ZERO
GRINDING WHEEL 200 X 13 X 31.75 FINE BLACK GNL,0,0,0,0,0,0,0,STARVE ZERO
GRINDING WHEEL 200 X 20 X 31.75 A46/54 WHITE ORIENT,2,0,12,0,0,0,0,STARVE ZERO
GRINDING WHEEL 200 X 20 X 31.75 A46/54 WHITE PERFORMER,11,0,9,0,0,0,0,STARVE WATCH
GRINDING WHEEL 200 X 20 X 31.75 AA46/54 CARBORUNDUM,0,0,1,0,0,0,0,STARVE ZERO
GRINDING WHEEL 200 X 20 X 31.75 AA46/54 WHITE XY DURAKUT,35,0,10,0,0,0,0,STARVE CRITICAL
GRINDING WHEEL 200 X 20 X 31.75 AA46/64 PINK XP GNL,8,0,3,0,0,0,0,STARVE CRITICAL
GRINDING WHEEL 200 X 25 X 31.75 39C60 GREEN GNL,0,0,0,0,0,0,0,STARVE ZERO
GRINDING WHEEL 200 X 25 X 31.75 FINE BLACK CARBORUNDUM,6,0,2,0,0,0,0,STARVE CRITICAL
GRINDING WHEEL 220 X 150 X 100 44AM120 -86A80J10VS3 DP18 03 START XTRIMIUM GNL,5,0,0,0,0,0,0,STARVE ZERO
GRINDING WHEEL 220 X 150 X 100 44AM120 -86A80J10VS3 DP20 03 START XTRIMIUM GNL,1,0,0,0,0,0,0,STARVE ZERO
GRINDING WHEEL 220 X 150 X 100 44AM120 -86A80J10VS3 DP24 03 START  XTRIMIUM GNL,2,0,0,0,0,0,0,STARVE ZERO
GRINDING WHEEL 220 X 150 X 100 44AM120 -86A80J10VS3 DP28 03 START XTRIMIUM GNL,1,0,0,0,0,0,0,STARVE ZERO
GRINDING WHEEL 220 X 150 X 100 44AM120 -86A80J10VS3 DP32 1.8 START  XTRIMIUM GNL,1,0,0,0,0,0,0,STARVE ZERO
GRINDING WHEEL 300 X 25 X 31.75SUPERLIFE COARSE GNL,1,0,0,0,0,0,0,STARVE ZERO
GRINDING WHEEL 300 X 25 X 76.2 A60 L5VC3 GNL,4,0,1,0,0,0,0,STARVE CRITICAL
GRINDING WHEEL 300 X 40 X 127 A46 GNL,1,0,0,0,0,0,0,STARVE ZERO
GRINDING WHEEL 350 X 100 X 127 A60 LVN GNL,1,0,0,0,0,0,0,STARVE ZERO
GRINDING WHEEL 350 X 100 X 152.4 A60 MV GNL,8,0,0,0,0,0,0,STARVE ZERO
GRINDING WHEEL 350 X 25 X 127 A60 N5VMSC GNL,1,0,0,0,0,0,0,STARVE ZERO
GRINDING WHEEL 350 X 40 X 127 A46 GNL,15,0,2,0,0,0,0,STARVE CRITICAL
GRINDING WHEEL 350 X 50 X 127 A60 N5VMS GNL,0,0,0,0,0,0,0,STARVE ZERO
GRINDING WHEEL 350 X 50 X 50.8 A24 (V319) GNL,14,0,0,0,0,0,0,STARVE ZERO
GRINDING WHEEL 350 X 50 X 50.8 A24 CARBORUNDUM,1,0,0,0,0,0,0,STARVE ZERO
GRINDING WHEEL 350 X 50 X 50.8 CGC 60 CARBORUNDUM,1,0,0,0,0,0,0,STARVE ZERO
GRINDING WHEEL 400 X 50 X 50.8 A24 GNL,12,0,0,0,0,0,0,STARVE ZERO
GRINDING WHEEL 500 X 20 X 150_SG150 XTRIMIUM GNL,0,0,0,0,0,0,0,STARVE ZERO
GRINDING WHEEL 500 X 40 X 203.2 GNL,0,0,0,0,0,0,0,STARVE ZERO
GUN METAl SOLID ROD DIA 30 mm,1,0,0,0,0,0,0,STARVE ZERO
HALF ROUND FILE 100 BAST JK,15,0,6,0,0,0,0,STARVE CRITICAL
HALF ROUND FILE 250 SMOOTH JK,3,0,3,0,0,0,0,STARVE WATCH
HAMMER,0,0,2,0,0,0,0,STARVE ZERO
HAMMER 1 KG 2.5 LB,3,0,1,0,0,0,0,STARVE CRITICAL
HAMMER 3 KG 6 LB,0,0,0,0,0,0,0,STARVE ZERO
HAMMER DRILL 10 X 210,2,0,1,0,0,0,0,STARVE WATCH
HAMMER DRILL 14 X 210 GNL,1,0,0,0,0,0,0,STARVE ZERO
HAMMER DRILL 22 X 310 TAPARIA,0,0,0,0,0,0,0,STARVE ZERO
HAMMER DRILL 6 X 110 TAPARIA,0,0,0,0,0,0,0,STARVE ZERO
HAND PAD,"4,230",0,"1,415",0,0,0,0,STARVE CRITICAL
HAND PAD HX01 GNL,17,0,0,0,0,0,0,STARVE ZERO
HAND PAD HX1095 GNL,121,0,47,0,0,0,0,STARVE CRITICAL
"HEX BOLT 1/4 X 1""",3,0,0,0,0,0,0,STARVE ZERO
HEX BOLT 10 X 50 MFL,3,0,0,0,0,0,0,STARVE ZERO
"HEX BOLT 5/16 X 6""",2,0,0,0,0,0,0,STARVE ZERO
HEX NUT 10,83,0,50,0,0,0,0,STARVE ZERO
HEX NUT 10 MFL,"1,469",0,14,0,0,0,0,STARVE CRITICAL
HEX NUT 12,17,0,50,0,0,0,0,STARVE ZERO
HEX NUT 12 MFL,767,0,0,0,0,0,0,STARVE ZERO
HEX NUT 16 MFL,250,0,0,0,0,0,0,STARVE ZERO
HEX NUT 20 MFL,100,0,0,0,0,0,0,STARVE ZERO
"HEX NUT 3/16""",42,0,50,0,0,0,0,STARVE WATCH
HEX NUT 6 MFL,"1,285",0,0,0,0,0,0,STARVE ZERO
HEX NUT 8 MFL,"1,713",0,0,0,0,0,0,STARVE ZERO
"HIGH TENSILE HEX BOLT 1/2"" X 6",3,0,0,0,0,0,0,STARVE ZERO
"HIGH TENSILE HEX BOLT 3/8 X 4""",8,0,0,0,0,0,0,STARVE ZERO
"HIGH TENSILE HEX BOLT 5/16 X 4""",3,0,0,0,0,0,0,STARVE ZERO
"HIGH TENSILE HEX BOLT 5/8 X 8""",7,0,4,0,0,0,0,STARVE CRITICAL
"HIGH TENSILE HEX NUT 3/8""",25,0,0,0,0,0,0,STARVE ZERO
"HIGH TENSILE HEX NUT 5/8""",5,0,0,0,0,0,0,STARVE ZERO
HOLESAW CUTTER 19 MAGICUT,1,0,0,0,0,0,0,STARVE ZERO
HOLESAW CUTTER 25 BIPICO,3,0,1,0,0,0,0,STARVE CRITICAL
HOLESAW CUTTER 25 MAGICUT,1,0,0,0,0,0,0,STARVE ZERO
HOLESAW CUTTER 32 MAGICUT,1,0,0,0,0,0,0,STARVE ZERO
HOLESAW CUTTER 48 BIPICO,0,0,0,0,0,0,0,STARVE ZERO
HOOK WRENCH 120 X 180,0,0,0,0,0,0,0,STARVE ZERO
HOOK WRENCH 80 X 120,1,0,0,0,0,0,0,STARVE ZERO
HOSE CLAMP 1-1/2,17,0,0,0,0,0,0,STARVE ZERO
"HOSE CLAMP 3/4""",17,0,0,0,0,0,0,STARVE ZERO
HSS  LH TAP 27 X 3 BOT TOTEM,6,0,5,0,0,0,0,STARVE WATCH
HSS BIMETAL BLADE 12 X 1/2 BIPICO,167,0,0,0,0,0,0,STARVE ZERO
HSS BIMETAL BLADE 16 X 1-1/4 MIRANDA,1,0,0,0,0,0,0,STARVE ZERO
HSS CENTRE DRILL A 1 X 3.15 ADDISON,3,0,0,0,0,0,0,STARVE ZERO
HSS CENTRE DRILL A 1.25 X 3.15 ADDISON,6,0,0,0,0,0,0,STARVE ZERO
HSS CENTRE DRILL A 1.6 X 4 TOTEM,28,0,3,0,0,0,0,STARVE CRITICAL
HSS CENTRE DRILL A 2.5 x 6.3 MIRANDA,17,0,0,0,0,0,0,STARVE ZERO
HSS CENTRE DRILL A 8 X 20 ADDISON,2,0,1,0,0,0,0,STARVE WATCH
HSS CENTRE DRILL B 2.5 X 10 ADDISON,29,0,0,0,0,0,0,STARVE ZERO
HSS CENTRE DRILL B 2.5 X 10 TOTEM,14,0,4,0,0,0,0,STARVE CRITICAL
HSS CENTRE DRILL B 3.15 X 11.2 ADDISON,33,0,3,0,0,0,0,STARVE CRITICAL
HSS CENTRE DRILL B 5 X 18 ADDISON,1,0,1,0,0,0,0,STARVE WATCH
HSS CENTRE DRILL BS4 (1/8 X 5/16) MIRANDA,13,0,6,0,0,0,0,STARVE CRITICAL
HSS CENTRE DRILL BS6 TOTEM,2,0,0,0,0,0,0,STARVE ZERO
HSS DRILL .4 HITTCO,3,0,3,0,0,0,0,STARVE WATCH
HSS DRILL .43 HITTCO,8,0,0,0,0,0,0,STARVE ZERO
HSS DRILL .44 HITTCO,8,0,0,0,0,0,0,STARVE ZERO
HSS DRILL .46 HITTCO,2,0,0,0,0,0,0,STARVE ZERO
HSS DRILL .49 HITTCO,2,0,0,0,0,0,0,STARVE ZERO
HSS DRILL .55 HITTCO,3,0,0,0,0,0,0,STARVE ZERO
HSS DRILL .62 HITTCO,3,0,0,0,0,0,0,STARVE ZERO
HSS DRILL .63 HITTCO,2,0,0,0,0,0,0,STARVE ZERO
HSS DRILL .64 HITTCO,8,0,0,0,0,0,0,STARVE ZERO
HSS DRILL .65 HITTCO,12,0,10,0,0,0,0,STARVE WATCH
HSS DRILL .66 HITTCO,8,0,0,0,0,0,0,STARVE ZERO
HSS DRILL .67 HITTCO,12,0,0,0,0,0,0,STARVE ZERO
HSS DRILL .68 HITTCO,3,0,0,0,0,0,0,STARVE ZERO
HSS DRILL .69 HITTICO,8,0,0,0,0,0,0,STARVE ZERO
HSS DRILL .74 HITTCO,17,0,10,0,0,0,0,STARVE CRITICAL
HSS DRILL .76 HITTCO,12,0,0,0,0,0,0,STARVE ZERO
HSS DRILL .77 HITTCO,3,0,0,0,0,0,0,STARVE ZERO
HSS DRILL .79 HITTCO,8,0,0,0,0,0,0,STARVE ZERO
HSS DRILL .81 HITTCO,8,0,0,0,0,0,0,STARVE ZERO
HSS DRILL .82 HITTCO,3,0,0,0,0,0,0,STARVE ZERO
HSS DRILL .83 HITTCO,8,0,0,0,0,0,0,STARVE ZERO
HSS DRILL .86 HITTCO,3,0,0,0,0,0,0,STARVE ZERO
HSS DRILL .89 HITTCO,3,0,0,0,0,0,0,STARVE ZERO
HSS DRILL 1.10 MIRANDA,73,0,71,0,0,0,0,STARVE WATCH
HSS DRILL 1.23 SSMT,17,0,0,0,0,0,0,STARVE ZERO
HSS DRILL 1.24 SSMT,17,0,0,0,0,0,0,STARVE ZERO
HSS DRILL 1.5,2,0,40,0,0,0,0,STARVE ZERO
"HSS DRILL 1/2"" (12.7) TOTEM",1,0,0,0,0,0,0,STARVE ZERO
HSS DRILL 10.2 IT,2,0,0,0,0,0,0,STARVE ZERO
HSS DRILL 10.2 TOTEM,20,0,17,0,0,0,0,STARVE WATCH
HSS DRILL 10.3 IT,2,0,10,0,0,0,0,STARVE ZERO
HSS DRILL 10.4 MIRANDA GOLD,2,0,1,0,0,0,0,STARVE CRITICAL
HSS DRILL 10.4 TOTEM,3,0,5,0,0,0,0,STARVE WATCH
HSS DRILL 10.5 IT,0,0,0,0,0,0,0,STARVE ZERO
HSS DRILL 10.5 MIRANDA GOLD,28,0,12,0,0,0,0,STARVE CRITICAL
HSS DRILL 10.5 TOTEM,13,0,5,0,0,0,0,STARVE CRITICAL
HSS DRILL 10.9 ADDISON,2,0,2,0,0,0,0,STARVE WATCH
HSS DRILL 10.9 MIRANDA,7,0,5,0,0,0,0,STARVE WATCH
"HSS DRILL 11/32"" (8.73) IT",1,0,0,0,0,0,0,STARVE ZERO
HSS DRILL 12 MIRANDA,126,0,75,0,0,0,0,STARVE WATCH
HSS DRILL 12.2 ADDISON,14,0,9,0,0,0,0,STARVE WATCH
HSS DRILL 12.2 MIRANDA GOLD,2,0,0,0,0,0,0,STARVE ZERO
HSS DRILL 12.5 IT,1,0,0,0,0,0,0,STARVE ZERO
HSS DRILL 13.3 ADDISON,2,0,1,0,0,0,0,STARVE CRITICAL
HSS DRILL 13.5 TOTEM,1,0,0,0,0,0,0,STARVE ZERO
HSS DRILL 14 ADDISON,15,0,5,0,0,0,0,STARVE CRITICAL
HSS DRILL 14 MIRANDA GOLD,1,0,0,0,0,0,0,STARVE ZERO
HSS DRILL 14.5 TOTEM,1,0,0,0,0,0,0,STARVE ZERO
HSS DRILL 15.8 ADDISON,1,0,0,0,0,0,0,STARVE ZERO
"HSS DRILL 17/64"" (6.75) TOTEM",2,0,0,0,0,0,0,STARVE ZERO
HSS DRILL 19.0 MIRANDA,1,0,1,0,0,0,0,STARVE WATCH
HSS DRILL 19.5 MIRANDA,0,0,0,0,0,0,0,STARVE ZERO
HSS DRILL 2.2 TOTEM,13,0,10,0,0,0,0,STARVE WATCH
HSS DRILL 2.6 ADDISON,43,0,4,0,0,0,0,STARVE CRITICAL
HSS DRILL 20 ADDISON,1,0,1,0,0,0,0,STARVE WATCH
HSS DRILL 22.0 ADDISON,0,0,0,0,0,0,0,STARVE ZERO
"HSS DRILL 25/64"" (9.92) IT",2,0,0,0,0,0,0,STARVE ZERO
HSS DRILL 3 IT,28,0,0,0,0,0,0,STARVE ZERO
HSS DRILL 3 IT GOLD,5,0,0,0,0,0,0,STARVE ZERO
HSS DRILL 3 JK,5,0,0,0,0,0,0,STARVE ZERO
HSS DRILL 3 TOTEM,522,0,310,0,0,0,0,STARVE WATCH
HSS DRILL 3.1 ADDISON,103,0,2,0,0,0,0,STARVE CRITICAL
HSS DRILL 3.1 IT,2,0,0,0,0,0,0,STARVE ZERO
HSS DRILL 3.2 ADDISON,120,0,1,0,0,0,0,STARVE CRITICAL
HSS DRILL 3.2 MIRANDA,541,0,281,0,0,0,0,STARVE WATCH
HSS DRILL 3.2 TOTEM,97,0,20,0,0,0,0,STARVE CRITICAL
HSS DRILL 3.3 IT,12,0,0,0,0,0,0,STARVE ZERO
HSS DRILL 3.3 MIRANDA,220,0,88,0,0,0,0,STARVE CRITICAL
HSS DRILL 3.3 TOTEM,53,0,20,0,0,0,0,STARVE CRITICAL
HSS DRILL 3.4 IT,10,0,0,0,0,0,0,STARVE ZERO
HSS DRILL 3.5 IT,10,0,0,0,0,0,0,STARVE ZERO
HSS DRILL 3.5 MIRANDA GOLD,48,0,15,0,0,0,0,STARVE CRITICAL
HSS DRILL 3.5 TOTEM,50,0,0,0,0,0,0,STARVE ZERO
HSS DRILL 3.6 TOTEM,12,0,0,0,0,0,0,STARVE ZERO
HSS DRILL 3.8 IT,2,0,0,0,0,0,0,STARVE ZERO
HSS DRILL 4 TOTEM,142,0,27,0,0,0,0,STARVE CRITICAL
HSS DRILL 4.1 IT,3,0,0,0,0,0,0,STARVE ZERO
HSS DRILL 4.2 IT,10,0,10,0,0,0,0,STARVE WATCH
HSS DRILL 4.2 MIRANDA GOLD,46,0,45,0,0,0,0,STARVE WATCH
HSS DRILL 4.3 TOTEM,122,0,20,0,0,0,0,STARVE CRITICAL
HSS DRILL 4.9 IT,2,0,0,0,0,0,0,STARVE ZERO
HSS DRILL 5 IT,13,0,0,0,0,0,0,STARVE ZERO
HSS DRILL 5 TOTEM,247,0,23,0,0,0,0,STARVE CRITICAL
HSS DRILL 5.1 IT,5,0,0,0,0,0,0,STARVE ZERO
HSS DRILL 5.1 MIRANDA GOLD,35,0,3,0,0,0,0,STARVE CRITICAL
HSS DRILL 5.2 IT,2,0,0,0,0,0,0,STARVE ZERO
HSS DRILL 5.2 MIRANDA SUPER,2,0,0,0,0,0,0,STARVE ZERO
HSS DRILL 5.2 TOTEM,105,0,22,0,0,0,0,STARVE CRITICAL
HSS DRILL 5.3 IT,3,0,0,0,0,0,0,STARVE ZERO
HSS DRILL 5.3 TOTEM,130,0,20,0,0,0,0,STARVE CRITICAL
HSS DRILL 5.5 MIRANDA,103,0,88,0,0,0,0,STARVE WATCH
HSS DRILL 5.5 TOTEM,22,0,15,0,0,0,0,STARVE WATCH
HSS DRILL 5.6 MIRANDA GOLD,17,0,0,0,0,0,0,STARVE ZERO
"HSS DRILL 5/32""(3.97) MIRANDA",8,0,0,0,0,0,0,STARVE ZERO
HSS DRILL 5/8 (15.87) MIRANDA GOLD,2,0,1,0,0,0,0,STARVE CRITICAL
HSS DRILL 6.1 IT,5,0,0,0,0,0,0,STARVE ZERO
HSS DRILL 6.2 ADDISON,92,0,2,0,0,0,0,STARVE CRITICAL
HSS DRILL 6.2 IT,3,0,0,0,0,0,0,STARVE ZERO
HSS DRILL 6.6 MIRANDA GOLD,20,0,2,0,0,0,0,STARVE CRITICAL
HSS DRILL 6.8 ADDISON,101,0,52,0,0,0,0,STARVE CRITICAL
HSS DRILL 6.8 IT,3,0,0,0,0,0,0,STARVE ZERO
HSS DRILL 6.9 MIRANDA GOLD,15,0,3,0,0,0,0,STARVE CRITICAL
HSS DRILL 7 ADDISON,56,0,53,0,0,0,0,STARVE WATCH
HSS DRILL 7.2 ADDISON,17,0,16,0,0,0,0,STARVE WATCH
HSS DRILL 7.2 MIRANDA GOLD,3,0,1,0,0,0,0,STARVE CRITICAL
HSS DRILL 7.6 ADDISON,4,0,4,0,0,0,0,STARVE WATCH
HSS DRILL 7.8 MIRANDA GOLD,5,0,32,0,0,0,0,STARVE WATCH
HSS DRILL 7.8 TOTEM,11,0,0,0,0,0,0,STARVE ZERO
"HSS DRILL 7/64"" (2.78) ADDISON",33,0,20,0,0,0,0,STARVE WATCH
HSS DRILL 8.2 MIRANDA GOLD,8,0,0,0,0,0,0,STARVE ZERO
HSS DRILL 8.3 MIRANDA,14,0,6,0,0,0,0,STARVE CRITICAL
HSS DRILL 8.5 IT,1,0,0,0,0,0,0,STARVE ZERO
HSS DRILL 8.5 MIRANDA,153,0,16,0,0,0,0,STARVE CRITICAL
HSS DRILL 8.5 TOTEM,71,0,69,0,0,0,0,STARVE WATCH
HSS DRILL 8.7 MIRANDA,80,0,29,0,0,0,0,STARVE CRITICAL
HSS DRILL 8.7 TOTEM,3,0,0,0,0,0,0,STARVE ZERO
HSS DRILL 9 ADDISON,64,0,8,0,0,0,0,STARVE CRITICAL
HSS DRILL 9 TOTEM,10,0,8,0,0,0,0,STARVE WATCH
HSS DRILL 9.2 TOTEM,3,0,0,0,0,0,0,STARVE ZERO
HSS DRILL 9.27 X 81 X 125 TIN COATED TOTEM,42,0,0,0,0,0,0,STARVE ZERO
HSS DRILL 9.4 ADDISON,10,0,11,0,0,0,0,STARVE WATCH
HSS DRILL 9.4 MIRANDA GOLD,10,0,5,0,0,0,0,STARVE CRITICAL
HSS DRILL 9.7 ADDISON,8,0,8,0,0,0,0,STARVE WATCH
HSS DRILL 9/64 (3.57) IT,3,0,0,0,0,0,0,STARVE ZERO
HSS DRILL 9/64 (3.57) MIRANDA,5,0,0,0,0,0,0,STARVE ZERO
"HSS DRILL SET 1/16"" TO 1/2"" MIRANDA",0,0,0,0,0,0,0,STARVE ZERO
HSS DRILL WG 46 HITTCO,3,0,0,0,0,0,0,STARVE ZERO
HSS DRILL WG- 67 SSMT,22,0,50,0,0,0,0,STARVE WATCH
HSS DRILL WG- 77 HITTCO,2,0,0,0,0,0,0,STARVE ZERO
HSS DRILL WG-43 (2.26) ADDISON,7,0,0,0,0,0,0,STARVE ZERO
"HSS ENDMILL 1/2"" (12.7) MIRANDA",0,0,0,0,0,0,0,STARVE ZERO
HSS ENDMILL 10 ADDISON,15,0,7,0,0,0,0,STARVE CRITICAL
HSS ENDMILL 10.5 ADDISON,1,0,0,0,0,0,0,STARVE ZERO
HSS ENDMILL 12 YG,1,0,1,0,0,0,0,STARVE WATCH
HSS ENDMILL 13 YG,0,0,0,0,0,0,0,STARVE ZERO
HSS ENDMILL 14 MIRANDA,6,0,3,0,0,0,0,STARVE CRITICAL
HSS ENDMILL 14 YG,1,0,0,0,0,0,0,STARVE ZERO
HSS ENDMILL 15 MIRANDA,5,0,0,0,0,0,0,STARVE ZERO
HSS ENDMILL 16 YG,1,0,0,0,0,0,0,STARVE ZERO
HSS ENDMILL 18 ADDISON,2,0,1,0,0,0,0,STARVE WATCH
HSS ENDMILL 18 YG,1,0,0,0,0,0,0,STARVE ZERO
HSS ENDMILL 19 YG,1,0,0,0,0,0,0,STARVE ZERO
HSS ENDMILL 20 MIRANDA,3,0,3,0,0,0,0,STARVE WATCH
HSS ENDMILL 20 YG,1,0,0,0,0,0,0,STARVE ZERO
HSS ENDMILL 21 MIRANDA,0,0,0,0,0,0,0,STARVE ZERO
HSS ENDMILL 22 ADDISON,3,0,0,0,0,0,0,STARVE ZERO
HSS ENDMILL 24 ADDISON,0,0,0,0,0,0,0,STARVE ZERO
"HSS ENDMILL 3/8"" ( 9.52 ) ADDISON",1,0,0,0,0,0,0,STARVE ZERO
HSS ENDMILL 32 MIRANDA,0,0,1,0,0,0,0,STARVE ZERO
HSS ENDMILL 5 YG,1,0,0,0,0,0,0,STARVE ZERO
HSS ENDMILL 7 YG,1,0,0,0,0,0,0,STARVE ZERO
HSS ENDMILL 9 YG,1,0,0,0,0,0,0,STARVE ZERO
HSS EXTRA LONG DRILL 10 X 300 ADDISON,1,0,0,0,0,0,0,STARVE ZERO
HSS EXTRA LONG DRILL 10.2 X 300 IT,0,0,0,0,0,0,0,STARVE ZERO
HSS EXTRA LONG DRILL 11 X 250 MIRANDA,0,0,0,0,0,0,0,STARVE ZERO
HSS EXTRA LONG DRILL 2 X 100 ADDISON,2,0,3,0,0,0,0,STARVE WATCH
HSS EXTRA LONG DRILL 2.5 X 150 ADDISON,1,0,0,0,0,0,0,STARVE ZERO
HSS EXTRA LONG DRILL 3.2 X 200 IT,0,0,0,0,0,0,0,STARVE ZERO
"HSS EXTRA LONG DRILL 5/16"" X 250 IT",1,0,0,0,0,0,0,STARVE ZERO
HSS EXTRA LONG DRILL 6 X 200 TOTEM,8,0,0,0,0,0,0,STARVE ZERO
HSS EXTRA LONG DRILL 6.5 X 215 YG,0,0,0,0,0,0,0,STARVE ZERO
HSS EXTRA LONG DRILL 6.5 X 250 IT,5,0,0,0,0,0,0,STARVE ZERO
HSS EXTRA LONG DRILL 6.5 X 250 MIRANDA,2,0,0,0,0,0,0,STARVE ZERO
HSS EXTRA LONG DRILL 7 X 200 MIRANDA,0,0,0,0,0,0,0,STARVE ZERO
HSS EXTRA LONG DRILL 7 X 300 IT,0,0,0,0,0,0,0,STARVE ZERO
HSS EXTRA LONG DRILL 7 X 350 IT,1,0,0,0,0,0,0,STARVE ZERO
HSS EXTRA LONG DRILL 8 X 240 YG,3,0,0,0,0,0,0,STARVE ZERO
HSS EXTRA LONG DRILL 8 X 250 TOTEM,2,0,0,0,0,0,0,STARVE ZERO
HSS EXTRA LONG DRILL 8 X 350 ADDISON,1,0,0,0,0,0,0,STARVE ZERO
HSS EXTRA LONG DRILL 9 X 250 ADDISON,0,0,0,0,0,0,0,STARVE ZERO
HSS FLAT TOOLBIT 1/2 X 3/4 X 6 T42 MIRANDA,0,0,0,0,0,0,0,STARVE ZERO
HSS FLAT TOOLBIT 1/4 X 1/2 X 6 III MIRANDA,1,0,0,0,0,0,0,STARVE ZERO
HSS FLAT TOOLBIT 3/8 X 3/4 X 6 III BIPICO,0,0,0,0,0,0,0,STARVE ZERO
HSS FLAT TOOLBIT 3/8 X 3/4 X 6 III MIRANDA,2,0,1,0,0,0,0,STARVE WATCH
"HSS HAND REAMER 1/2"" (12.7) MIRANDA",0,0,0,0,0,0,0,STARVE ZERO
"HSS HAND REAMER 1/4"" ( 6.35 ) IT",1,0,0,0,0,0,0,STARVE ZERO
HSS HAND REAMER 12.5 ADDISON,0,0,0,0,0,0,0,STARVE ZERO
HSS HAND REAMER 14 IT,0,0,0,0,0,0,0,STARVE ZERO
HSS HAND REAMER 18 ADDISON,0,0,0,0,0,0,0,STARVE ZERO
HSS HAND REAMER 7 MIRANDA,1,0,0,0,0,0,0,STARVE ZERO
HSS HAND REAMER 9 IT,2,0,0,0,0,0,0,STARVE ZERO
"HSS LH DIE 1/2"" BSW TOTEM",0,0,1,0,0,0,0,STARVE ZERO
HSS LH DIE 20 X 1.5 TOTEM,0,0,0,0,0,0,0,STARVE ZERO
HSS LH DIE 8 X 1.25 TOTEM,2,0,0,0,0,0,0,STARVE ZERO
HSS LH TAP 10 X 1.25 6G SPFL TIN ET,8,0,5,0,0,0,0,STARVE WATCH
HSS LH TAP 10 X 1.5 SPFL TIN ET,2,0,1,0,0,0,0,STARVE CRITICAL
HSS LH TAP 16 X 1.5 BOT YG,1,0,0,0,0,0,0,STARVE ZERO
HSS LH TAP 20 X 2 BOT TOTEM,1,0,0,0,0,0,0,STARVE ZERO
HSS LH TAP 22 X 1.5 BOT NEBSON,1,0,0,0,0,0,0,STARVE ZERO
HSS LH TAP 30 X 3.5 BOT TOTEM,8,0,1,0,0,0,0,STARVE CRITICAL
HSS LH TAP 5 X .8 SET TOTEM,0,0,0,0,0,0,0,STARVE ZERO
HSS LH TAP 6 X 1 BOT ET,8,0,0,0,0,0,0,STARVE ZERO
HSS LH TAP 8 X 1.25 SPPT TIN ET,1,0,0,0,0,0,0,STARVE ZERO
HSS LONG DRILL 1.6 ADDISON,1,0,0,0,0,0,0,STARVE ZERO
HSS LONG DRILL 1.6 IT,2,0,0,0,0,0,0,STARVE ZERO
HSS LONG DRILL 1.60 MIRANDA,2,0,0,0,0,0,0,STARVE ZERO
HSS LONG DRILL 1.8 ADDISON,42,0,2,0,0,0,0,STARVE CRITICAL
HSS LONG DRILL 10.6 MIRANDA,1,0,5,0,0,0,0,STARVE ZERO
HSS LONG DRILL 11.8 ADDISON,2,0,0,0,0,0,0,STARVE ZERO
HSS LONG DRILL 13.5 ADDISON,0,0,0,0,0,0,0,STARVE ZERO
HSS LONG DRILL 2.5 ADDISON,10,0,3,0,0,0,0,STARVE CRITICAL
HSS LONG DRILL 3 ADDISON,16,0,2,0,0,0,0,STARVE CRITICAL
HSS LONG DRILL 3 TOTEM,3,0,0,0,0,0,0,STARVE ZERO
HSS LONG DRILL 3.2 MIRANDA,24,0,9,0,0,0,0,STARVE CRITICAL
HSS LONG DRILL 3.9 TOTEM,2,0,0,0,0,0,0,STARVE ZERO
HSS LONG DRILL 4.7 MIRANDA,2,0,0,0,0,0,0,STARVE ZERO
HSS LONG DRILL 4.8 IT,2,0,0,0,0,0,0,STARVE ZERO
HSS LONG DRILL 5.1 IT,3,0,0,0,0,0,0,STARVE ZERO
HSS LONG DRILL 5.2 IT,2,0,0,0,0,0,0,STARVE ZERO
HSS LONG DRILL 5.2 TOTEM,0,0,0,0,0,0,0,STARVE ZERO
HSS LONG DRILL 5.5 ADDISON,3,0,2,0,0,0,0,STARVE WATCH
HSS LONG DRILL 5.8 ADDISON,3,0,0,0,0,0,0,STARVE ZERO
HSS LONG DRILL 5.8 IT,2,0,0,0,0,0,0,STARVE ZERO
HSS LONG DRILL 5.9 MIRANDA,10,0,0,0,0,0,0,STARVE ZERO
HSS LONG DRILL 5.9 TOTEM,2,0,0,0,0,0,0,STARVE ZERO
HSS LONG DRILL 6.2 YG,3,0,1,0,0,0,0,STARVE CRITICAL
HSS LONG DRILL 6.3 ADDISON,2,0,1,0,0,0,0,STARVE WATCH
HSS LONG DRILL 6.3 MIRANDA,5,0,5,0,0,0,0,STARVE ZERO
HSS LONG DRILL 7.1 MIRANDA,0,0,5,0,0,0,0,STARVE CRITICAL
HSS LONG DRILL 7.7 IT,1,0,0,0,0,0,0,STARVE ZERO
HSS LONG DRILL 7.9 ADDISON,2,0,0,0,0,0,0,STARVE ZERO
HSS LONG DRILL 8.6 MIRANDA,0,0,0,0,0,0,0,STARVE ZERO
HSS LONG ENDMILL 11 ADDISON,0,0,2,0,0,0,0,STARVE ZERO
HSS LONG ENDMILL 6 ADDISON,0,0,0,0,0,0,0,STARVE ZERO
HSS LONG LH TAP 16 X 1.5 TYPE C TOTEM,2,0,0,0,0,0,0,STARVE ZERO
HSS LONG LH TAP 18 X 1.5 TYPE C TOTEM,1,0,0,0,0,0,0,STARVE ZERO
HSS LONG LH TAP 24 X 3 7H TIN ET,2,0,0,0,0,0,0,STARVE ZERO
"HSS LONG TAP 1/4"" NPT OAL 6"" ET",3,0,0,0,0,0,0,STARVE ZERO
"HSS LONG TAP 1/4"" UNC TYPE C TIN ET",4,0,0,0,0,0,0,STARVE ZERO
HSS LONG TAP 10 X 1.5 SPFL ET,7,0,0,0,0,0,0,STARVE ZERO
HSS LONG TAP 10 X 1.5 SPFL TIN ET,28,0,5,0,0,0,0,STARVE CRITICAL
HSS LONG TAP 10 X 1.5 TYPE B SPPT TIN ET,3,0,0,0,0,0,0,STARVE ZERO
HSS LONG TAP 10 X 1.5 TYPE C TIN ET,51,0,7,0,0,0,0,STARVE CRITICAL
HSS LONG TAP 12 X 1.75 SPFL ET,2,0,0,0,0,0,0,STARVE ZERO
HSS LONG TAP 12 X 1.75 SPFL TIN ET,3,0,0,0,0,0,0,STARVE ZERO
HSS LONG TAP 15 X 1.5 TYPE C TOTEM,2,0,0,0,0,0,0,STARVE ZERO
HSS LONG TAP 16 X 1.5 TYPE C TOTEM,9,0,0,0,0,0,0,STARVE ZERO
HSS LONG TAP 16 X 2 SPFL ET,1,0,0,0,0,0,0,STARVE ZERO
HSS LONG TAP 16 X 2 TYPE C TOTEM,1,0,0,0,0,0,0,STARVE ZERO
HSS LONG TAP 18 X 2.5 TYPE C TIN ET,0,0,0,0,0,0,0,STARVE ZERO
HSS LONG TAP 20 X 2.5 SPPT TIN ET,1,0,0,0,0,0,0,STARVE ZERO
HSS LONG TAP 24 X 1.5 TYPE C TIN ET,0,0,0,0,0,0,0,STARVE ZERO
HSS LONG TAP 24 X 1.5 TYPE C YG,0,0,0,0,0,0,0,STARVE ZERO
HSS LONG TAP 24 X 3 7H TIN ET,1,0,1,0,0,0,0,STARVE WATCH
HSS LONG TAP 3 X .5 TYPE C YG,25,0,24,0,0,0,0,STARVE CRITICAL
"HSS LONG TAP 3/8"" UNC TYPE C ET",5,0,0,0,0,0,0,STARVE ZERO
HSS LONG TAP 30 X 3 7H TIN ET,2,0,1,0,0,0,0,STARVE CRITICAL
HSS LONG TAP 30 X 3.5 7H TIN ET,1,0,1,0,0,0,0,STARVE WATCH
HSS LONG TAP 36 X 1.5 TYPE C TOTEM,0,0,0,0,0,0,0,STARVE ZERO
HSS LONG TAP 4 X .7 SPPT TIN ET,8,0,0,0,0,0,0,STARVE ZERO
HSS LONG TAP 4 X .7 TYPE C TIN ET,8,0,5,0,0,0,0,STARVE WATCH
HSS LONG TAP 4 X .7 TYPE C YG,33,0,2,0,0,0,0,STARVE CRITICAL
HSS LONG TAP 5 X .8 SPFL ET,3,0,0,0,0,0,0,STARVE ZERO
HSS LONG TAP 5 X .8 SPFL TIN ET,3,0,0,0,0,0,0,STARVE ZERO
HSS LONG TAP 5 X .8 TYPE B SPPT ET,8,0,0,0,0,0,0,STARVE ZERO
HSS LONG TAP 5 X .8 TYPE B SPPT TIN ET,150,0,0,0,0,0,0,STARVE ZERO
HSS LONG TAP 5 X .8 TYPE C ET,92,0,51,0,0,0,0,STARVE WATCH
"HSS LONG TAP 5/16"" UNC TYPE C ET",1,0,0,0,0,0,0,STARVE ZERO
HSS LONG TAP 6 X 1 6G TYPE C GOLD TOTEM,32,0,0,0,0,0,0,STARVE ZERO
HSS LONG TAP 6 X 1 SPFL ET,1,0,0,0,0,0,0,STARVE ZERO
HSS LONG TAP 6 X 1 SPFL TIN ET,3,0,0,0,0,0,0,STARVE ZERO
HSS LONG TAP 6 X 1 SPPT TIN ET,25,0,0,0,0,0,0,STARVE ZERO
HSS LONG TAP 6 X 1 TYPE B SPPT ET,8,0,0,0,0,0,0,STARVE ZERO
HSS LONG TAP 6 X 1 TYPE C ET,110,0,60,0,0,0,0,STARVE CRITICAL
HSS LONG TAP 6 X 1 TYPE C YG,15,0,15,0,0,0,0,STARVE WATCH
HSS LONG TAP 8 X 1 TYPE C TOTEM,15,0,0,0,0,0,0,STARVE ZERO
HSS LONG TAP 8 X 1.25 SPFL ET,7,0,0,0,0,0,0,STARVE ZERO
HSS LONG TAP 8 X 1.25 SPFL TIN ET,25,0,0,0,0,0,0,STARVE ZERO
HSS LONG TAP 8 X 1.25 SPPT ET,3,0,0,0,0,0,0,STARVE ZERO
HSS LONG TAP 8 X 1.25 TYPE C ET,69,0,82,0,0,0,0,STARVE WATCH
HSS LONG TAP 8 X 1.25 TYPE C TIN ET,123,0,115,0,0,0,0,STARVE WATCH
"HSS M/C REAMER 11/16"" (17.46) ADDISON",0,0,0,0,0,0,0,STARVE ZERO
HSS M/C REAMER 12.5 ADDISON,2,0,0,0,0,0,0,STARVE ZERO
HSS M/C REAMER 17 ADDISON,1,0,0,0,0,0,0,STARVE ZERO
HSS M/C REAMER 17.5 MIRANDA,0,0,0,0,0,0,0,STARVE ZERO
HSS M/C REAMER 25 ADDISON,1,0,0,0,0,0,0,STARVE ZERO
"HSS M/C REAMER 3/8"" (9.52) ADDISON",0,0,0,0,0,0,0,STARVE ZERO
HSS M/C REAMER 35 ADDISON,0,0,0,0,0,0,0,STARVE ZERO
HSS M/C REAMER 5 MIRANDA,0,0,3,0,0,0,0,STARVE CRITICAL
HSS M/C REAMER 6 ADDISON,4,0,1,0,0,0,0,STARVE CRITICAL
HSS M/C REAMER 8 MIRANDA,7,0,4,0,0,0,0,STARVE CRITICAL
"HSS M/C REAMER 9/16"" (14.29) IT",1,0,0,0,0,0,0,STARVE ZERO
HSS M2 DRILL 12 ADDISON,17,0,0,0,0,0,0,STARVE ZERO
HSS M35 DRILL 10.2 ADDISON,5,0,0,0,0,0,0,STARVE ZERO
HSS M35 DRILL 10.5 ADDISON,6,0,0,0,0,0,0,STARVE ZERO
HSS M35 DRILL 10.7 ADDISON,2,0,1,0,0,0,0,STARVE CRITICAL
HSS M35 DRILL 11 TOTEM,2,0,0,0,0,0,0,STARVE ZERO
HSS M35 DRILL 11.2 ADDISON,2,0,0,0,0,0,0,STARVE ZERO
HSS M35 DRILL 13 TOTEM,2,0,0,0,0,0,0,STARVE ZERO
HSS M35 DRILL 2 ADDISON,48,0,20,0,0,0,0,STARVE CRITICAL
HSS M35 DRILL 2.7 ADDISON,43,0,0,0,0,0,0,STARVE ZERO
HSS M35 DRILL 3 TOTEM,5,0,0,0,0,0,0,STARVE ZERO
HSS M35 DRILL 3.3 ADDISON,7,0,0,0,0,0,0,STARVE ZERO
HSS M35 DRILL 3.3 TOTEM,3,0,0,0,0,0,0,STARVE ZERO
HSS M35 DRILL 3.4 TOTEM,3,0,0,0,0,0,0,STARVE ZERO
HSS M35 DRILL 3.5 ADDISON,7,0,0,0,0,0,0,STARVE ZERO
HSS M35 DRILL 3.5 TOTEM,5,0,0,0,0,0,0,STARVE ZERO
"HSS M35 DRILL 3/32"" (2.38) TOTEM",2,0,0,0,0,0,0,STARVE ZERO
HSS M35 DRILL 4 TOTEM,7,0,0,0,0,0,0,STARVE ZERO
HSS M35 DRILL 4.2 ADDISON,10,0,0,0,0,0,0,STARVE ZERO
HSS M35 DRILL 5 TOTEM,5,0,0,0,0,0,0,STARVE ZERO
HSS M35 DRILL 5.1 ADDISON,3,0,3,0,0,0,0,STARVE WATCH
HSS M35 DRILL 5.2 ADDISON,3,0,2,0,0,0,0,STARVE CRITICAL
HSS M35 DRILL 5.3 ADDISON,2,0,1,0,0,0,0,STARVE CRITICAL
HSS M35 DRILL 6.8 ADDISON,3,0,2,0,0,0,0,STARVE WATCH
HSS M35 DRILL 7 TOTEM,2,0,0,0,0,0,0,STARVE ZERO
HSS M35 DRILL 7.4 ADDISON,37,0,30,0,0,0,0,STARVE WATCH
HSS M35 DRILL 8.5 TOTEM,2,0,0,0,0,0,0,STARVE ZERO
HSS M35 DRILL 9 ADDISON,8,0,0,0,0,0,0,STARVE ZERO
HSS M35 DRILL 9.5 TOTEM,2,0,0,0,0,0,0,STARVE ZERO
HSS M35 DRILL 9.9 ADDISON,0,0,0,0,0,0,0,STARVE ZERO
HSS M35 T/S DRILL 15 ADDISON,1,0,0,0,0,0,0,STARVE ZERO
HSS M35 T/S DRILL 22 ADDISON,1,0,0,0,0,0,0,STARVE ZERO
HSS M35 T/S DRILL 25 ADDISON,0,0,0,0,0,0,0,STARVE ZERO
HSS M42 DRILL 3 ADDISON,1,0,0,0,0,0,0,STARVE ZERO
HSS M42 DRILL 3.3 ADDISON,1,0,0,0,0,0,0,STARVE ZERO
HSS M42 DRILL 7 ADDISON,1,0,0,0,0,0,0,STARVE ZERO
HSS M42 LONG DRILL 12 YG,0,0,1,0,0,0,0,STARVE ZERO
HSS PANTHER DRILL 4.2 IT,2,0,0,0,0,0,0,STARVE ZERO
HSS POWERSAW BLADE 16 X 1-1/4 MIRANDA,3,0,0,0,0,0,0,STARVE ZERO
HSS ROUND DIE 1-1/16 X 14 UNF PECO,0,0,0,0,0,0,0,STARVE ZERO
"HSS ROUND DIE 1-1/2"" BSW TOTEM",0,0,0,0,0,0,0,STARVE ZERO
"HSS ROUND DIE 1-1/4"" BSP OD3"" TOTEM",0,0,0,0,0,0,0,STARVE ZERO
"HSS ROUND DIE 1-7/16"" X 12 UNF PECO",0,0,0,0,0,0,0,STARVE ZERO
"HSS ROUND DIE 1"" X 14 UN PECO",0,0,0,0,0,0,0,STARVE ZERO
"HSS ROUND DIE 1/4"" BSF TOTEM",1,0,0,0,0,0,0,STARVE ZERO
HSS ROUND DIE 13/16 X 16 UNF PECO,0,0,0,0,0,0,0,STARVE ZERO
HSS ROUND DIE 18 X 2 TOTEM,2,0,0,0,0,0,0,STARVE ZERO
HSS ROUND DIE 2.6 X .45 TOTEM,1,0,0,0,0,0,0,STARVE ZERO
HSS ROUND DIE 24 X 1.25 PECO,0,0,0,0,0,0,0,STARVE ZERO
HSS ROUND DIE 26 X 1.5 TOTEM,0,0,0,0,0,0,0,STARVE ZERO
"HSS ROUND DIE 3/8"" BSF TOTEM",1,0,0,0,0,0,0,STARVE ZERO
"HSS ROUND DIE 30 X 3.5 OD 2-1/4"" TOTEM",1,0,0,0,0,0,0,STARVE ZERO
HSS ROUND DIE 36 X 4 TOTEM,1,0,0,0,0,0,0,STARVE ZERO
HSS ROUND DIE 4 X .5 TOTEM,1,0,4,0,0,0,0,STARVE ZERO
"HSS ROUND DIE 6 X .75 OD 1"" TOTEM",0,0,0,0,0,0,0,STARVE ZERO
"HSS ROUND DIE 7/16"" UNC TOTEM",2,0,0,0,0,0,0,STARVE ZERO
"HSS ROUND DIE 9/16"" BSB",1,0,0,0,0,0,0,STARVE ZERO
"HSS ROUND DIE 9/16"" BSW OD 1-1/2"" TOTEM",1,0,0,0,0,0,0,STARVE ZERO
HSS ROUND TOOLBIT 1/2 X 6 T42 ADDISON,20,0,0,0,0,0,0,STARVE ZERO
HSS SLOTTING CUTTER 4 X 3/16 X 1,1,0,0,0,0,0,0,STARVE ZERO
"HSS SLOTTING CUTTER 6"" X 1/32",1,0,0,0,0,0,0,STARVE ZERO
HSS STI TAP 10 X 1.5 SET ET,1,0,0,0,0,0,0,STARVE ZERO
HSS STI TAP 12 X 1.75 BOT ET,9,0,2,0,0,0,0,STARVE CRITICAL
HSS STI TAP 12 X 1.75 SET ET,1,0,0,0,0,0,0,STARVE ZERO
HSS STI TAP 2 X .4 BOT ET,3,0,0,0,0,0,0,STARVE ZERO
HSS STI TAP 2 X .4 SET ET,1,0,0,0,0,0,0,STARVE ZERO
HSS STI TAP 2.5 X .45 BOT ET,13,0,0,0,0,0,0,STARVE ZERO
HSS STI TAP 3 X .5 SET ET,1,0,0,0,0,0,0,STARVE ZERO
HSS STI TAP 4 X .7 SET ET,1,0,0,0,0,0,0,STARVE ZERO
HSS STI TAP 5 X .8 SET ET,1,0,0,0,0,0,0,STARVE ZERO
HSS STI TAP 6 X 1 SET ET,1,0,0,0,0,0,0,STARVE ZERO
HSS STI TAP 8 X 1.25 SET ET,1,0,0,0,0,0,0,STARVE ZERO
HSS STUB DRILL 1.8 TOTEM,2,0,0,0,0,0,0,STARVE ZERO
HSS STUB DRILL 2.2 TOTEM,3,0,0,0,0,0,0,STARVE ZERO
HSS STUB DRILL 3 TOTEM,5,0,0,0,0,0,0,STARVE ZERO
HSS STUB DRILL 3.1 TOTEM,3,0,0,0,0,0,0,STARVE ZERO
"HSS STUB DRILL 3/32"" (2.38) TOTEM",8,0,0,0,0,0,0,STARVE ZERO
"HSS T/S DRILL 1/2"" (12.7) MIRANDA",1,0,0,0,0,0,0,STARVE ZERO
HSS T/S DRILL 10.5 MIRANDA,1,0,0,0,0,0,0,STARVE ZERO
HSS T/S DRILL 10.8 ADDISON,2,0,1,0,0,0,0,STARVE WATCH
HSS T/S DRILL 11.5 MIRANDA,6,0,5,0,0,0,0,STARVE WATCH
HSS T/S DRILL 13.5 IT,3,0,0,0,0,0,0,STARVE ZERO
HSS T/S DRILL 14 IT,1,0,0,0,0,0,0,STARVE ZERO
HSS T/S DRILL 14 TOTEM,7,0,2,0,0,0,0,STARVE CRITICAL
HSS T/S DRILL 14.25 MIRANDA,11,0,5,0,0,0,0,STARVE CRITICAL
HSS T/S DRILL 16 IT,1,0,0,0,0,0,0,STARVE ZERO
HSS T/S DRILL 17.25 ADDISON,8,0,0,0,0,0,0,STARVE ZERO
HSS T/S DRILL 18 ADDISON,6,0,1,0,0,0,0,STARVE CRITICAL
HSS T/S DRILL 18 TOTEM,4,0,0,0,0,0,0,STARVE ZERO
HSS T/S DRILL 20 ADDISON,8,0,6,0,0,0,0,STARVE WATCH
HSS T/S DRILL 22 MIRANDA,2,0,1,0,0,0,0,STARVE CRITICAL
HSS T/S DRILL 22.5 ADDISON,2,0,1,0,0,0,0,STARVE CRITICAL
HSS T/S DRILL 24 ADDISON,4,0,0,0,0,0,0,STARVE ZERO
HSS T/S DRILL 26.25 MIRANDA,0,0,1,0,0,0,0,STARVE ZERO
HSS T/S DRILL 26.5 ADDISON,1,0,0,0,0,0,0,STARVE ZERO
HSS T/S DRILL 27 TOTEM,0,0,0,0,0,0,0,STARVE ZERO
HSS T/S DRILL 29.5 ADDISON,1,0,0,0,0,0,0,STARVE ZERO
HSS T/S DRILL 30.25 IT,7,0,0,0,0,0,0,STARVE ZERO
HSS T/S DRILL 30.5 MIRANDA,0,0,0,0,0,0,0,STARVE ZERO
HSS T/S DRILL 30.50 ADDISON,0,0,0,0,0,0,0,STARVE ZERO
HSS T/S DRILL 34.5 MIRANDA,0,0,0,0,0,0,0,STARVE ZERO
HSS T/S DRILL 39.5 ADDISON,0,0,0,0,0,0,0,STARVE ZERO
HSS T/S DRILL 46 MIRANDA,0,0,0,0,0,0,0,STARVE ZERO
HSS T/S DRILL 5.50 ADDISON,0,0,0,0,0,0,0,STARVE ZERO
"HSS T/S DRILL 5/8"" (15.87) IT",0,0,0,0,0,0,0,STARVE ZERO
HSS T/S DRILL 8 ADDISON,1,0,1,0,0,0,0,STARVE WATCH
HSS T/S DRILL 8.5 IT,0,0,0,0,0,0,0,STARVE ZERO
HSS T/S DRILL 8.7 ADDISON,2,0,0,0,0,0,0,STARVE ZERO
HSS T/S EXTRA LONG DRILL 10 X 234 X 315 ADDISON,0,0,0,0,0,0,0,STARVE ZERO
HSS T/S EXTRA LONG DRILL 10.2 X 350 IT,0,0,0,0,0,0,0,STARVE ZERO
HSS T/S EXTRA LONG DRILL 11 X 219 X 300 ADDISON,0,0,0,0,0,0,0,STARVE ZERO
HSS T/S EXTRA LONG DRILL 11.5 X 169 X 250 ADDISON,0,0,0,0,0,0,0,STARVE ZERO
HSS T/S EXTRA LONG DRILL 11.5 X 550 IT,0,0,0,0,0,0,0,STARVE ZERO
HSS T/S EXTRA LONG DRILL 14.5 X 202 X 300 ADDISON,0,0,0,0,0,0,0,STARVE ZERO
HSS T/S EXTRA LONG DRILL 15 X 202 X 300 ADDISON,0,0,0,0,0,0,0,STARVE ZERO
HSS T/S EXTRA LONG DRILL 15 X 700 IT,0,0,0,0,0,0,0,STARVE ZERO
HSS T/S EXTRA LONG DRILL 15.5 X 202 X 300 ADDISON,0,0,0,0,0,0,0,STARVE ZERO
HSS T/S EXTRA LONG DRILL 16 X 152 X 250 ADDISON,0,0,0,0,0,0,0,STARVE ZERO
HSS T/S EXTRA LONG DRILL 16 X 202 X 300 ADDISON,0,0,0,0,0,0,0,STARVE ZERO
HSS T/S EXTRA LONG DRILL 16 X 252 X 350 ADDISON,0,0,0,0,0,0,0,STARVE ZERO
HSS T/S EXTRA LONG DRILL 16 X 302 X 400 ADDISON,0,0,0,0,0,0,0,STARVE ZERO
HSS T/S EXTRA LONG DRILL 17 X 152 X 250 ADDISON,0,0,0,0,0,0,0,STARVE ZERO
HSS T/S EXTRA LONG DRILL 18 X 152 X 250 ADDISON,0,0,0,0,0,0,0,STARVE ZERO
HSS T/S EXTRA LONG DRILL 18 X 202 X 300 ADDISON,0,0,0,0,0,0,0,STARVE ZERO
HSS T/S EXTRA LONG DRILL 18 X 700 IT,0,0,0,0,0,0,0,STARVE ZERO
HSS T/S EXTRA LONG DRILL 21 X 302 X 400 ADDISON,0,0,0,0,0,0,0,STARVE ZERO
HSS T/S EXTRA LONG DRILL 22 X 202 X 300 ADDISON,0,0,0,0,0,0,0,STARVE ZERO
HSS T/S EXTRA LONG DRILL 23 X 250 X 350 IT,0,0,0,0,0,0,0,STARVE ZERO
HSS T/S EXTRA LONG DRILL 25 X 275 X 400 IT,0,0,0,0,0,0,0,STARVE ZERO
HSS T/S EXTRA LONG DRILL 25 X 279 X 400 ADDISON,0,0,0,0,0,0,0,STARVE ZERO
HSS T/S EXTRA LONG DRILL 27 X 279 X 400 ADDISON,0,0,0,0,0,0,0,STARVE ZERO
HSS T/S EXTRA LONG DRILL 33 X 700 IT,0,0,0,0,0,0,0,STARVE ZERO
HSS T/S EXTRA LONG DRILL 8.5 X 400 IT,1,0,0,0,0,0,0,STARVE ZERO
HSS T/S EXTRA LONG DRILL 8.7 x 500 IT,0,0,0,0,0,0,0,STARVE ZERO
HSS T/S LONG DRILL 14.25 IT,1,0,0,0,0,0,0,STARVE ZERO
HSS T/S PANTHER DRILL 16.75 IT,1,0,0,0,0,0,0,STARVE ZERO
HSS T/S PANTHER DRILL 17.25 IT,2,0,0,0,0,0,0,STARVE ZERO
HSS T/S PANTHER DRILL 18.25 IT,2,0,0,0,0,0,0,STARVE ZERO
"HSS TAP 1-1/4"" NPT BOT ET",0,0,0,0,0,0,0,STARVE ZERO
"HSS TAP 1-1/4"" NPT BOT TOTEM",0,0,0,0,0,0,0,STARVE ZERO
"HSS TAP 1-1/4"" NPT TPR ET",0,0,0,0,0,0,0,STARVE ZERO
"HSS TAP 1-1/4"" UNC TPR TOTEM",0,0,0,0,0,0,0,STARVE ZERO
"HSS TAP 1-1/8"" BSW SET TOTEM",0,0,0,0,0,0,0,STARVE ZERO
"HSS TAP 1-7/16"" X 12 UNS PECO",1,0,0,0,0,0,0,STARVE ZERO
"HSS TAP 1"" BSP BOT ET",22,0,0,0,0,0,0,STARVE ZERO
"HSS TAP 1"" BSPT BOT ET",2,0,0,0,0,0,0,STARVE ZERO
"HSS TAP 1"" NPT BOT TOTEM",0,0,0,0,0,0,0,STARVE ZERO
"HSS TAP 1"" UNC SET ET",1,0,0,0,0,0,0,STARVE ZERO
"HSS TAP 1"" UNC SPFL ET",0,0,0,0,0,0,0,STARVE ZERO
"HSS TAP 1"" UNC SPFL TIN ET",0,0,0,0,0,0,0,STARVE ZERO
"HSS TAP 1/2"" BSP BOT ET",3,0,0,0,0,0,0,STARVE ZERO
"HSS TAP 1/2"" BSP PAIR ET",1,0,0,0,0,0,0,STARVE ZERO
"HSS TAP 1/2"" BSP PAIR TIN ET",1,0,0,0,0,0,0,STARVE ZERO
"HSS TAP 1/2"" BSP TPR ET",3,0,0,0,0,0,0,STARVE ZERO
"HSS TAP 1/2"" BSPT BOT ET",1,0,0,0,0,0,0,STARVE ZERO
"HSS TAP 1/2"" BSPT BOT TIN ET",2,0,0,0,0,0,0,STARVE ZERO
"HSS TAP 1/2"" BSW BOT ET",9,0,0,0,0,0,0,STARVE ZERO
"HSS TAP 1/2"" BSW SEC ET",27,0,0,0,0,0,0,STARVE ZERO
"HSS TAP 1/2"" BSW SET ET",2,0,0,0,0,0,0,STARVE ZERO
"HSS TAP 1/2"" BSW SET TIN ET",2,0,0,0,0,0,0,STARVE ZERO
"HSS TAP 1/2"" BSW SPFL TIN ET",2,0,0,0,0,0,0,STARVE ZERO
"HSS TAP 1/2"" BSW TPR ET",4,0,0,0,0,0,0,STARVE ZERO
"HSS TAP 1/2"" NPS BOT ET",0,0,0,0,0,0,0,STARVE ZERO
"HSS TAP 1/2"" NPSF BOT ET",1,0,0,0,0,0,0,STARVE ZERO
"HSS TAP 1/2"" NPTF BOT ET",3,0,0,0,0,0,0,STARVE ZERO
"HSS TAP 1/2"" NPTF TPR ET",3,0,0,0,0,0,0,STARVE ZERO
"HSS TAP 1/2"" UNC BOT TIN ET",3,0,0,0,0,0,0,STARVE ZERO
"HSS TAP 1/2"" UNC SEC YG",3,0,2,0,0,0,0,STARVE WATCH
"HSS TAP 1/2"" UNC SPFL TIN ET",13,0,0,0,0,0,0,STARVE ZERO
"HSS TAP 1/2"" UNC TPR YG",2,0,0,0,0,0,0,STARVE ZERO
"HSS TAP 1/2"" UNF BOT TIN ET",5,0,0,0,0,0,0,STARVE ZERO
"HSS TAP 1/2"" UNF SEC TOTEM",4,0,2,0,0,0,0,STARVE WATCH
"HSS TAP 1/4"" BSF BOT TOTEM",1,0,0,0,0,0,0,STARVE ZERO
"HSS TAP 1/4"" BSP BOT ET",15,0,0,0,0,0,0,STARVE ZERO
"HSS TAP 1/4"" BSP PAIR ET",3,0,0,0,0,0,0,STARVE ZERO
"HSS TAP 1/4"" BSP PAIR TIN ET",1,0,0,0,0,0,0,STARVE ZERO
"HSS TAP 1/4"" BSP TPR ET",3,0,0,0,0,0,0,STARVE ZERO
"HSS TAP 1/4"" BSPT PAIR ET",1,0,0,0,0,0,0,STARVE ZERO
"HSS TAP 1/4"" BSW BOT ET",60,0,5,0,0,0,0,STARVE CRITICAL
"HSS TAP 1/4"" BSW SEC ET",27,0,0,0,0,0,0,STARVE ZERO
"HSS TAP 1/4"" BSW SPFL ET",3,0,0,0,0,0,0,STARVE ZERO
"HSS TAP 1/4"" BSW SPFL TIN ET",2,0,0,0,0,0,0,STARVE ZERO
"HSS TAP 1/4"" BSW TPR ET",25,0,0,0,0,0,0,STARVE ZERO
"HSS TAP 1/4"" NPT BOT ET",7,0,0,0,0,0,0,STARVE ZERO
"HSS TAP 1/4"" NPT BOT TIN ET",3,0,0,0,0,0,0,STARVE ZERO
"HSS TAP 1/4"" NPTF BOT TIN ET",1,0,0,0,0,0,0,STARVE ZERO
"HSS TAP 1/4"" UNC SPFL ET",3,0,0,0,0,0,0,STARVE ZERO
"HSS TAP 1/4"" UNC SPFL TIN ET",38,0,0,0,0,0,0,STARVE ZERO
"HSS TAP 1/4"" UNC SPPT TIN ET",33,0,0,0,0,0,0,STARVE ZERO
"HSS TAP 1/4"" UNF BOT TIN ET",9,0,0,0,0,0,0,STARVE ZERO
"HSS TAP 1/4"" UNF SET ET",1,0,0,0,0,0,0,STARVE ZERO
"HSS TAP 1/4"" UNF SPFL TIN ET",67,0,0,0,0,0,0,STARVE ZERO
"HSS TAP 1/8"" BSP BOT ET",10,0,0,0,0,0,0,STARVE ZERO
"HSS TAP 1/8"" BSP BOT TIN ET",3,0,0,0,0,0,0,STARVE ZERO
"HSS TAP 1/8"" BSP PAIR TIN ET",1,0,5,0,0,0,0,STARVE ZERO
"HSS TAP 1/8"" BSP TPR ET",5,0,0,0,0,0,0,STARVE ZERO
"HSS TAP 1/8"" BSPT BOT TOTEM",3,0,2,0,0,0,0,STARVE WATCH
"HSS TAP 1/8"" BSW TPR ET",25,0,0,0,0,0,0,STARVE ZERO
"HSS TAP 1/8"" NPSF BOT ET",17,0,0,0,0,0,0,STARVE ZERO
"HSS TAP 1/8"" NPSF BOT TIN ET",33,0,7,0,0,0,0,STARVE CRITICAL
"HSS TAP 1/8"" NPSM BOT ET",2,0,0,0,0,0,0,STARVE ZERO
"HSS TAP 1/8"" NPT BOT ET",5,0,0,0,0,0,0,STARVE ZERO
"HSS TAP 1/8"" NPT BOT TIN ET",3,0,0,0,0,0,0,STARVE ZERO
"HSS TAP 1/8"" NPTF BOT TIN ET",9,0,0,0,0,0,0,STARVE ZERO
HSS TAP 10 X .75 6G SPPT ET,5,0,5,0,0,0,0,STARVE WATCH
HSS TAP 10 X .75 PAIR TOTEM,0,0,0,0,0,0,0,STARVE ZERO
HSS TAP 10 X 1 BOT TIN ET,3,0,0,0,0,0,0,STARVE ZERO
HSS TAP 10 X 1 SPFL TIN ET,6,0,5,0,0,0,0,STARVE WATCH
HSS TAP 10 X 1 SPPT TIN ET,40,0,5,0,0,0,0,STARVE CRITICAL
HSS TAP 10 X 1.25 BOT TIN ET,8,0,0,0,0,0,0,STARVE ZERO
HSS TAP 10 X 1.25 SPPT TIN ET,5,0,0,0,0,0,0,STARVE ZERO
HSS TAP 10 X 1.5 6G SPFL TIN ET,14,0,5,0,0,0,0,STARVE CRITICAL
HSS TAP 10 X 1.5 BOT ET,18,0,0,0,0,0,0,STARVE ZERO
HSS TAP 10 X 1.5 BOT TIN ET,83,0,0,0,0,0,0,STARVE ZERO
HSS TAP 10 X 1.5 SEC ET,33,0,0,0,0,0,0,STARVE ZERO
HSS TAP 10 X 1.5 SEC TIN ET,7,0,0,0,0,0,0,STARVE ZERO
HSS TAP 10 X 1.5 SET TIN ET,5,0,0,0,0,0,0,STARVE ZERO
HSS TAP 10 X 1.5 SPFL ET,39,0,7,0,0,0,0,STARVE CRITICAL
HSS TAP 10 X 1.5 SPPT GOLD TOTEM,1,0,0,0,0,0,0,STARVE ZERO
HSS TAP 10 X 1.5 SPPT TIN ET,67,0,20,0,0,0,0,STARVE CRITICAL
HSS TAP 10 X 1.5 TPR ET,7,0,0,0,0,0,0,STARVE ZERO
HSS TAP 10 X 1.5 TPR TIN ET,4,0,0,0,0,0,0,STARVE ZERO
HSS TAP 10-24 UNC BOT ET,17,0,0,0,0,0,0,STARVE ZERO
HSS TAP 10-24 UNC SPFL TIN ET,17,0,0,0,0,0,0,STARVE ZERO
HSS TAP 10-32 UNF SPFL TIN ET,15,0,0,0,0,0,0,STARVE ZERO
HSS TAP 12 X  1.25 BOT TOTEM,20,0,12,0,0,0,0,STARVE WATCH
HSS TAP 12 X 1 BOT ET,2,0,0,0,0,0,0,STARVE ZERO
HSS TAP 12 X 1 BOT YG,0,0,0,0,0,0,0,STARVE ZERO
HSS TAP 12 X 1.25 BOT ET,10,0,0,0,0,0,0,STARVE ZERO
HSS TAP 12 X 1.25 SPFL TIN ET,34,0,0,0,0,0,0,STARVE ZERO
HSS TAP 12 X 1.25 SPPT TIN ET,9,0,1,0,0,0,0,STARVE CRITICAL
HSS TAP 12 X 1.5 BOT TIN ET,7,0,0,0,0,0,0,STARVE ZERO
HSS TAP 12 X 1.75 6G SPFL TIN ET,8,0,0,0,0,0,0,STARVE ZERO
HSS TAP 12 X 1.75 6G SPPT ET,3,0,1,0,0,0,0,STARVE CRITICAL
HSS TAP 12 X 1.75 BOT ET,42,0,0,0,0,0,0,STARVE ZERO
HSS TAP 12 X 1.75 BOT TIN ET,33,0,0,0,0,0,0,STARVE ZERO
HSS TAP 12 X 1.75 SEC ET,26,0,0,0,0,0,0,STARVE ZERO
HSS TAP 12 X 1.75 SEC MIRANDA,3,0,5,0,0,0,0,STARVE ZERO
HSS TAP 12 X 1.75 SET ET,4,0,0,0,0,0,0,STARVE ZERO
HSS TAP 12 X 1.75 SET TIN ET,5,0,0,0,0,0,0,STARVE ZERO
HSS TAP 12 X 1.75 SPFL ET,118,0,0,0,0,0,0,STARVE ZERO
HSS TAP 12 X 1.75 SPFL TIN ET,102,0,3,0,0,0,0,STARVE CRITICAL
HSS TAP 12 X 1.75 SPPT ET,17,0,1,0,0,0,0,STARVE CRITICAL
HSS TAP 12 X 1.75 SPPT GOLD TOTEM,1,0,0,0,0,0,0,STARVE ZERO
HSS TAP 12 X 1.75 SPPT TIN ET,26,0,0,0,0,0,0,STARVE ZERO
HSS TAP 12 X 1.75 TPR ET,7,0,0,0,0,0,0,STARVE ZERO
HSS TAP 14 X 1 BOT TOTEM,20,0,15,0,0,0,0,STARVE WATCH
HSS TAP 14 X 1.5 BOT TIN ET,10,0,0,0,0,0,0,STARVE ZERO
HSS TAP 14 X 1.5 SPFL TIN ET,7,0,1,0,0,0,0,STARVE CRITICAL
HSS TAP 14 X 2 BOT ET,7,0,0,0,0,0,0,STARVE ZERO
HSS TAP 14 X 2 BOT TIN ET,3,0,0,0,0,0,0,STARVE ZERO
HSS TAP 14 X 2 SET ET,1,0,0,0,0,0,0,STARVE ZERO
HSS TAP 14 X 2 SPFL ET,1,0,0,0,0,0,0,STARVE ZERO
HSS TAP 14 X 2 SPFL TIN ET,2,0,0,0,0,0,0,STARVE ZERO
HSS TAP 16 X 1.5 6G BOT YG,0,0,0,0,0,0,0,STARVE ZERO
HSS TAP 16 X 1.5 BOT TIN ET,6,0,3,0,0,0,0,STARVE WATCH
HSS TAP 16 X 1.5 PAIR MIRANDA,0,0,0,0,0,0,0,STARVE ZERO
HSS TAP 16 X 1.5 SEC TOTEM,2,0,0,0,0,0,0,STARVE ZERO
HSS TAP 16 X 1.5 SPFL ET,1,0,0,0,0,0,0,STARVE ZERO
HSS TAP 16 X 2 6G SPFL TIN ET,2,0,0,0,0,0,0,STARVE ZERO
HSS TAP 16 X 2 BOT ET,28,0,0,0,0,0,0,STARVE ZERO
HSS TAP 16 X 2 BOT TIN ET,13,0,0,0,0,0,0,STARVE ZERO
HSS TAP 16 X 2 SEC ET,1,0,0,0,0,0,0,STARVE ZERO
HSS TAP 16 X 2 SEC TIN ET,8,0,0,0,0,0,0,STARVE ZERO
HSS TAP 16 X 2 SPFL ET,25,0,0,0,0,0,0,STARVE ZERO
HSS TAP 16 X 2 SPFL TIN ET,34,0,0,0,0,0,0,STARVE ZERO
HSS TAP 16 X 2 SPPT TIN ET,25,0,5,0,0,0,0,STARVE CRITICAL
HSS TAP 16 X 2 TPR ET,1,0,0,0,0,0,0,STARVE ZERO
HSS TAP 18 X 1.5 BOT TOTEM,2,0,0,0,0,0,0,STARVE ZERO
HSS TAP 18 X 1.5 SPFL TIN ET,1,0,0,0,0,0,0,STARVE ZERO
HSS TAP 18 X 1.5 SPPT TIN ET,5,0,0,0,0,0,0,STARVE ZERO
HSS TAP 18 X 2.5 SPFL ET,1,0,0,0,0,0,0,STARVE ZERO
HSS TAP 18 X 2.5 SPFL TIN ET,2,0,0,0,0,0,0,STARVE ZERO
HSS TAP 2 X .4 SEC ET,3,0,0,0,0,0,0,STARVE ZERO
HSS TAP 2.3 X .4 SPPT TIN ET,7,0,0,0,0,0,0,STARVE ZERO
HSS TAP 2.5 X .45 SET YG,0,0,0,0,0,0,0,STARVE ZERO
HSS TAP 2.5 X .45 SPPT ET,3,0,0,0,0,0,0,STARVE ZERO
HSS TAP 2.5 X .45 SPPT TIN ET,33,0,0,0,0,0,0,STARVE ZERO
HSS TAP 20 X 1.5 BOT ET,5,0,0,0,0,0,0,STARVE ZERO
HSS TAP 20 X 1.5 BOT TIN ET,3,0,0,0,0,0,0,STARVE ZERO
HSS TAP 20 X 1.5 SPFL ET,1,0,0,0,0,0,0,STARVE ZERO
HSS TAP 20 X 1.5 SPFL TIN ET,1,0,0,0,0,0,0,STARVE ZERO
HSS TAP 20 X 2.5 BOT ET,18,0,1,0,0,0,0,STARVE CRITICAL
HSS TAP 20 X 2.5 BOT MIRANDA,0,0,2,0,0,0,0,STARVE ZERO
HSS TAP 20 X 2.5 BOT TIN ET,3,0,0,0,0,0,0,STARVE ZERO
HSS TAP 20 X 2.5 SEC YG,3,0,0,0,0,0,0,STARVE ZERO
HSS TAP 20 X 2.5 SET ET,1,0,0,0,0,0,0,STARVE ZERO
HSS TAP 20 X 2.5 SPFL ET,2,0,1,0,0,0,0,STARVE WATCH
HSS TAP 20 X 2.5 SPFL TIN ET,19,0,0,0,0,0,0,STARVE ZERO
HSS TAP 20 X 2.5 SPFL YG,4,0,1,0,0,0,0,STARVE CRITICAL
HSS TAP 20 X 2.5 SPPT TIN ET,3,0,0,0,0,0,0,STARVE ZERO
HSS TAP 21 X 1 BOT NEBSON,0,0,1,0,0,0,0,STARVE ZERO
HSS TAP 22 X 1.5 6G BOT ET,0,0,0,0,0,0,0,STARVE ZERO
HSS TAP 22 X 1.5 BOT ET,4,0,1,0,0,0,0,STARVE CRITICAL
HSS TAP 22 X 1.5 BOT NEBSON,1,0,0,0,0,0,0,STARVE ZERO
HSS TAP 24 X 1.5 BOT ET,1,0,0,0,0,0,0,STARVE ZERO
HSS TAP 24 X 1.5 BOT TIN ET,1,0,0,0,0,0,0,STARVE ZERO
HSS TAP 24 X 1.5 BOT TOTEM,1,0,0,0,0,0,0,STARVE ZERO
HSS TAP 24 X 2 PAIR TOTEM,1,0,1,0,0,0,0,STARVE WATCH
HSS TAP 24 X 3 BOT ET,1,0,0,0,0,0,0,STARVE ZERO
HSS TAP 24 X 3 SET ET,0,0,0,0,0,0,0,STARVE ZERO
HSS TAP 25 X 1 BOT TOTEM,0,0,0,0,0,0,0,STARVE ZERO
HSS TAP 27 X 3 BOT TOTEM,7,0,0,0,0,0,0,STARVE ZERO
HSS TAP 27 X 3 SET ET,1,0,0,0,0,0,0,STARVE ZERO
HSS TAP 2BA SEC TOTEM,7,0,1,0,0,0,0,STARVE CRITICAL
HSS TAP 3 X .5 6G BOT ET,5,0,0,0,0,0,0,STARVE ZERO
HSS TAP 3 X .5 BOT ET,44,0,8,0,0,0,0,STARVE CRITICAL
HSS TAP 3 X .5 BOT TIN ET,52,0,0,0,0,0,0,STARVE ZERO
HSS TAP 3 X .5 SEC ET,25,0,0,0,0,0,0,STARVE ZERO
HSS TAP 3 X .5 SET ET,2,0,0,0,0,0,0,STARVE ZERO
HSS TAP 3 X .5 SET TIN ET,2,0,0,0,0,0,0,STARVE ZERO
HSS TAP 3 X .5 SPFL TIN ET,50,0,1,0,0,0,0,STARVE CRITICAL
HSS TAP 3 X .5 TPR ET,5,0,0,0,0,0,0,STARVE ZERO
HSS TAP 3 X. 5 6G SPPT TIN ET,67,0,5,0,0,0,0,STARVE CRITICAL
HSS TAP 3.5 X .6 6G SPPT TIN ET,3,0,0,0,0,0,0,STARVE ZERO
HSS TAP 3.5 X .6 SPPT ET,3,0,0,0,0,0,0,STARVE ZERO
HSS TAP 3.5 X .6 SPPT TIN ET,8,0,3,0,0,0,0,STARVE CRITICAL
HSS TAP 3.5 X .6 SPPT YG,3,0,2,0,0,0,0,STARVE CRITICAL
"HSS TAP 3/16"" BSW BOT ET",17,0,0,0,0,0,0,STARVE ZERO
"HSS TAP 3/16"" BSW SEC ET",8,0,0,0,0,0,0,STARVE ZERO
"HSS TAP 3/16"" BSW SET ET",1,0,0,0,0,0,0,STARVE ZERO
"HSS TAP 3/16"" BSW SPPT ET",3,0,0,0,0,0,0,STARVE ZERO
"HSS TAP 3/16"" BSW TPR ET",27,0,0,0,0,0,0,STARVE ZERO
"HSS TAP 3/16"" BSW TPR TIN ET",2,0,0,0,0,0,0,STARVE ZERO
"HSS TAP 3/4"" BSP BOT ET",1,0,0,0,0,0,0,STARVE ZERO
"HSS TAP 3/4"" BSPT BOT ET",2,0,0,0,0,0,0,STARVE ZERO
"HSS TAP 3/4"" BSW SPFL ET",0,0,0,0,0,0,0,STARVE ZERO
"HSS TAP 3/4"" NPT BOT TOTEM",6,0,6,0,0,0,0,STARVE WATCH
"HSS TAP 3/4"" NPT PAIR ET",1,0,0,0,0,0,0,STARVE ZERO
"HSS TAP 3/4"" NPT TPR TOTEM",0,0,0,0,0,0,0,STARVE ZERO
"HSS TAP 3/4"" UNC SPFL TIN ET",3,0,0,0,0,0,0,STARVE ZERO
"HSS TAP 3/4"" UNF BOT ET",8,0,0,0,0,0,0,STARVE ZERO
"HSS TAP 3/8"" BSP BOT ET",3,0,0,0,0,0,0,STARVE ZERO
"HSS TAP 3/8"" BSP PAIR ET",1,0,0,0,0,0,0,STARVE ZERO
"HSS TAP 3/8"" BSP TPR ET",3,0,0,0,0,0,0,STARVE ZERO
"HSS TAP 3/8"" BSPT BOT TIN ET",2,0,0,0,0,0,0,STARVE ZERO
"HSS TAP 3/8"" BSW BOT ET",5,0,0,0,0,0,0,STARVE ZERO
"HSS TAP 3/8"" BSW SEC ET",18,0,0,0,0,0,0,STARVE ZERO
"HSS TAP 3/8"" BSW SPFL TIN ET",2,0,0,0,0,0,0,STARVE ZERO
"HSS TAP 3/8"" BSW SPPT ET",2,0,0,0,0,0,0,STARVE ZERO
"HSS TAP 3/8"" BSW TPR ET",19,0,0,0,0,0,0,STARVE ZERO
"HSS TAP 3/8"" NPTF BOT TIN ET",1,0,0,0,0,0,0,STARVE ZERO
"HSS TAP 3/8"" UNC BOT ET",81,0,0,0,0,0,0,STARVE ZERO
"HSS TAP 3/8"" UNC BOT TIN ET",28,0,0,0,0,0,0,STARVE ZERO
"HSS TAP 3/8"" UNC SPFL TIN ET",42,0,0,0,0,0,0,STARVE ZERO
"HSS TAP 3/8"" UNC SPPT TIN ET",5,0,0,0,0,0,0,STARVE ZERO
"HSS TAP 3/8"" UNF BOT TIN ET",17,0,0,0,0,0,0,STARVE ZERO
HSS TAP 30 X 3 TPR YG,1,0,0,0,0,0,0,STARVE ZERO
HSS TAP 30 X 3.5 SET ADDISON,0,0,0,0,0,0,0,STARVE ZERO
HSS TAP 30 X 3.5 SET ET,0,0,0,0,0,0,0,STARVE ZERO
HSS TAP 30 X 3.5 SET TOTEM,2,0,0,0,0,0,0,STARVE ZERO
HSS TAP 30 X 3.5 TPR YG,0,0,1,0,0,0,0,STARVE ZERO
HSS TAP 33 X 3 TPR TOTEM,0,0,0,0,0,0,0,STARVE ZERO
HSS TAP 33 X 3.5 BOT TOTEM,2,0,0,0,0,0,0,STARVE ZERO
HSS TAP 33 X 3.5 SET TOTEM,0,0,0,0,0,0,0,STARVE ZERO
HSS TAP 36 X 4 BOT YG,0,0,0,0,0,0,0,STARVE ZERO
HSS TAP 4 X .7 6G BOT ET,15,0,0,0,0,0,0,STARVE ZERO
HSS TAP 4 X .7 6G SPPT TIN ET,120,0,28,0,0,0,0,STARVE CRITICAL
HSS TAP 4 X .7 BOT ET,120,0,23,0,0,0,0,STARVE CRITICAL
HSS TAP 4 X .7 BOT TIN ET,83,0,0,0,0,0,0,STARVE ZERO
HSS TAP 4 X .7 BOT YG,68,0,2,0,0,0,0,STARVE CRITICAL
HSS TAP 4 X .7 SEC ET,100,0,0,0,0,0,0,STARVE ZERO
HSS TAP 4 X .7 SEC MIRANDA,5,0,3,0,0,0,0,STARVE WATCH
HSS TAP 4 X .7 SEC TIN ET,8,0,0,0,0,0,0,STARVE ZERO
HSS TAP 4 X .7 SET ET,4,0,0,0,0,0,0,STARVE ZERO
HSS TAP 4 X .7 SET MIRANDA,6,0,1,0,0,0,0,STARVE CRITICAL
HSS TAP 4 X .7 SET TIN ET,2,0,0,0,0,0,0,STARVE ZERO
HSS TAP 4 X .7 SPFL ET,12,0,2,0,0,0,0,STARVE CRITICAL
HSS TAP 4 X .7 SPPT TIN ET,390,0,162,0,0,0,0,STARVE CRITICAL
HSS TAP 4 X .7 SPPT TOTEM,25,0,0,0,0,0,0,STARVE ZERO
HSS TAP 4 X .7 TPR ET,75,0,0,0,0,0,0,STARVE ZERO
HSS TAP 40 X 1.5 PAIR TOTEM,0,0,0,0,0,0,0,STARVE ZERO
HSS TAP 42 X 4.5 SET TOTEM,0,0,0,0,0,0,0,STARVE ZERO
HSS TAP 48 X 3 PAIR TOTEM,0,0,0,0,0,0,0,STARVE ZERO
HSS TAP 4BA SEC YG,23,0,15,0,0,0,0,STARVE WATCH
HSS TAP 4BA SPPT ET,5,0,0,0,0,0,0,STARVE ZERO
HSS TAP 5 X .5 SET TOTEM,0,0,0,0,0,0,0,STARVE ZERO
HSS TAP 5 X .8 6G BOT TIN ET,3,0,0,0,0,0,0,STARVE ZERO
HSS TAP 5 X .8 7G SPPT ET,75,0,0,0,0,0,0,STARVE ZERO
HSS TAP 5 X .8 BOT ET,52,0,22,0,0,0,0,STARVE CRITICAL
HSS TAP 5 X .8 BOT MIRANDA,5,0,4,0,0,0,0,STARVE WATCH
HSS TAP 5 X .8 BOT TIN ET,34,0,6,0,0,0,0,STARVE CRITICAL
HSS TAP 5 X .8 SEC ET,83,0,0,0,0,0,0,STARVE ZERO
HSS TAP 5 X .8 SEC MIRANDA,9,0,1,0,0,0,0,STARVE CRITICAL
HSS TAP 5 X .8 SET ET,7,0,0,0,0,0,0,STARVE ZERO
HSS TAP 5 X .8 SET MIRANDA,4,0,3,0,0,0,0,STARVE WATCH
HSS TAP 5 X .8 SET TIN ET,2,0,0,0,0,0,0,STARVE ZERO
HSS TAP 5 X .8 SPFL TIN ET,190,0,8,0,0,0,0,STARVE CRITICAL
HSS TAP 5 X .8 SPPT ET,250,0,14,0,0,0,0,STARVE CRITICAL
"HSS TAP 5/16"" BSW BOT ET",12,0,0,0,0,0,0,STARVE ZERO
"HSS TAP 5/16"" BSW SEC ET",26,0,0,0,0,0,0,STARVE ZERO
"HSS TAP 5/16"" BSW SPFL TIN ET",2,0,0,0,0,0,0,STARVE ZERO
"HSS TAP 5/16"" BSW TPR ET",2,0,0,0,0,0,0,STARVE ZERO
"HSS TAP 5/16"" UNC SPFL TIN ET",12,0,0,0,0,0,0,STARVE ZERO
"HSS TAP 5/16"" UNF SPFL TIN ET",3,0,0,0,0,0,0,STARVE ZERO
"HSS TAP 5/32"" BSW BOT ET",5,0,0,0,0,0,0,STARVE ZERO
"HSS TAP 5/32"" BSW SEC ET",3,0,0,0,0,0,0,STARVE ZERO
"HSS TAP 5/8"" BSW BOT ET",1,0,0,0,0,0,0,STARVE ZERO
"HSS TAP 5/8"" BSW SEC ET",3,0,0,0,0,0,0,STARVE ZERO
"HSS TAP 5/8"" BSW SPFL TIN ET",4,0,0,0,0,0,0,STARVE ZERO
"HSS TAP 5/8"" BSW TPR ET",1,0,0,0,0,0,0,STARVE ZERO
"HSS TAP 5/8"" UNC BOT ET",3,0,0,0,0,0,0,STARVE ZERO
"HSS TAP 5/8"" UNC SET TOTEM",3,0,1,0,0,0,0,STARVE CRITICAL
"HSS TAP 5/8"" UNC SPFL TIN ET",2,0,0,0,0,0,0,STARVE ZERO
"HSS TAP 5/8"" UNF BOT TOTEM",1,0,0,0,0,0,0,STARVE ZERO
"HSS TAP 5/8"" UNF SET ET",1,0,0,0,0,0,0,STARVE ZERO
HSS TAP 50 X 1.5 SEC TOTEM,0,0,0,0,0,0,0,STARVE ZERO
HSS TAP 6 UNC SEC TOTEM,1,0,0,0,0,0,0,STARVE ZERO
HSS TAP 6 X .75 BOT TOTEM,9,0,7,0,0,0,0,STARVE WATCH
HSS TAP 6 X 1 6G SPFL ET,18,0,10,0,0,0,0,STARVE CRITICAL
HSS TAP 6 X 1 6G SPFL TIN ET,44,0,16,0,0,0,0,STARVE CRITICAL
HSS TAP 6 X 1 6G SPPT TIN ET,624,0,557,0,0,0,0,STARVE WATCH
HSS TAP 6 X 1 BOT FUTURA ET,2,0,0,0,0,0,0,STARVE ZERO
HSS TAP 6 X 1 BOT TIN ET,137,0,2,0,0,0,0,STARVE CRITICAL
HSS TAP 6 X 1 SEC ET,125,0,1,0,0,0,0,STARVE CRITICAL
HSS TAP 6 X 1 SEC MIRANDA,31,0,21,0,0,0,0,STARVE WATCH
HSS TAP 6 X 1 SEC TIN ET,14,0,0,0,0,0,0,STARVE ZERO
HSS TAP 6 X 1 SET ET,7,0,0,0,0,0,0,STARVE ZERO
HSS TAP 6 X 1 SET MIRANDA,4,0,4,0,0,0,0,STARVE WATCH
HSS TAP 6 X 1 SET TIN ET,3,0,0,0,0,0,0,STARVE ZERO
HSS TAP 6 X 1 SPFL TIN ET,235,0,32,0,0,0,0,STARVE CRITICAL
HSS TAP 6 X 1 SPPT ET,17,0,5,0,0,0,0,STARVE CRITICAL
HSS TAP 6 X 1 SPPT TIN ET,679,0,690,0,0,0,0,STARVE WATCH
HSS TAP 6 X 1 TPR ET,58,0,0,0,0,0,0,STARVE ZERO
HSS TAP 6-32 UNC SPFL TIN ET,2,0,0,0,0,0,0,STARVE ZERO
HSS TAP 6-32 UNC SPPT ET,7,0,0,0,0,0,0,STARVE ZERO
HSS TAP 6-32 UNC TPR ET,42,0,0,0,0,0,0,STARVE ZERO
HSS TAP 6BA BOT ET,8,0,0,0,0,0,0,STARVE ZERO
HSS TAP 7 X 1 SPFL TIN ET,3,0,0,0,0,0,0,STARVE ZERO
"HSS TAP 7/16"" UNC BOT ET",3,0,0,0,0,0,0,STARVE ZERO
"HSS TAP 7/16"" UNC BOT TIN ET",12,0,0,0,0,0,0,STARVE ZERO
"HSS TAP 7/16"" UNC SEC TOTEM",1,0,0,0,0,0,0,STARVE ZERO
"HSS TAP 7/16"" UNC SPFL TIN ET",3,0,0,0,0,0,0,STARVE ZERO
"HSS TAP 7/16"" UNF BOT TIN ET",8,0,0,0,0,0,0,STARVE ZERO
"HSS TAP 7/16"" UNF SET ADDISON",2,0,4,0,0,0,0,STARVE CRITICAL
"HSS TAP 7/8"" UNC SPFL TIN ET",2,0,0,0,0,0,0,STARVE ZERO
HSS TAP 8 X .5 SET TOTEM,0,0,0,0,0,0,0,STARVE ZERO
HSS TAP 8 X .75 BOT ET,17,0,0,0,0,0,0,STARVE ZERO
HSS TAP 8 X 1 SPFL ET,1,0,0,0,0,0,0,STARVE ZERO
HSS TAP 8 X 1 SPFL TIN ET,20,0,0,0,0,0,0,STARVE ZERO
HSS TAP 8 X 1 SPFL YG,92,0,0,0,0,0,0,STARVE ZERO
HSS TAP 8 X 1 SPPT TIN ET,1,0,0,0,0,0,0,STARVE ZERO
HSS TAP 8 X 1.25 6G BOT TIN ET,1,0,0,0,0,0,0,STARVE ZERO
HSS TAP 8 X 1.25 6G SPFL TIN ET,36,0,0,0,0,0,0,STARVE ZERO
HSS TAP 8 X 1.25 BOT ET,55,0,0,0,0,0,0,STARVE ZERO
HSS TAP 8 X 1.25 BOT FUTURA ET,7,0,0,0,0,0,0,STARVE ZERO
HSS TAP 8 X 1.25 BOT MIRANDA,6,0,2,0,0,0,0,STARVE CRITICAL
HSS TAP 8 X 1.25 BOT TIN ET,175,0,0,0,0,0,0,STARVE ZERO
HSS TAP 8 X 1.25 SEC ET,87,0,0,0,0,0,0,STARVE ZERO
HSS TAP 8 X 1.25 SEC MIRANDA,23,0,9,0,0,0,0,STARVE CRITICAL
HSS TAP 8 X 1.25 SET ET,5,0,0,0,0,0,0,STARVE ZERO
HSS TAP 8 X 1.25 SET TIN ET,7,0,0,0,0,0,0,STARVE ZERO
HSS TAP 8 X 1.25 SPFL ET,54,0,7,0,0,0,0,STARVE CRITICAL
HSS TAP 8 X 1.25 SPFL TIN ET,241,0,69,0,0,0,0,STARVE CRITICAL
HSS TAP 8 X 1.25 SPFL YG,39,0,11,0,0,0,0,STARVE CRITICAL
HSS TAP 8 X 1.25 SPPT ET,10,0,0,0,0,0,0,STARVE ZERO
HSS TAP 8 X 1.25 SPPT TIN ET,150,0,124,0,0,0,0,STARVE WATCH
HSS TAP 8 X 1.25 TPR ET,28,0,0,0,0,0,0,STARVE ZERO
HSS TAP 8-32 UNC BOT ET,108,0,0,0,0,0,0,STARVE ZERO
HSS TAP 8-32 UNC BOT TIN YG,16,0,0,0,0,0,0,STARVE ZERO
HSS TAP 9 X 1 PAIR TOTEM,0,0,0,0,0,0,0,STARVE ZERO
HSS TAP TS235 6 X 1 YG,88,0,1,0,0,0,0,STARVE CRITICAL
HSS TAPER PIN REAMER 6 IT,0,0,0,0,0,0,0,STARVE ZERO
HSS TOOLBIT  3/8 X 4 S500 MIRANDA,0,0,0,0,0,0,0,STARVE ZERO
HSS TOOLBIT 1 X 8 S500 MIRANDA,1,0,0,0,0,0,0,STARVE ZERO
HSS TOOLBIT 1/2 X 8 T42 ADDISON,2,0,0,0,0,0,0,STARVE ZERO
HSS TOOLBIT 1/4 X 4 M2 ADDISON,1,0,0,0,0,0,0,STARVE ZERO
HSS TOOLBIT 1/8 X 4 S400 MIRANDA,0,0,0,0,0,0,0,STARVE ZERO
HSS TOOLBIT 3/8 X 8 IT,2,0,0,0,0,0,0,STARVE ZERO
HSS TOOLBIT 4 X 100 S400 MIRANDA,1,0,0,0,0,0,0,STARVE ZERO
HSS TOOLBIT 5 X 100 S400 MIRANDA,2,0,0,0,0,0,0,STARVE ZERO
HSS TOOLBIT 5/16 X 6 S500 MIRANDA,0,0,0,0,0,0,0,STARVE ZERO
HSS TOOLBIT 5/32 X 4 S400 MIRANDA,0,0,0,0,0,0,0,STARVE ZERO
HSS W CUTTER 32.5 (ML06232E01) YG,1,0,0,0,0,0,0,STARVE ZERO
HSS- PM ROLL TAP 6 X 1 YG,6,0,2,0,0,0,0,STARVE CRITICAL
"HSS-E CIR TAP 1/4"" UNC TIN ET",2,0,0,0,0,0,0,STARVE ZERO
"HSS-E CIR TAP 1/8"" BSP TIN ET",0,0,0,0,0,0,0,STARVE ZERO
"HSS-E CIR TAP 1/8"" NPSF FUTURA ET",5,0,0,0,0,0,0,STARVE ZERO
HSS-E CIR TAP 10 X 1 FUTURA ET,8,0,0,0,0,0,0,STARVE ZERO
HSS-E CIR TAP 10 X 1 TIN ET,7,0,0,0,0,0,0,STARVE ZERO
HSS-E CIR TAP 10 X 1.5 FUTURA ET,24,0,0,0,0,0,0,STARVE ZERO
HSS-E CIR TAP 10-32 UNF FUTURA ET,8,0,0,0,0,0,0,STARVE ZERO
HSS-E CIR TAP 14 X 1.5 FUTURA ET,5,0,0,0,0,0,0,STARVE ZERO
HSS-E CIR TAP 14 X 2 FUTURA ET,1,0,0,0,0,0,0,STARVE ZERO
HSS-E CIR TAP 16 X 1.5 FUTURA ET,3,0,1,0,0,0,0,STARVE CRITICAL
HSS-E CIR TAP 20 X 2.5 FUTURA ET,8,0,0,0,0,0,0,STARVE ZERO
"HSS-E CIR TAP 3/8"" UNC FUTURA ET",8,0,0,0,0,0,0,STARVE ZERO
HSS-E CIR TAP 4 X .7 FUTURA ET,6,0,2,0,0,0,0,STARVE CRITICAL
HSS-E CIR TAP 4 X .7 TIN ET,1,0,0,0,0,0,0,STARVE ZERO
HSS-E CIR TAP 5 X .8 FUTURA ET,8,0,1,0,0,0,0,STARVE CRITICAL
HSS-E CIR TAP 5 X .8 TIN ET,1,0,0,0,0,0,0,STARVE ZERO
"HSS-E CIR TAP 5/16"" UNC FUTURA ET",2,0,0,0,0,0,0,STARVE ZERO
HSS-E CIR TAP 6 X 1 FUTURA ET,20,0,1,0,0,0,0,STARVE CRITICAL
HSS-E CIR TAP 7 X 1 FUTURA ET,15,0,0,0,0,0,0,STARVE ZERO
HSS-E CIR TAP 7 X 1 TIN ET,8,0,0,0,0,0,0,STARVE ZERO
"HSS-E CIR TAP 7/16"" UNC FUTURA ET",5,0,0,0,0,0,0,STARVE ZERO
"HSS-E CIR TAP 7/16"" UNf FUTURA ET",3,0,0,0,0,0,0,STARVE ZERO
HSS-E CIR TAP 8 X 1.25 FUTURA ET,56,0,14,0,0,0,0,STARVE CRITICAL
HSS-E CIR TAP D371 8 X 1.25 FUTURA ET,3,0,0,0,0,0,0,STARVE ZERO
HSS-E LH ROLL TAP D371 10 X 1.5 O/G TIN ET,2,0,0,0,0,0,0,STARVE ZERO
HSS-E LH ROLL TAP D371 6 X 1 O/G TIN ET,3,0,0,0,0,0,0,STARVE ZERO
HSS-E LONG TAP 10 X 1.5 BOT ET,3,0,0,0,0,0,0,STARVE ZERO
HSS-E LONG TAP 10 X 1.5 SPFL TIN ET,1,0,0,0,0,0,0,STARVE ZERO
HSS-E LONG TAP 10 X 1.5 SPPT TIN ET,3,0,0,0,0,0,0,STARVE ZERO
HSS-E LONG TAP 12 X 1.75 BOT TIN ET,8,0,0,0,0,0,0,STARVE ZERO
HSS-E LONG TAP 12 X 1.75 SPFL TIN ET,5,0,0,0,0,0,0,STARVE ZERO
HSS-E LONG TAP 16 X 2 SPFL TIN ET,3,0,0,0,0,0,0,STARVE ZERO
HSS-E LONG TAP 16 X 2 TYPE B GOLD TOTEM,0,0,0,0,0,0,0,STARVE ZERO
HSS-E LONG TAP 4 X .7 BOT TIN ET,2,0,0,0,0,0,0,STARVE ZERO
HSS-E LONG TAP 5 X .8 BOT TIN ET,17,0,0,0,0,0,0,STARVE ZERO
HSS-E LONG TAP 6 X 1 BOT TIN ET,2,0,0,0,0,0,0,STARVE ZERO
HSS-E LONG TAP 6 X 1 SPFL TIN ET,5,0,0,0,0,0,0,STARVE ZERO
HSS-E LONG TAP 8 X 1.25 6G SPPT TIN ET,7,0,0,0,0,0,0,STARVE ZERO
HSS-E LONG TAP 8 X 1.25 BOT ET,8,0,0,0,0,0,0,STARVE ZERO
HSS-E LONG TAP 8 X 1.25 BOT TIN ET,3,0,0,0,0,0,0,STARVE ZERO
HSS-E LONG TAP 8 X 1.25 SPFL ET,3,0,0,0,0,0,0,STARVE ZERO
HSS-E LONG TAP 8 X 1.25 SPFL TIN ET,17,0,3,0,0,0,0,STARVE CRITICAL
HSS-E LONG TAP 8 X 1.25 SPPT ET,5,0,0,0,0,0,0,STARVE ZERO
"HSS-E NIB TAP 9/16"" X 18 UNF 3B GOLD TOTEM",2,0,0,0,0,0,0,STARVE ZERO
"HSS-E ROLL TAP 1/2"" BSP O/G TIN ET",0,0,0,0,0,0,0,STARVE ZERO
"HSS-E ROLL TAP 1/4"" UNC O/G TIN ET",24,0,15,0,0,0,0,STARVE WATCH
"HSS-E ROLL TAP 1/4"" UNF O/G TIN ET",8,0,0,0,0,0,0,STARVE ZERO
HSS-E ROLL TAP 10 X 1.25 O/G TIN ET,10,0,10,0,0,0,0,STARVE WATCH
HSS-E ROLL TAP 10 X 1.5 6G O/G TIN ET,8,0,0,0,0,0,0,STARVE ZERO
HSS-E ROLL TAP 10 X 1.5 O/G TIN ET,5,0,0,0,0,0,0,STARVE ZERO
HSS-E ROLL TAP 11 X 1 O/G TIN ET,1,0,1,0,0,0,0,STARVE WATCH
HSS-E ROLL TAP 12 X 1.25 O/G TIN ET,2,0,0,0,0,0,0,STARVE ZERO
HSS-E ROLL TAP 12 X 1.75 O/G TIN ET,13,0,10,0,0,0,0,STARVE WATCH
HSS-E ROLL TAP 16 X 2 6G O/G TIN ET,2,0,0,0,0,0,0,STARVE ZERO
HSS-E ROLL TAP 18 X 1.5 6G O/G TIN ET,1,0,0,0,0,0,0,STARVE ZERO
HSS-E ROLL TAP 2 X .4 TIN ET,3,0,0,0,0,0,0,STARVE ZERO
HSS-E ROLL TAP 24 X 3 O/G TIN ET,0,0,0,0,0,0,0,STARVE ZERO
HSS-E ROLL TAP 3 X .5 O/G TIN ET,18,0,0,0,0,0,0,STARVE ZERO
HSS-E ROLL TAP 3 X .5 TIN ET,57,0,0,0,0,0,0,STARVE ZERO
HSS-E ROLL TAP 3.5 X .6 6G TIN ET,7,0,0,0,0,0,0,STARVE ZERO
HSS-E ROLL TAP 3.5 X .6 ET,50,0,0,0,0,0,0,STARVE ZERO
"HSS-E ROLL TAP 3/8"" UNC O/G TIN ET",20,0,10,0,0,0,0,STARVE WATCH
HSS-E ROLL TAP 4 X .7 6G O/G TIN ET,15,0,0,0,0,0,0,STARVE ZERO
HSS-E ROLL TAP 4-40 UNC O/G TIN ET,13,0,0,0,0,0,0,STARVE ZERO
HSS-E ROLL TAP 5 X .8 6G O/G TIN ET,33,0,0,0,0,0,0,STARVE ZERO
HSS-E ROLL TAP 5 X .8 6G TIN ET,8,0,0,0,0,0,0,STARVE ZERO
HSS-E ROLL TAP 5 X .8 O/G TIN ET,2,0,0,0,0,0,0,STARVE ZERO
"HSS-E ROLL TAP 5/16"" UNC O/G TIN ET",6,0,0,0,0,0,0,STARVE ZERO
"HSS-E ROLL TAP 5/16"" UNF O/G TIN ET",42,0,0,0,0,0,0,STARVE ZERO
HSS-E ROLL TAP 6 X 1 6G O/G TIN ET,22,0,0,0,0,0,0,STARVE ZERO
HSS-E ROLL TAP 6 X 1 TIN ET,8,0,0,0,0,0,0,STARVE ZERO
HSS-E ROLL TAP 6 X1 O/G TIN ET,13,0,0,0,0,0,0,STARVE ZERO
HSS-E ROLL TAP 6-32 UNC TIN ET,8,0,0,0,0,0,0,STARVE ZERO
"HSS-E ROLL TAP 7/16"" UNC O/G TIN ET",2,0,0,0,0,0,0,STARVE ZERO
HSS-E ROLL TAP 8 X 1 O/G TIN ET,20,0,8,0,0,0,0,STARVE CRITICAL
HSS-E ROLL TAP 8 X 1.25 6G O/G TIN ET,42,0,0,0,0,0,0,STARVE ZERO
HSS-E ROLL TAP 8 X 1.25 TIN ET,5,0,3,0,0,0,0,STARVE WATCH
HSS-E ROLL TAP D371 10 X 1.5 6G TIN ET,3,0,0,0,0,0,0,STARVE ZERO
HSS-E ROLL TAP D371 2.5 X .45 6G ET,7,0,0,0,0,0,0,STARVE ZERO
HSS-E ROLL TAP D371 2.5 X .45 6G TIN ET,33,0,0,0,0,0,0,STARVE ZERO
HSS-E ROLL TAP D371 3 X .5 6G TIN ET,53,0,52,0,0,0,0,STARVE WATCH
HSS-E ROLL TAP D371 3 X .5 O/G TIN ET,141,0,73,0,0,0,0,STARVE CRITICAL
HSS-E ROLL TAP D371 3 X .5 SD3 TOTEM,2,0,0,0,0,0,0,STARVE ZERO
HSS-E ROLL TAP D371 3.5 X .6 6G TIN ET,12,0,50,0,0,0,0,STARVE ZERO
HSS-E ROLL TAP D371 4 X .7 6G TIN ET,43,0,5,0,0,0,0,STARVE CRITICAL
HSS-E ROLL TAP D371 5 X .8 6G TIN ET,68,0,36,0,0,0,0,STARVE WATCH
HSS-E ROLL TAP D371 5 X .8 O/G TIN EMUGE,7,0,0,0,0,0,0,STARVE ZERO
HSS-E ROLL TAP D371 5 X .8 TIN ET,3,0,0,0,0,0,0,STARVE ZERO
HSS-E ROLL TAP D371 6 X 1 O/G TICN ET,17,0,0,0,0,0,0,STARVE ZERO
HSS-E ROLL TAP D371 6 X 1 O/G TIN EMUGE,8,0,5,0,0,0,0,STARVE ZERO
HSS-E ROLL TAP D371 8 X 1.25 6G TIN ET,24,0,22,0,0,0,0,STARVE WATCH
HSS-E ROLL TAP D371 8 X 1.25 O/G TICN ET,12,0,0,0,0,0,0,STARVE ZERO
HSS-E ROLL TAP D371 8 X 1.25 O/G TIN EMUGE,15,0,6,0,0,0,0,STARVE CRITICAL
HSS-E ROLL TAP D371 8 X 1.25 SD3 TOTEM,6,0,3,0,0,0,0,STARVE CRITICAL
HSS-E ROLL TAP D376 18 X 1.5 6G O/G TIN EMUGE,6,0,1,0,0,0,0,STARVE CRITICAL
HSS-E ROLL TAP TD703 10 X 1.5 YG,4,0,3,0,0,0,0,STARVE WATCH
HSS-E ROLL TAP TD703 14 x 2 YG,1,0,3,0,0,0,0,STARVE ZERO
HSS-E ROLL TAP TD703 3 X .5 YG,58,0,1,0,0,0,0,STARVE CRITICAL
HSS-E ROLL TAP TD703 4 X .7 YG,48,0,2,0,0,0,0,STARVE CRITICAL
HSS-E ROLL TAP TD703 5 X .8 YG,17,0,14,0,0,0,0,STARVE WATCH
HSS-E ROLL TAP TD703 6 X 1 YG,16,0,5,0,0,0,0,STARVE CRITICAL
HSS-E ROLL TAP TD703 8 X 1.25 YG,4,0,1,0,0,0,0,STARVE CRITICAL
HSS-E ROLL TAP TD713 2.3 X .4 YG,0,0,0,0,0,0,0,STARVE ZERO
HSS-E ROLL TAP TD723 2 X .4 YG,87,0,62,0,0,0,0,STARVE WATCH
HSS-E ROLL TAP TD743 5 X .8 YG,2,0,0,0,0,0,0,STARVE ZERO
HSS-E STI ROLL TAP 10 X 1.5 TIN ET,4,0,0,0,0,0,0,STARVE ZERO
HSS-E STI TAP D371 5 X .8 SPFL YG,0,0,0,0,0,0,0,STARVE ZERO
HSS-E STI TAP D376 10 X 1.5 SPFL YG,1,0,0,0,0,0,0,STARVE ZERO
"HSS-E TAP 1"" BSP SPPT TIN EMUGE",0,0,0,0,0,0,0,STARVE ZERO
"HSS-E TAP 1"" UNC SPFL TIN ET",1,0,0,0,0,0,0,STARVE ZERO
"HSS-E TAP 1/2"" BSP BOT ET",3,0,0,0,0,0,0,STARVE ZERO
"HSS-E TAP 1/2"" BSP SPPT TIN EMUGE",0,0,0,0,0,0,0,STARVE ZERO
"HSS-E TAP 1/2"" BSW SPFL ET",3,0,0,0,0,0,0,STARVE ZERO
"HSS-E TAP 1/2"" NPSF BOT FUTURA ET",3,0,0,0,0,0,0,STARVE ZERO
"HSS-E TAP 1/2"" UNC SPPT TIN ET",1,0,0,0,0,0,0,STARVE ZERO
"HSS-E TAP 1/2"" UNF SPFL TIN ET",20,0,7,0,0,0,0,STARVE CRITICAL
"HSS-E TAP 1/4"" BSP SA1 TOTEM",0,0,0,0,0,0,0,STARVE ZERO
"HSS-E TAP 1/4"" BSP SPFL TIN ET",16,0,3,0,0,0,0,STARVE CRITICAL
"HSS-E TAP 1/4"" BSP SPIREX TOTEM",1,0,0,0,0,0,0,STARVE ZERO
"HSS-E TAP 1/4"" BSP SPPT TIN EMUGE",0,0,0,0,0,0,0,STARVE ZERO
"HSS-E TAP 1/4"" BSW SPFL TIN ET",2,0,0,0,0,0,0,STARVE ZERO
"HSS-E TAP 1/4"" UNC SPFL TIN ET",9,0,8,0,0,0,0,STARVE WATCH
"HSS-E TAP 1/4"" UNC SPPT TIN ET",18,0,0,0,0,0,0,STARVE ZERO
"HSS-E TAP 1/4"" UNF SET ET",0,0,0,0,0,0,0,STARVE ZERO
"HSS-E TAP 1/4"" UNF SPFL TIN ET",10,0,0,0,0,0,0,STARVE ZERO
"HSS-E TAP 1/4"" UNF SPPT TIN ET",18,0,0,0,0,0,0,STARVE ZERO
"HSS-E TAP 1/8"" BSP SPFL TIN ET",20,0,0,0,0,0,0,STARVE ZERO
"HSS-E TAP 1/8"" BSP SPPT TIN EMUGE",0,0,0,0,0,0,0,STARVE ZERO
"HSS-E TAP 1/8"" BSW SPPT TIN ET",2,0,0,0,0,0,0,STARVE ZERO
"HSS-E TAP 1/8"" NPSF BOT TIN ET",71,0,28,0,0,0,0,STARVE CRITICAL
HSS-E TAP 10 X 1 6G SPFL TIN ET,17,0,6,0,0,0,0,STARVE CRITICAL
HSS-E TAP 10 X 1 BOT ET,3,0,0,0,0,0,0,STARVE ZERO
HSS-E TAP 10 X 1.25 6G SPFL TIN ET,19,0,14,0,0,0,0,STARVE WATCH
HSS-E TAP 10 X 1.25 7H SPPT TIN ET,12,0,0,0,0,0,0,STARVE ZERO
HSS-E TAP 10 X 1.5 SPFL TIN ET,91,0,37,0,0,0,0,STARVE CRITICAL
HSS-E TAP 10-32 UNF SPPT TIN ET,7,0,5,0,0,0,0,STARVE WATCH
HSS-E TAP 12 X 1 SPFL TIN ET,1,0,0,0,0,0,0,STARVE ZERO
HSS-E TAP 12 X 1.25 SPPT TIN ET,2,0,0,0,0,0,0,STARVE ZERO
HSS-E TAP 14 X 1.5 BOT TIN ET,17,0,0,0,0,0,0,STARVE ZERO
HSS-E TAP 14 X 2 SPFL TIN ET,7,0,0,0,0,0,0,STARVE ZERO
HSS-E TAP 16 X 1.5 6G SPPT TIN ET,18,0,2,0,0,0,0,STARVE CRITICAL
HSS-E TAP 16 X 1.5 SPPT TIN ET,25,0,5,0,0,0,0,STARVE CRITICAL
HSS-E TAP 16 X 2 SPPT ET,3,0,0,0,0,0,0,STARVE ZERO
HSS-E TAP 18 X 1.5 SPFL TIN ET,3,0,0,0,0,0,0,STARVE ZERO
HSS-E TAP 2 X .4 6G SPPT TIN ET,42,0,0,0,0,0,0,STARVE ZERO
HSS-E TAP 2 X .4 SEC ET,3,0,0,0,0,0,0,STARVE ZERO
HSS-E TAP 2.5 X .45 SPPT TIN ET,33,0,0,0,0,0,0,STARVE ZERO
HSS-E TAP 24 X 3 SPFL TIN ET,4,0,2,0,0,0,0,STARVE CRITICAL
HSS-E TAP 3 X .5 6G SPPT TIN ET,25,0,5,0,0,0,0,STARVE CRITICAL
HSS-E TAP 3 X .5 7H SPFL TIN ET,1,0,0,0,0,0,0,STARVE ZERO
HSS-E TAP 3 X .5 SPFL TIN ET,42,0,0,0,0,0,0,STARVE ZERO
HSS-E TAP 3 X .5 SPPT ET,8,0,0,0,0,0,0,STARVE ZERO
HSS-E TAP 3 X .5 SPPT TIN ET,100,0,0,0,0,0,0,STARVE ZERO
HSS-E TAP 3.5 X .6 6G SPPT TIN ET,33,0,20,0,0,0,0,STARVE WATCH
"HSS-E TAP 3/16"" BSW SPPT TIN ET",10,0,0,0,0,0,0,STARVE ZERO
"HSS-E TAP 3/4"" UNC SPFL TIN EMUGE",5,0,0,0,0,0,0,STARVE ZERO
"HSS-E TAP 3/8"" BSP SB3 TOTEM",0,0,0,0,0,0,0,STARVE ZERO
"HSS-E TAP 3/8"" BSP SPFL TIN ET",7,0,0,0,0,0,0,STARVE ZERO
"HSS-E TAP 3/8"" BSP SPPT TIN EMUGE",0,0,0,0,0,0,0,STARVE ZERO
"HSS-E TAP 3/8"" UNC SET ET",0,0,0,0,0,0,0,STARVE ZERO
"HSS-E TAP 3/8"" UNC SPFL TIN ET",26,0,7,0,0,0,0,STARVE CRITICAL
"HSS-E TAP 3/8"" UNF SPFL TIN ET",40,0,12,0,0,0,0,STARVE CRITICAL
"HSS-E TAP 3/8"" UNF SPPT TICN ET",1,0,0,0,0,0,0,STARVE ZERO
HSS-E TAP 30 X 3.5 SPFL TIN ET,2,0,1,0,0,0,0,STARVE CRITICAL
HSS-E TAP 4 X .7 6G SPPT TIN ET,267,0,10,0,0,0,0,STARVE CRITICAL
HSS-E TAP 4 X .7 BOT ET,17,0,0,0,0,0,0,STARVE ZERO
HSS-E TAP 4 X .7 SAS5 TOTEM,1,0,0,0,0,0,0,STARVE ZERO
HSS-E TAP 4 X .7 SPPT ET,67,0,0,0,0,0,0,STARVE ZERO
HSS-E TAP 4 X .7 SPPT TIN ET,75,0,23,0,0,0,0,STARVE CRITICAL
HSS-E TAP 5 X .8 6G SPFL TIN YG,1,0,0,0,0,0,0,STARVE ZERO
HSS-E TAP 5 X .8 SPFL TIN ET,37,0,6,0,0,0,0,STARVE CRITICAL
HSS-E TAP 5 X .8 SPPT TIN ET,100,0,18,0,0,0,0,STARVE CRITICAL
"HSS-E TAP 5/16"" UNC 3B SPPT TIN ET",8,0,0,0,0,0,0,STARVE ZERO
"HSS-E TAP 5/16"" UNC SPPT TIN ET",8,0,0,0,0,0,0,STARVE ZERO
"HSS-E TAP 5/16"" UNF SB3 TOTEM",1,0,1,0,0,0,0,STARVE ZERO
"HSS-E TAP 5/16"" UNF SPFL TIN ET",34,0,25,0,0,0,0,STARVE WATCH
"HSS-E TAP 5/16"" UNF SPPT TIN ET",8,0,0,0,0,0,0,STARVE ZERO
HSS-E TAP 6 X 1 6G SPFL TIN ET,5,0,0,0,0,0,0,STARVE ZERO
HSS-E TAP 6 X 1 6G SPPT TIN ET,108,0,0,0,0,0,0,STARVE ZERO
HSS-E TAP 6 X 1 BOT ET,17,0,0,0,0,0,0,STARVE ZERO
HSS-E TAP 6 X 1 SET GOLD TOTEM,7,0,0,0,0,0,0,STARVE ZERO
HSS-E TAP 6 X 1 SPIREX BLD TOTEM,10,0,0,0,0,0,0,STARVE ZERO
HSS-E TAP 6 X 1 SPPT ET,17,0,0,0,0,0,0,STARVE ZERO
HSS-E TAP 6 X 1 SPPT TIN ET,90,0,55,0,0,0,0,STARVE WATCH
HSS-E TAP 6-32 UNC SPPT TIN ET,27,0,0,0,0,0,0,STARVE ZERO
"HSS-E TAP 7/16"" UNC SB3 TOTEM",1,0,0,0,0,0,0,STARVE ZERO
"HSS-E TAP 7/16"" UNF SPPT TIN ET",2,0,0,0,0,0,0,STARVE ZERO
"HSS-E TAP 7/16"" UNS SPFL TIN ET",0,0,0,0,0,0,0,STARVE ZERO
HSS-E TAP 8 X 1 SPFL TIN ET,27,0,15,0,0,0,0,STARVE WATCH
HSS-E TAP 8 X 1 SPPT TIN ET,42,0,0,0,0,0,0,STARVE ZERO
HSS-E TAP 8 X 1.25 6G SPFL YG,3,0,0,0,0,0,0,STARVE ZERO
HSS-E TAP 8 X 1.25 6G SPPT TIN ET,22,0,0,0,0,0,0,STARVE ZERO
HSS-E TAP 8 X 1.25 BOT FUTURA ET,3,0,0,0,0,0,0,STARVE ZERO
HSS-E TAP 8 X 1.25 SPPT TIN ET,89,0,55,0,0,0,0,STARVE WATCH
HSS-E TAP 8-32 UNC SPFL TIN ET,2,0,0,0,0,0,0,STARVE ZERO
HSS-E TAP 8-32 UNC SPPT TIN ET,3,0,0,0,0,0,0,STARVE ZERO
HSS-E TAP 9 X 1 SPFL TIN ET,0,0,0,0,0,0,0,STARVE ZERO
HSS-E TAP D371 10 X 1.5 SAS5 TOTEM,2,0,1,0,0,0,0,STARVE CRITICAL
HSS-E TAP D371 10 X 1.5 SPPT TICN ET,2,0,0,0,0,0,0,STARVE ZERO
HSS-E TAP D371 10 X1.25 SPFL TICN ET,2,0,0,0,0,0,0,STARVE ZERO
HSS-E TAP D371 2 X .4 SPPT TIN ET,8,0,0,0,0,0,0,STARVE ZERO
HSS-E TAP D371 2.5 X .45 6G SPPT TIN ET,3,0,0,0,0,0,0,STARVE ZERO
HSS-E TAP D371 2.5 X .45 SPPT TICN EMUGE,0,0,0,0,0,0,0,STARVE ZERO
HSS-E TAP D371 3 X .5 SPPT TIN ET,120,0,131,0,0,0,0,STARVE WATCH
"HSS-E TAP D371 3/16"" BSW SPPT ET",3,0,0,0,0,0,0,STARVE ZERO
"HSS-E TAP D371 3/8"" UNF SPPT TIN ET",17,0,0,0,0,0,0,STARVE ZERO
HSS-E TAP D371 4 X .5 SPPT TIN ET,8,0,2,0,0,0,0,STARVE CRITICAL
HSS-E TAP D371 4 X .7 SAS5 TOTEM,2,0,0,0,0,0,0,STARVE ZERO
HSS-E TAP D371 5 X .8 SPPT TICN EMUGE,0,0,0,0,0,0,0,STARVE ZERO
HSS-E TAP D371 5 X.8 SPFL TIN ET,16,0,15,0,0,0,0,STARVE WATCH
"HSS-E TAP D371 5/16"" UNC SPFL TIN ET",5,0,0,0,0,0,0,STARVE ZERO
HSS-E TAP D371 6 X 1 6G SPFL TIN YG,5,0,5,0,0,0,0,STARVE ZERO
HSS-E TAP D371 6 X 1 SPPT TIN EMUGE,15,0,9,0,0,0,0,STARVE WATCH
HSS-E TAP D371 6 X 1 SPPT TIN ET,329,0,378,0,0,0,0,STARVE WATCH
HSS-E TAP D371 8 X 1.25 6G SPFL TIN OAL 150 ET,1,0,1,0,0,0,0,STARVE WATCH
"HSS-E TAP D374 1/4"" NPT SB3 TOTEM",0,0,0,0,0,0,0,STARVE ZERO
HSS-E TAP D374 16 X 1 SA3 TOTEM,0,0,0,0,0,0,0,STARVE ZERO
HSS-E TAP D374 16 X 1.5 SA3 TOTEM,0,0,0,0,0,0,0,STARVE ZERO
HSS-E TAP D374 16 X 1.5 SBU3 TOTEM,0,0,0,0,0,0,0,STARVE ZERO
HSS-E TAP D376 12 X 1.75 SPFL TIN EMUGE,4,0,2,0,0,0,0,STARVE WATCH
HSS-E TAP D376 16 X 2 SAS5 TOTEM,0,0,0,0,0,0,0,STARVE ZERO
HSS-E TAP TC163 D371 4 X .7 SPFL YG,1,0,0,0,0,0,0,STARVE ZERO
"HSS-E TAP TC728 1/2"" BSP SPFL  YG",1,0,0,0,0,0,0,STARVE ZERO
"HSS-E TAP TC728 3/8"" BSP SPFL  YG",1,0,1,0,0,0,0,STARVE WATCH
HSS-E TAP TC804 10 X 1.5 YG,0,0,0,0,0,0,0,STARVE ZERO
HSS-E TAP TC814 10 X 1.5 YG,2,0,0,0,0,0,0,STARVE ZERO
HSS-E TAP TD127 4 X .7 YG,1,0,0,0,0,0,0,STARVE ZERO
HSS-E TAP TD227 3 X .5 YG,1,0,0,0,0,0,0,STARVE ZERO
HSS-E TAP TD411 18 X 1.5 YG,0,0,0,0,0,0,0,STARVE ZERO
HSS-E TAP TD411 20 X 1.5 YG,0,0,0,0,0,0,0,STARVE ZERO
HSS-E TAP TD711 24 X 3 YG,0,0,0,0,0,0,0,STARVE ZERO
HSS-E TAP TD711 30 X 3.5 YG,0,0,0,0,0,0,0,STARVE ZERO
HSS-E TAP TD814 2.5 X .45 YG,1,0,0,0,0,0,0,STARVE ZERO
HSS-E TAP TE403 10 X 1.25 YG,2,0,0,0,0,0,0,STARVE ZERO
HSS-E TAP TE821 6 X 1 YG,10,0,0,0,0,0,0,STARVE ZERO
HSS-E TAP TS232 6 X 1 YG,9,0,2,0,0,0,0,STARVE CRITICAL
HYDRAULIC CHUCK COLLET WHC 20-14,0,0,0,0,0,0,0,STARVE ZERO
HYDRAULIC CHUCK COLLET WHC 20-16.0,0,0,0,0,0,0,0,STARVE ZERO
HYDROGRIP BT30 20100M,1,0,0,0,0,0,0,STARVE ZERO
HYDROGRIP SLEEVE HCC 20ID 8 mm,0,0,0,0,0,0,0,STARVE ZERO
HYDROGRIP SLEEVE HCC20-06 mm,0,0,0,0,0,0,0,STARVE ZERO
IMPACT DRILL MACHINE 13MM 550W (DV13VSSS8Z) HIKOKI,3,0,0,0,0,0,0,STARVE ZERO
"INSIDE CALIPER 12"" TOWER",0,0,0,0,0,0,0,STARVE ZERO
JACK 5 TON TAPARIA,0,0,0,0,0,0,0,STARVE ZERO
KEY FOR DRILL CHUCK,0,0,0,0,0,0,0,STARVE ZERO
KEYLESS DRILL CHUCK 0-6.5 mm MT-2 ARBOUR HEAVY DUTY TURNMAX,0,0,0,0,0,0,0,STARVE ZERO
KYER 2525 2T15,0,0,0,0,0,0,0,STARVE ZERO
L HANDLE 1736 TAPARIA,3,0,3,0,0,0,0,STARVE WATCH
LINE TESTER 818 TAPARIA,3,0,0,0,0,0,0,STARVE ZERO
"LONG NUT 5/8""",3,0,20,0,0,0,0,STARVE ZERO
M SEAL (4KG),41,0,22,0,0,0,0,STARVE WATCH
M SEAL 1KG,222,0,224,0,0,0,0,STARVE WATCH
M SEAL CLEAR RTV 85 Gm,0,0,0,0,0,0,0,STARVE ZERO
M WHEEL 10,8,0,6,0,0,0,0,STARVE CRITICAL
M WHEEL 20,8,0,0,0,0,0,0,STARVE ZERO
MACHINIST HAMMER MH100 TAPARIA,6,0,0,0,0,0,0,STARVE ZERO
MAGNETIC BASE NO 7010,0,0,0,0,0,0,0,STARVE ZERO
MAGNETIC DIAL STAND 7010S,0,0,0,0,0,0,0,STARVE ZERO
"MAGNETIC SPRIT LAVEL 9""",3,0,20,0,0,0,0,STARVE ZERO
"MALE CONNECTOR 1/4"" X 8 mm SPAC",33,0,0,0,0,0,0,STARVE ZERO
"MASKING TAPE 1"" X 20 MTR",1,0,4,0,0,0,0,STARVE ZERO
MDP 1200 2000 105 3 I UN 8091,0,0,0,0,0,0,0,STARVE ZERO
MDS 0810 GS3,0,0,0,0,0,0,0,STARVE ZERO
MEASURING STEEL TAP 30MTR,1,0,3,0,0,0,0,STARVE ZERO
MGMN200 M H01,2,0,0,0,0,0,0,STARVE ZERO
MICRO METER 75-100 mm 103-140,0,0,0,0,0,0,0,STARVE ZERO
MILL FILE 300 BAST JK,20,0,5,0,0,0,0,STARVE CRITICAL
"MILLING MACHINE VICE 10"" APEX",0,0,0,0,0,0,0,STARVE ZERO
"MILLING MACHINE VICE 12"" APEX",0,0,0,0,0,0,0,STARVE ZERO
"MILLING MACHINE VICE 6"" APEX",0,0,0,0,0,0,0,STARVE ZERO
MOP WHEEL 25 X 25 X 6 G60 BP GNL,209,0,17,0,0,0,0,STARVE CRITICAL
MOP WHEEL 50 X 25 X 6 G60 BIPICO,25,0,28,0,0,0,0,STARVE CRITICAL
MOP WHEEL 50 X 25 X 6 G60 GNL,72,0,0,0,0,0,0,STARVE ZERO
MOP WHEEL 50 X 25 X 6 G80 BIPICO,23,0,50,0,0,0,0,STARVE WATCH
MOTUL TAPPING OIL SUPRATAP 36 200 ML,1,0,0,0,0,0,0,STARVE ZERO
MS MIG WIRE 0.8 PRIMA,18,0,0,0,0,0,0,STARVE ZERO
MS MIG WIRE 1.2 ADOR,3,0,0,0,0,0,0,STARVE ZERO
MS MIG WIRE 1.2 PRIMA,8,0,0,0,0,0,0,STARVE ZERO
MS WELDING ROD NO 10 6013 S (5KG) SUPERON,1,0,0,0,0,0,0,STARVE ZERO
MS WELDING ROD NO 10 SUPER 6 (2.5KG) SUPERON,29,0,28,0,0,0,0,STARVE WATCH
MS WELDING ROD NO 8 SUPER 6 (3.5KG) SUPERON,6,0,0,0,0,0,0,STARVE ZERO
MTJNL 2525 M16,1,0,0,0,0,0,0,STARVE ZERO
MWLNL M08 S25 R,1,0,0,0,0,0,0,STARVE ZERO
NEEDLE FILE FLAT 16 CM JK,155,0,80,0,0,0,0,STARVE CRITICAL
NEEDLE FILE FLAT 16 CM V3,4,0,5,0,0,0,0,STARVE WATCH
NEEDLE FILE SQUARE 16 CM JK,1,0,0,0,0,0,0,STARVE ZERO
NIPPER CUTTER 06 MULTITEC,5,0,0,0,0,0,0,STARVE ZERO
NITRILON COANTING GLOVES,28,0,0,0,0,0,0,STARVE ZERO
NON METALIC SHEET 1.5 mm RED,21,0,0,0,0,0,0,STARVE ZERO
NYLON HAMMER 730 PYE,0,0,2,0,0,0,0,STARVE ZERO
NYLON HAMMER 740,0,0,1,0,0,0,0,STARVE ZERO
NYLON HAMMER 750 (50 mm),0,0,2,0,0,0,0,STARVE ZERO
NYLON HAMMER SFH 50 TAPARIA,1,0,0,0,0,0,0,STARVE ZERO
OIL CAN,6,0,1,0,0,0,0,STARVE CRITICAL
OIL SEAL 10 X 40 X 70,2,0,0,0,0,0,0,STARVE ZERO
OIL SEAL 10 X 50 X 72,2,0,0,0,0,0,0,STARVE ZERO
OIL SEAL 100 X 120 X 10,1,0,0,0,0,0,0,STARVE ZERO
OIL SEAL 13 X 60 X 100,2,0,0,0,0,0,0,STARVE ZERO
OIL SEAL 6 X 18 X 32,3,0,0,0,0,0,0,STARVE ZERO
OIL SEAL 7 X 40 X 52,2,0,0,0,0,0,0,STARVE ZERO
OIL STONE SQ 1/2 X 4,2,0,20,0,0,0,0,STARVE ZERO
"OUTSIDE CALIPER 12"" TOWER",0,0,0,0,0,0,0,STARVE ZERO
PARTING WHEEL 200 X 1.5,42,0,0,0,0,0,0,STARVE ZERO
PARTING WHEEL 200 X 1.5 GUIDE,83,0,0,0,0,0,0,STARVE ZERO
PARTING WHEEL 250 X 1.5 GUIDE,33,0,0,0,0,0,0,STARVE ZERO
PARTING WHEEL 250 X 2 JKA,156,0,20,0,0,0,0,STARVE CRITICAL
PARTING WHEEL 300 X 2 JKA,134,0,50,0,0,0,0,STARVE CRITICAL
"PIPE WRENCH 24""(1276) TAPARIA",0,0,1,0,0,0,0,STARVE ZERO
PNEUMATIC GRINDER 6 mm OZAR,0,0,0,0,0,0,0,STARVE ZERO
POLISHING WHEEL 150 X 25 P5 GNL,40,0,20,0,0,0,0,STARVE CRITICAL
POLISHING WHEEL 150 X 25 U1 PERFORMER,13,0,0,0,0,0,0,STARVE ZERO
POLISHING WHEEL 200 X 25 P1 GNL,12,0,10,0,0,0,0,STARVE WATCH
POLYFLEX BELT 7m 1280,1,0,0,0,0,0,0,STARVE ZERO
"PRECISION MACHINE VICE 6"" ORCAN",0,0,0,0,0,0,0,STARVE ZERO
"PRESSURE GAUGE GLY FILLED SS 2-1/2""  0-70 KG BOTTOM CONNECTION 1/4"" BSP",2,0,0,0,0,0,0,STARVE ZERO
"PSA BACKUP PAD 5"" SUMAX",0,0,0,0,0,0,0,STARVE ZERO
PU JOINTER 8 mm SPAC,8,0,0,0,0,0,0,STARVE ZERO
PULL STUD BT30,3,0,0,0,0,0,0,STARVE ZERO
PULLY 7 X 2B,0,0,0,0,0,0,0,STARVE ZERO
PUMP SEAL,0,0,1,0,0,0,0,STARVE ZERO
PUNCHING PLIER,2,0,0,0,0,0,0,STARVE ZERO
PUPPY DIAL 513-404A INDICATOR LC0.01 MITUTOYO,0,0,0,0,0,0,0,STARVE ZERO
QASB 1 M6 6.3 X 5,0,0,2,0,0,0,0,STARVE ZERO
QASB 2 M 16 12.5 X 10,0,0,0,0,0,0,0,STARVE ZERO
QUICK CHANGE COLLET CO-42 MT4 TRUNMAX,1,0,0,0,0,0,0,STARVE ZERO
R-15 (S) DEBURRING BLADE,2,0,0,0,0,0,0,STARVE ZERO
R8 COLLET 10 mm TRUMIL,0,0,1,0,0,0,0,STARVE ZERO
R8 COLLET 11 mm TRUMIL,0,0,1,0,0,0,0,STARVE ZERO
R8 COLLET 12 mm TRUMIL,0,0,1,0,0,0,0,STARVE ZERO
R8 COLLET 16 mm TRUMIL,0,0,1,0,0,0,0,STARVE ZERO
R8 COLLET 20 mm TRUMIL,0,0,1,0,0,0,0,STARVE ZERO
R8 COLLET 5 mm TRUMIL,0,0,0,0,0,0,0,STARVE ZERO
R8 COLLET 6 mm TRUMIL,0,0,0,0,0,0,0,STARVE ZERO
R8 COLLET 9 mm TRUMIL,1,0,0,0,0,0,0,STARVE ZERO
RACHET HANDLE WITH ALLEN KEY SOCKET SET UPTO 16 MM TAPARIA,0,0,0,0,0,0,0,STARVE ZERO
RADIUS GAUGE 1-7 mm KRISPEEL,0,0,0,0,0,0,0,STARVE ZERO
RADIUS GAUGE 7.5-15 mm KRISPEEL,0,0,0,0,0,0,0,STARVE ZERO
"RANDOM ORBITAL SANDER 6"" DYNABRADE",1,0,0,0,0,0,0,STARVE ZERO
RATCHET HANDLE 1715 TAPARIA,4,0,1,0,0,0,0,STARVE CRITICAL
RCE S20 02250 1 E 25I A457,1,0,0,0,0,0,0,STARVE ZERO
RDMX 12T3 MOT JC8015,8,0,0,0,0,0,0,STARVE ZERO
REPAIR MACHINE,0,0,1,0,0,0,0,STARVE ZERO
"RIGHT ANGLE 12""",1,0,0,0,0,0,0,STARVE ZERO
"RIGHT ANGLE 4""",1,0,0,0,0,0,0,STARVE ZERO
"RIGHT ANGLE 6""",0,0,0,0,0,0,0,STARVE ZERO
"RIGHT ANGLE 8""",1,0,0,0,0,0,0,STARVE ZERO
RING SPANNER 10 X 11 TAPARIA,5,0,5,0,0,0,0,STARVE WATCH
RING SPANNER 20 X 22 TAPARIA,3,0,1,0,0,0,0,STARVE CRITICAL
RING SPANNER 24 X 26 TAPARIA,2,0,0,0,0,0,0,STARVE ZERO
RING SPANNER 24 X 27 TAPARIA,5,0,2,0,0,0,0,STARVE CRITICAL
RING SPANNER 30 X 32 TAPARIA,7,0,2,0,0,0,0,STARVE CRITICAL
RING SPANNER 32 X 36 TAPARIA,1,0,0,0,0,0,0,STARVE ZERO
"RIVIT 3/16 X 3/8""",500,0,0,0,0,0,0,STARVE ZERO
SAFETY HELMET WITH GLASS FACE COVER,1,0,0,0,0,0,0,STARVE ZERO
SCLCL DIA 12,0,0,0,0,0,0,0,STARVE ZERO
SCR 8 BLADE,2,0,1,0,0,0,0,STARVE WATCH
SCREW BIT PH2 X 65 (CPSB1) GNL,262,0,280,0,0,0,0,STARVE WATCH
SCREW BIT PH2 X 65 MAGNETIC (CPSB4) GNL,18,0,2,0,0,0,0,STARVE CRITICAL
SCREW DRIVER 828 TAPARIA,0,0,0,0,0,0,0,STARVE ZERO
SCREW DRIVER 832 I TAPARIA,2,0,0,0,0,0,0,STARVE ZERO
SCREW DRIVER 860-60 TAPARIA,2,0,0,0,0,0,0,STARVE ZERO
SCREW DRIVER 903 I TAPARIA,2,0,1,0,0,0,0,STARVE CRITICAL
SCREW DRIVER 904 TAPARIA,5,0,0,0,0,0,0,STARVE ZERO
SCREW DRIVER 908 I TAPARIA,0,0,4,0,0,0,0,STARVE ZERO
SCREW DRIVER 911 TAPARIA,1,0,0,0,0,0,0,STARVE ZERO
SCREW DRIVER 912 TAPARIA,3,0,0,0,0,0,0,STARVE ZERO
SCREW DRIVER 913 TAPARIA,8,0,0,0,0,0,0,STARVE ZERO
SCREW DRIVER BIT SET 41 PCS STANLEY,0,0,1,0,0,0,0,STARVE ZERO
SCREW DRIVER SET 802 TAPARIA,5,0,3,0,0,0,0,STARVE WATCH
SDS SCREW 4.2 X 19,167,0,0,0,0,0,0,STARVE ZERO
SDUCL -11 S25R,0,0,0,0,0,0,0,STARVE ZERO
"SELF DRILLING SCREW 1""",208,0,0,0,0,0,0,STARVE ZERO
SELF DRILLING SCREW 12 X 25,33,0,0,0,0,0,0,STARVE ZERO
"SELF DRILLING SCREW 3/4""",67,0,0,0,0,0,0,STARVE ZERO
SELF DRILLING SCREW 4.2 X 38,50,0,0,0,0,0,0,STARVE ZERO
SELF DRILLING SCREW 8 X 19,17,0,0,0,0,0,0,STARVE ZERO
SELF DRILLING SCREW 8 X 25,33,0,0,0,0,0,0,STARVE ZERO
SINGLE OPEN END SPANNER 30 TAPARIA,0,0,0,0,0,0,0,STARVE ZERO
SINGLE OPEN END SPANNER 46 TAPARIA,4,0,10,0,0,0,0,STARVE ZERO
SINGLE OPEN END SPANNER 70 TAPARIA,0,0,0,0,0,0,0,STARVE ZERO
"SOCKET 1/2"" X 12 mm TAPARIA",2,0,10,0,0,0,0,STARVE ZERO
"SOCKET 1/2"" X 13 mm TAPARIA",2,0,0,0,0,0,0,STARVE ZERO
"SOCKET 1/2"" X 14 mm TAPARIA",2,0,0,0,0,0,0,STARVE ZERO
"SOCKET 1/2"" x 17 mm TAPARIA",3,0,0,0,0,0,0,STARVE ZERO
"SOCKET 1/2"" x 19 mm TAPARIA",3,0,0,0,0,0,0,STARVE ZERO
"SOCKET 1/2"" x 32 mm TAPARIA",0,0,1,0,0,0,0,STARVE ZERO
"SOCKET 3/4"" x 36 mm TAPARIA",1,0,0,0,0,0,0,STARVE ZERO
SOCKET 6 TAPARIA,2,0,0,0,0,0,0,STARVE ZERO
"SOCKET SET 1/2"" (BMS-14 MXL) TAPARIA",0,0,0,0,0,0,0,STARVE ZERO
"SOCKET SET 1/2"" (S-11 MXL S-11 H XL(22 SOCKET + 6 ACCESSORIES) TAPARIA",0,0,0,0,0,0,0,STARVE ZERO
"SOCKET SET 1/2"" (SBSH8) TAPARIA",0,0,0,0,0,0,0,STARVE ZERO
SOLID CARBIDE BALL NOSE 10 #140 XL TOTEM,0,0,0,0,0,0,0,STARVE ZERO
SOLID CARBIDE BALL NOSE 4 X 64 #125 XL TOTEM,1,0,0,0,0,0,0,STARVE ZERO
SOLID CARBIDE BALL NOSE 7 K2 YG,0,0,0,0,0,0,0,STARVE ZERO
SOLID CARBIDE DREAM DRILL DH404 4 YG,3,0,0,0,0,0,0,STARVE ZERO
SOLID CARBIDE DREAM DRILL DH423 13 YG,0,0,0,0,0,0,0,STARVE ZERO
SOLID CARBIDE DREAM DRILL DH423 14 YG,0,0,0,0,0,0,0,STARVE ZERO
SOLID CARBIDE DREAM DRILL DH423 16 YG,0,0,0,0,0,0,0,STARVE ZERO
SOLID CARBIDE DREAM DRILL DH423 3.2 YG,1,0,0,0,0,0,0,STARVE ZERO
SOLID CARBIDE DREAM DRILL DH423 3.6 YG,0,0,0,0,0,0,0,STARVE ZERO
SOLID CARBIDE DREAM DRILL DH423 6.8 YG,0,0,0,0,0,0,0,STARVE ZERO
SOLID CARBIDE DREAM DRILL DH424 8 YG,0,0,0,0,0,0,0,STARVE ZERO
SOLID CARBIDE DREAM DRILL DH424 8.5 YG,0,0,0,0,0,0,0,STARVE ZERO
SOLID CARBIDE DRILL 1 MIRANDA,0,0,0,0,0,0,0,STARVE ZERO
SOLID CARBIDE DRILL 1 TOTEM,2,0,0,0,0,0,0,STARVE ZERO
SOLID CARBIDE DRILL 1.4 YG,0,0,0,0,0,0,0,STARVE ZERO
SOLID CARBIDE DRILL 13 YG,1,0,0,0,0,0,0,STARVE ZERO
SOLID CARBIDE DRILL 13.0 TOTEM,1,0,0,0,0,0,0,STARVE ZERO
SOLID CARBIDE DRILL 16 MIRANDA,0,0,0,0,0,0,0,STARVE ZERO
SOLID CARBIDE DRILL 2.2 TOTEM,1,0,0,0,0,0,0,STARVE ZERO
SOLID CARBIDE DRILL 2.5 TOTEM,6,0,0,0,0,0,0,STARVE ZERO
SOLID CARBIDE DRILL 2.7 MIRANDA,2,0,0,0,0,0,0,STARVE ZERO
SOLID CARBIDE DRILL 2.7 YG,28,0,5,0,0,0,0,STARVE CRITICAL
SOLID CARBIDE DRILL 2.8 TOTEM,2,0,0,0,0,0,0,STARVE ZERO
SOLID CARBIDE DRILL 2.8 X 15 X 50 SH3 TOTEM,0,0,0,0,0,0,0,STARVE ZERO
SOLID CARBIDE DRILL 2.8 YG,2,0,0,0,0,0,0,STARVE ZERO
SOLID CARBIDE DRILL 2.9 YG,2,0,2,0,0,0,0,STARVE WATCH
SOLID CARBIDE DRILL 3.0 TOTEM,1,0,1,0,0,0,0,STARVE WATCH
SOLID CARBIDE DRILL 3.1 TOTEM,1,0,0,0,0,0,0,STARVE ZERO
SOLID CARBIDE DRILL 3.2 TOTEM,1,0,0,0,0,0,0,STARVE ZERO
SOLID CARBIDE DRILL 3.3 YG,8,0,7,0,0,0,0,STARVE WATCH
SOLID CARBIDE DRILL 3.5 TOTEM,2,0,3,0,0,0,0,STARVE WATCH
SOLID CARBIDE DRILL 3.6 TOTEM,3,0,0,0,0,0,0,STARVE ZERO
SOLID CARBIDE DRILL 4 MIRANDA,1,0,0,0,0,0,0,STARVE ZERO
SOLID CARBIDE DRILL 4 TOTEM,7,0,0,0,0,0,0,STARVE ZERO
SOLID CARBIDE DRILL 4 YG,7,0,2,0,0,0,0,STARVE CRITICAL
SOLID CARBIDE DRILL 4.6 TOTEM,2,0,3,0,0,0,0,STARVE WATCH
SOLID CARBIDE DRILL 4.8 TOTEM,1,0,0,0,0,0,0,STARVE ZERO
SOLID CARBIDE DRILL 4.8 X 38 X 82 SH5 T/C TD TOTEM,0,0,0,0,0,0,0,STARVE ZERO
SOLID CARBIDE DRILL 5 YG,12,0,4,0,0,0,0,STARVE CRITICAL
SOLID CARBIDE DRILL 5.1 TOTEM,1,0,0,0,0,0,0,STARVE ZERO
SOLID CARBIDE DRILL 5.6 YG,0,0,0,0,0,0,0,STARVE ZERO
SOLID CARBIDE DRILL 6 X 60 X 100,0,0,0,0,0,0,0,STARVE ZERO
SOLID CARBIDE DRILL 6.2 TOTEM,1,0,0,0,0,0,0,STARVE ZERO
SOLID CARBIDE DRILL 6.2 YG,1,0,0,0,0,0,0,STARVE ZERO
SOLID CARBIDE DRILL 6.8 MIRANDA,1,0,0,0,0,0,0,STARVE ZERO
SOLID CARBIDE DRILL 6.9 TOTEM,1,0,2,0,0,0,0,STARVE WATCH
SOLID CARBIDE DRILL 7 MIRANDA,2,0,0,0,0,0,0,STARVE ZERO
SOLID CARBIDE DRILL 7 TOTEM,3,0,0,0,0,0,0,STARVE ZERO
SOLID CARBIDE DRILL 7.4 YG,3,0,1,0,0,0,0,STARVE CRITICAL
SOLID CARBIDE DRILL 9 MIRANDA,3,0,0,0,0,0,0,STARVE ZERO
SOLID CARBIDE ENDMILL 1.5 XL TOTEM,2,0,2,0,0,0,0,STARVE WATCH
SOLID CARBIDE ENDMILL 10 ADDISON,1,0,1,0,0,0,0,STARVE WATCH
SOLID CARBIDE ENDMILL 10 TIPHOON YG,2,0,0,0,0,0,0,STARVE ZERO
SOLID CARBIDE ENDMILL 10 X 100 #187 TOTEM,0,0,0,0,0,0,0,STARVE ZERO
SOLID CARBIDE ENDMILL 11 K2 YG,1,0,0,0,0,0,0,STARVE ZERO
SOLID CARBIDE ENDMILL 12 DIAMOND YG,2,0,0,0,0,0,0,STARVE ZERO
SOLID CARBIDE ENDMILL 12 MIRANDA,0,0,0,0,0,0,0,STARVE ZERO
SOLID CARBIDE ENDMILL 12 TIPHOON YG,2,0,0,0,0,0,0,STARVE ZERO
SOLID CARBIDE ENDMILL 12 X 25 X 76 SH12 #177 TOTEM,1,0,1,0,0,0,0,STARVE WATCH
SOLID CARBIDE ENDMILL 12 X 30 X 102 SH12 P PLUS TOTEM,1,0,0,0,0,0,0,STARVE ZERO
SOLID CARBIDE ENDMILL 12 X 30 X 75 EXP TOTEM,4,0,0,0,0,0,0,STARVE ZERO
SOLID CARBIDE ENDMILL 14 K2 YG,3,0,1,0,0,0,0,STARVE CRITICAL
SOLID CARBIDE ENDMILL 14 MIRANDA,0,0,0,0,0,0,0,STARVE ZERO
SOLID CARBIDE ENDMILL 14 X 45 X 100 EXP TOTEM,2,0,0,0,0,0,0,STARVE ZERO
SOLID CARBIDE ENDMILL 16 K2 YG,2,0,2,0,0,0,0,STARVE WATCH
SOLID CARBIDE ENDMILL 16 XPOWER YG,0,0,0,0,0,0,0,STARVE ZERO
SOLID CARBIDE ENDMILL 18 K2 YG,1,0,0,0,0,0,0,STARVE ZERO
SOLID CARBIDE ENDMILL 2 ADDISON,1,0,0,0,0,0,0,STARVE ZERO
SOLID CARBIDE ENDMILL 2.5 K2 YG,2,0,0,0,0,0,0,STARVE ZERO
SOLID CARBIDE ENDMILL 3 X 8 X 50 EXP TOTEM,4,0,0,0,0,0,0,STARVE ZERO
SOLID CARBIDE ENDMILL 3.5 K2 YG,1,0,0,0,0,0,0,STARVE ZERO
SOLID CARBIDE ENDMILL 4 DIAMOND YG,2,0,1,0,0,0,0,STARVE CRITICAL
SOLID CARBIDE ENDMILL 4 X 10 X 50 EXP TOTEM,3,0,4,0,0,0,0,STARVE WATCH
SOLID CARBIDE ENDMILL 4 X 14 X 50 CERATIZIT,3,0,0,0,0,0,0,STARVE ZERO
SOLID CARBIDE ENDMILL 4 X 64 #122 XL TOTEM,1,0,0,0,0,0,0,STARVE ZERO
SOLID CARBIDE ENDMILL 4 XL TOTEM,2,0,0,0,0,0,0,STARVE ZERO
SOLID CARBIDE ENDMILL 4 XPOWER YG,1,0,0,0,0,0,0,STARVE ZERO
SOLID CARBIDE ENDMILL 5 K2 YG,8,0,3,0,0,0,0,STARVE CRITICAL
SOLID CARBIDE ENDMILL 5 X 64 # 122 XL TOTEM,1,0,0,0,0,0,0,STARVE ZERO
SOLID CARBIDE ENDMILL 6 R1.0XFL26XOAL65XSH6,1,0,0,0,0,0,0,STARVE ZERO
SOLID CARBIDE ENDMILL 6 TIPHOON YG,1,0,1,0,0,0,0,STARVE WATCH
SOLID CARBIDE ENDMILL 6 X 100 TIPHOON YG,2,0,0,0,0,0,0,STARVE ZERO
SOLID CARBIDE ENDMILL 6 X 15 X 50 EXP TOTEM,8,0,0,0,0,0,0,STARVE ZERO
SOLID CARBIDE ENDMILL 8 ADDISON,1,0,0,0,0,0,0,STARVE ZERO
SOLID CARBIDE ENDMILL 8 DIAMOND YG,2,0,0,0,0,0,0,STARVE ZERO
SOLID CARBIDE ENDMILL 8 TIPHOON YG,3,0,1,0,0,0,0,STARVE CRITICAL
SOLID CARBIDE ENDMILL 8 X 100 #187 TOTEM,1,0,0,0,0,0,0,STARVE ZERO
SOLID CARBIDE ENDMILL 8 X 20 X 64 SH8 #177 TOTEM,1,0,0,0,0,0,0,STARVE ZERO
SOLID CARBIDE ENDMILL 8 X 83 #122 XL TOTEM,1,0,0,0,0,0,0,STARVE ZERO
SOLID CARBIDE ENDMILL 9 K2 YG,1,0,0,0,0,0,0,STARVE ZERO
SOLID CARBIDE LONG ENDMILL 16 X 150 K2 YG,1,0,0,0,0,0,0,STARVE ZERO
SOLID CARBIDE LONG ENDMILL 4 X 75 K2 YG,2,0,0,0,0,0,0,STARVE ZERO
SOLID CARBIDE LONG ENDMILL 8 X 100 ADDISON,0,0,0,0,0,0,0,STARVE ZERO
SOLID CARBIDE REAMER 10 TOTEM,0,0,0,0,0,0,0,STARVE ZERO
SOLID CARBIDE REAMER 2.5,1,0,1,0,0,0,0,STARVE WATCH
SOLID CARBIDE REAMER 3 TOTEM,0,0,0,0,0,0,0,STARVE ZERO
SOLID CARBIDE REAMER 4 TOTEM,0,0,0,0,0,0,0,STARVE ZERO
SOLID CARBIDE REAMER 5 TOTEM,0,0,0,0,0,0,0,STARVE ZERO
SOLID CARBIDE REAMER 6 TOTEM,0,0,0,0,0,0,0,STARVE ZERO
SOLID CARBIDE REAMER 8 TOTEM,0,0,0,0,0,0,0,STARVE ZERO
SOLID CARBIDE STUB DRILL 10.6 YG,0,0,0,0,0,0,0,STARVE ZERO
SOLID CARBIDE STUB DRILL 2.2 YG,1,0,0,0,0,0,0,STARVE ZERO
SOLID CARBIDE STUB DRILL 2.3 YG,0,0,0,0,0,0,0,STARVE ZERO
SOLID CARBIDE STUB DRILL 2.5 YG,3,0,0,0,0,0,0,STARVE ZERO
SOLID CARBIDE STUB DRILL 3.3 YG,1,0,0,0,0,0,0,STARVE ZERO
SOLID CARBIDE STUB DRILL 4.5 YG,1,0,0,0,0,0,0,STARVE ZERO
SOLID CARBIDE STUB DRILL 4.6 YG,1,0,0,0,0,0,0,STARVE ZERO
SOLID CARBIDE STUB DRILL 5 YG,0,0,0,0,0,0,0,STARVE ZERO
SOLID CARBIDE STUB DRILL 9 YG,0,0,0,0,0,0,0,STARVE ZERO
SOLID CARBIDE TAP 10 X 1.5 YG,0,0,0,0,0,0,0,STARVE ZERO
SOLID CARBIDE TAP 6 X 1 YG,1,0,0,0,0,0,0,STARVE ZERO
SP SPMW 1204 E2 (2694) DA,8,0,0,0,0,0,0,STARVE ZERO
SP XNEW 09T3 PDTR 50 DA2200,2,0,1,0,0,0,0,STARVE CRITICAL
SPARE MALLETS 651 PYE,7,0,10,0,0,0,0,STARVE ZERO
SPARE MALLETS 652 PYE,2,0,10,0,0,0,0,STARVE ZERO
SPARE MALLETS 740 SEMATO,2,0,0,0,0,0,0,STARVE ZERO
"SPIRIT LEVEL 12""",2,0,1,0,0,0,0,STARVE CRITICAL
"SPRING DIVIDERS 12""",1,0,0,0,0,0,0,STARVE ZERO
"SPRING DIVIDERS 6""",1,0,1,0,0,0,0,STARVE ZERO
SPRING WASHER FLAT 4 mm (1.5 X .9) SS304 BBBB,"16,667",0,"10,000",0,0,0,0,STARVE CRITICAL
SPRING WASHER FLAT 5 mm (1.8 X 1.2) SS304 BBBB,"14,667",0,0,0,0,0,0,STARVE ZERO
SPRING WASHER SQ 16 mm (3.5) BBBB,33,0,0,0,0,0,0,STARVE ZERO
SPRING WASHER SQ 5 mm (1.6) BBBB,"16,667",0,0,0,0,0,0,STARVE ZERO
SPRING WASHER SQ 6 mm (1.6) BBBB,"4,500",0,0,0,0,0,0,STARVE ZERO
SQUARE FILE 100 BAST JK,3,0,0,0,0,0,0,STARVE ZERO
SS WELDING ROD NO 10 308L STAN (2KG) SUPERON,1,0,0,0,0,0,0,STARVE ZERO
SS WELDING ROD NO 10 308L SUPERON,23,0,12,0,0,0,0,STARVE CRITICAL
SS WELDING ROD NO 10 309L STAN (2KG) SUPERON,3,0,0,0,0,0,0,STARVE ZERO
STAR ALLEN KEY T15 TAPARIA,1,0,0,0,0,0,0,STARVE ZERO
STEEL BALL 1.6,33,0,0,0,0,0,0,STARVE ZERO
STEEL BALL 12,8,0,0,0,0,0,0,STARVE ZERO
STEEL BALL 2,83,0,0,0,0,0,0,STARVE ZERO
STEEL BALL 2.5,33,0,0,0,0,0,0,STARVE ZERO
STEEL BALL 3,33,0,0,0,0,0,0,STARVE ZERO
STEEL BALL 3.5,33,0,0,0,0,0,0,STARVE ZERO
STEEL BALL 4,50,0,0,0,0,0,0,STARVE ZERO
STEEL BALL 4.5,33,0,0,0,0,0,0,STARVE ZERO
STEEL BALL 6.5,17,0,0,0,0,0,0,STARVE ZERO
STEEL BALL 7,17,0,0,0,0,0,0,STARVE ZERO
"STEEL SCALE 12""  KRISTEEL",1,0,0,0,0,0,0,STARVE ZERO
"STEEL SCALE 36"" KRISTEEL",1,0,0,0,0,0,0,STARVE ZERO
STUB M ARBOUR BT30 22 TURNMAX,0,0,0,0,0,0,0,STARVE ZERO
T ALLEN KEY 1.5 TAPARIA,2,0,0,0,0,0,0,STARVE ZERO
T ALLEN KEY 10 TAPARIA,3,0,0,0,0,0,0,STARVE ZERO
T ALLEN KEY 2 TAPARIA,2,0,0,0,0,0,0,STARVE ZERO
T ALLEN KEY 5 TAPARIA,7,0,0,0,0,0,0,STARVE ZERO
T ALLEN KEY 6 TAPARIA,4,0,10,0,0,0,0,STARVE ZERO
T ALLEN KEY 8,2,0,0,0,0,0,0,STARVE ZERO
T ALLEN KEY 8 TAPARIA,4,0,5,0,0,0,0,STARVE ZERO
T SOCKET WRENCH TSW 12 TAPARIA,2,0,15,0,0,0,0,STARVE ZERO
T SOCKET WRENCH TSW 14 TAPARIA,3,0,0,0,0,0,0,STARVE ZERO
T-SD HANDLES,20,0,7,0,0,0,0,STARVE CRITICAL
"TAFLON TAP 3/4""",17,0,0,0,0,0,0,STARVE ZERO
"TAP 1"" BSF SET",0,0,0,0,0,0,0,STARVE ZERO
"TAP 1"" BSP PAIR",1,0,0,0,0,0,0,STARVE ZERO
"TAP 1/2"" BSP TPR",3,0,0,0,0,0,0,STARVE ZERO
"TAP 1/4"" BSP TPR",7,0,0,0,0,0,0,STARVE ZERO
TAP 10 X 1 SET,8,0,0,0,0,0,0,STARVE ZERO
"TAP 11/16"" BSW SET",3,0,0,0,0,0,0,STARVE ZERO
TAP 12 X 1 SET,4,0,0,0,0,0,0,STARVE ZERO
TAP 12 X 1.5 SET,9,0,0,0,0,0,0,STARVE ZERO
TAP 12 X 1.75 TPR,71,0,6,0,0,0,0,STARVE CRITICAL
TAP 14 X 1.25 SET,0,0,0,0,0,0,0,STARVE ZERO
TAP 2 X .4 TPR,10,0,0,0,0,0,0,STARVE ZERO
TAP 24 X 1.5 SET,1,0,0,0,0,0,0,STARVE ZERO
TAP 2BA SET,3,0,0,0,0,0,0,STARVE ZERO
TAP 3.5 X .6 SEC,20,0,0,0,0,0,0,STARVE ZERO
TAP 3.5 X .6 SET,3,0,0,0,0,0,0,STARVE ZERO
TAP 3.5 X 6 BOT,20,0,0,0,0,0,0,STARVE ZERO
"TAP 3/8"" BSF SET",2,0,1,0,0,0,0,STARVE WATCH
"TAP 3/8"" UNC SET",1,0,0,0,0,0,0,STARVE ZERO
"TAP 5/8"" BSF SET",0,0,0,0,0,0,0,STARVE ZERO
TAP 6BA BOT,100,0,0,0,0,0,0,STARVE ZERO
TAP 7 X 1 SET,41,0,0,0,0,0,0,STARVE ZERO
"TAP HANDLE 1"" METRO",1,0,1,0,0,0,0,STARVE WATCH
"TAP HANDLE 1/4"" METRO",1,0,1,0,0,0,0,STARVE WATCH
TAPMOL-56,1,0,0,0,0,0,0,STARVE ZERO
TCGT 110208 AK H01,2,0,0,0,0,0,0,STARVE ZERO
TCRB A2 TOTEM,10,0,11,0,0,0,0,STARVE WATCH
TCRB A7S TOTEM,3,0,0,0,0,0,0,STARVE ZERO
TCRB B5 TOTEM,1,0,1,0,0,0,0,STARVE WATCH
TCRB BM4 MIRANDA,2,0,0,0,0,0,0,STARVE ZERO
TCRB C3D TOTEM,1,0,0,0,0,0,0,STARVE ZERO
TCRB C3S TOTEM,2,0,0,0,0,0,0,STARVE ZERO
TCRB C4 TOTEM,20,0,17,0,0,0,0,STARVE WATCH
TCRB CE12 TOTEM,2,0,0,0,0,0,0,STARVE ZERO
TCRB CE3 TOTEM,1,0,0,0,0,0,0,STARVE ZERO
TCRB F2 TOTEM,0,0,5,0,0,0,0,STARVE CRITICAL
TCRB K1 TOTEM,18,0,2,0,0,0,0,STARVE CRITICAL
TCRB KM1 MIRANDA,1,0,0,0,0,0,0,STARVE ZERO
TCRB KM2 MIRANDA,1,0,0,0,0,0,0,STARVE ZERO
TCRB MB1 TOTEM,5,0,9,0,0,0,0,STARVE WATCH
TCRB MB1D TOTEM,26,0,0,0,0,0,0,STARVE ZERO
TCRB MB1L TOTEM,1,0,0,0,0,0,0,STARVE ZERO
TCRB MB1LD TOTEM,3,0,0,0,0,0,0,STARVE ZERO
TCRB MC1 TOTEM,10,0,0,0,0,0,0,STARVE ZERO
TCRB MC1D TOTEM,17,0,0,0,0,0,0,STARVE ZERO
TCRB MC3D TOTEM,3,0,0,0,0,0,0,STARVE ZERO
TCRB MS1 TOTEM,2,0,0,0,0,0,0,STARVE ZERO
TCRB R1 TOTEM,1,0,0,0,0,0,0,STARVE ZERO
TCRB T1 TOTEM,2,0,0,0,0,0,0,STARVE ZERO
TCRB TM2 MIRANDA,1,0,0,0,0,0,0,STARVE ZERO
TCRB TM3 MIRANDA,3,0,1,0,0,0,0,STARVE CRITICAL
"TCT BLADE 10"" X 2.7 X 25.4 100 TH (H394431Z) HIKOKI",3,0,0,0,0,0,0,STARVE ZERO
"TCT BLADE 12"" X 120 TH BOSCH",0,0,0,0,0,0,0,STARVE ZERO
"TCT BLADE 12"" X 2.7 X 25.4 120 TH (324269Z) HIKOKI",1,0,0,0,0,0,0,STARVE ZERO
"TCT BLADE 4"" X 20 X 40 TH (401987Z) HIKOKI",229,0,28,0,0,0,0,STARVE CRITICAL
TCT HOLESAW CUTTER 12 BIPICO,0,0,0,0,0,0,0,STARVE ZERO
THREAD GAUGE,0,0,1,0,0,0,0,STARVE ZERO
"TIMING BELT 225 L 1""",3,0,0,0,0,0,0,STARVE ZERO
TIMING BELT PK 1800 -5 RIBS,1,0,0,0,0,0,0,STARVE ZERO
TNMG 160404 EN TF CTIW3115,3,0,0,0,0,0,0,STARVE ZERO
TNMG 160404 NSU T1500Z,117,0,0,0,0,0,0,STARVE ZERO
TNMG 160408 NGE AC8025P,48,0,0,0,0,0,0,STARVE ZERO
TNMG 160408 UG YG3010,303,0,0,0,0,0,0,STARVE ZERO
TNMG 160412 NGE AC8025P,5,0,0,0,0,0,0,STARVE ZERO
TNMG 160412 NGE AC820P,2,0,0,0,0,0,0,STARVE ZERO
TOGGLE CLAMP HDTC-35 TOOLFAST,0,0,0,0,0,0,0,STARVE ZERO
TOGGLE CLAMP HDTC-50 TOOLFAST,0,0,0,0,0,0,0,STARVE ZERO
TOGGLE CLAMP PATC 12CB TOOLFAST,5,0,0,0,0,0,0,STARVE ZERO
TOGGLE CLAMP PATC 12FB TOOLFAST,5,0,0,0,0,0,0,STARVE ZERO
TOGGLE CLAMP PATC16 FB TOOLFAST,5,0,0,0,0,0,0,STARVE ZERO
TOOL BOX PTB 19 TAPARIA,3,0,0,0,0,0,0,STARVE ZERO
"TOOL POST BOLT 3/8"" X 2""",3,0,0,0,0,0,0,STARVE ZERO
TORQUE KEY T15,5,0,5,0,0,0,0,STARVE CRITICAL
TORQUE KEY T8,4,0,0,0,0,0,0,STARVE ZERO
TORQUE WRENCH TPWR 250 TAPARIA,0,0,0,0,0,0,0,STARVE ZERO
"TPG 1-1/2"" X 11 BSPT SIZE CONTROL",0,0,0,0,0,0,0,STARVE ZERO
"TPG 1/4"" X 18 NPSF TRUTHREAD",0,0,0,0,0,0,0,STARVE ZERO
"TPG 1/8"" X 27 NPSF TRUTHREAD",0,0,0,0,0,0,0,STARVE ZERO
"TPG 1/8"" X 27 NPSM TRUTHREAD",0,0,0,0,0,0,0,STARVE ZERO
TPG 16 X 1.5 6G SIZE CONTROL,0,0,0,0,0,0,0,STARVE ZERO
TPG 26 X 1.5 6H SIZE CONTROL,1,0,0,0,0,0,0,STARVE ZERO
TPG 3.5 X .6 6G SIZE CONTROL,0,0,0,0,0,0,0,STARVE ZERO
"TPG 3/16"" X 24 BSW SIZE CONTROL",0,0,0,0,0,0,0,STARVE ZERO
"TPG 3/4"" X 14 BSPT SIZE CONTROL",0,0,0,0,0,0,0,STARVE ZERO
"TPG 3/8"" X 24 UNF SIZE CONTROL",0,0,0,0,0,0,0,STARVE ZERO
TPG 36 X 4 6H SIZE CONTROL,0,0,0,0,0,0,0,STARVE ZERO
"TPG 5/16"" X 24 UNF SIZE CONTROL",0,0,0,0,0,0,0,STARVE ZERO
"TPG 7/8"" X 14 UNF SIZE CONTROL",0,0,0,0,0,0,0,STARVE ZERO
"TPG 9/16"" X 18 UNF 3B TRUTHREAD",0,0,2,0,0,0,0,STARVE ZERO
TPG LH 8 X 1.25 6G SIZE CONTROL,0,0,0,0,0,0,0,STARVE ZERO
TPKN 2204 PDR TTMS,48,0,0,0,0,0,0,STARVE ZERO
TPKN 2204 PDTR YG602,48,0,10,0,0,0,0,STARVE CRITICAL
"TRG 1/4"" X 19 BSP GO+ NOGO SET SIZE CONTROL",0,0,0,0,0,0,0,STARVE ZERO
TRG 16 X 1.5 6H GO+ NOGO SET SIZE CONTROL,0,0,0,0,0,0,0,STARVE ZERO
TRG 18 X 2.5 6G GO+ NOGO SET SIZE CONTROL,0,0,0,0,0,0,0,STARVE ZERO
"TRG 3/4"" X 14 BSP NOGO SET SIZE CONTROL",0,0,0,0,0,0,0,STARVE ZERO
TRG 30 X 1.5 6H GO SIZE CONTROL,0,0,0,0,0,0,0,STARVE ZERO
TRG 36 X 4 6G GO+ NOGO SET SIZE CONTROL,0,0,0,0,0,0,0,STARVE ZERO
TRG 48 X 5 6G GO+ NOGO SET SIZE CONTROL,0,0,0,0,0,0,0,STARVE ZERO
TURRET SLEEVE DIA 40 TURNMAX,0,0,0,0,0,0,0,STARVE ZERO
UNIFIED DISC 100 X 12.5 X 16 P1 GNL,87,0,13,0,0,0,0,STARVE CRITICAL
UNIFIED DISC 100 X 12.5 X 16 P3 PX853 GNL,883,0,400,0,0,0,0,STARVE CRITICAL
UNIFIED DISC 100 X 12.5 X 16 P5 (BUD855) GNL,42,0,0,0,0,0,0,STARVE ZERO
UNIFIED DISC 100 X 12.5 X 16 P5 GNL,114,0,76,0,0,0,0,STARVE WATCH
V BELT A128 ENDURA,1,0,0,0,0,0,0,STARVE ZERO
V BELT B129 ENDURA,2,0,0,0,0,0,0,STARVE ZERO
V BELT C102 ENDURA,0,0,0,0,0,0,0,STARVE ZERO
V BELT FHP 2380 ENDURA,1,0,0,0,0,0,0,STARVE ZERO
V BLOCK 504B TOWER,0,0,0,0,0,0,0,STARVE ZERO
V BLOCK A-221 TOWER,0,0,0,0,0,0,0,STARVE ZERO
VCMW 160404 DA2200,1,0,0,0,0,0,0,STARVE ZERO
"VELCRO BACKUP PAD 5"" SUMAX",0,0,0,0,0,0,0,STARVE ZERO
"VELCRO DISK 5"" G120 DEERFOS",17,0,0,0,0,0,0,STARVE ZERO
"VELCRO DISK 5"" G80 DEERFOS",83,0,0,0,0,0,0,STARVE ZERO
"VELCRO DISK 6"" G120 SUMAX",67,0,0,0,0,0,0,STARVE ZERO
"VELCRO DISK 6"" G220",2,0,10,0,0,0,0,STARVE ZERO
"VELCRO DISK 6"" G220 DEERFOS",417,0,0,0,0,0,0,STARVE ZERO
"VELCRO DISK 6"" G60 Q216 GNL",31,0,1,0,0,0,0,STARVE CRITICAL
"VELCRO DISK 6"" G80 DEERFOS",633,0,500,0,0,0,0,STARVE WATCH
"VELCRO DISK 6"" G80 Q216 GNL",2,0,0,0,0,0,0,STARVE ZERO
"VERTICAL FLAP DISK 4"" G120 DURAKUT",1,0,0,0,0,0,0,STARVE ZERO
VNMG 160404 NSU T3000Z,117,0,0,0,0,0,0,STARVE ZERO
VNMG 160408 NLU T1500Z,22,0,0,0,0,0,0,STARVE ZERO
WASHER 5 X 12,"1,083",0,"5,000",0,0,0,0,STARVE ZERO
"WASHER 5/16""",25,0,0,0,0,0,0,STARVE ZERO
WATER PROOF PAPER NO - 120 GNL,17,0,15,0,0,0,0,STARVE WATCH
WATER PROOF PAPER NO- 220 CARBORUNDUM,67,0,0,0,0,0,0,STARVE ZERO
WD-40,10,0,0,0,0,0,0,STARVE ZERO
WD-40 (400ML) CONTACT CLEANER,2,0,2,0,0,0,0,STARVE WATCH
WDX 190 D3 S25,0,0,0,0,0,0,0,STARVE ZERO
WDXT 042004 G ACP300,50,0,60,0,0,0,0,STARVE WATCH
WDXT 063006 G ACP300,10,0,0,0,0,0,0,STARVE ZERO
WDXT 094008 G ACP300,3,0,0,0,0,0,0,STARVE ZERO
WELDING HOSE PIPE BLUE,5,0,2,0,0,0,0,STARVE CRITICAL
WEX 3025 EL CUTTER,0,0,0,0,0,0,0,STARVE ZERO
WEX 3050 F CUTTER,0,0,0,0,0,0,0,STARVE ZERO
WHITE GLASS,50,0,0,0,0,0,0,STARVE ZERO
WHITE GOGGLES,11,0,20,0,0,0,0,STARVE ZERO
WIRE STRIPPER & CUTTER 150- B,3,0,2,0,0,0,0,STARVE ZERO
WNMG 060408 NSU AC820P,20,0,0,0,0,0,0,STARVE ZERO
WNMG 080408 NGU AC820P,3,0,0,0,0,0,0,STARVE ZERO
WNMG 080408 NLUW AC700G,1,0,30,0,0,0,0,STARVE ZERO
WNMG 080408 NUX AC410 K,2,0,50,0,0,0,0,STARVE ZERO
"WOOD CUTTER 4"" XPERT RAPID (CPX440) GNL",1,0,0,0,0,0,0,STARVE ZERO
XRF 50 RS CUTTER,0,0,7,0,0,0,0,STARVE CRITICAL
"ZIRKON + DISC 5"" G60 GNL",33,0,0,0,0,0,0,STARVE ZERO
"ZIRKON DISC 4"" G36 CARBORUNDUM",50,0,0,0,0,0,0,STARVE ZERO
"ZIRKON DISC 7"" G36 CARBORUNDUM",67,0,50,0,0,0,0,STARVE WATCH